{"id": "01655ae6bc52e29c9cd100a7dde4e9eeae5e4031", "recommendations": ["TRGWEMB128F92C3BAB", "TRHEIIH128F9314FC8", "TRHOAVJ128F428B4D2", "TRXGIBZ128F427CE2B", "TREJTYD128F4261B09", "TRGACBD128F4284836", "TRRHULT128F4231A35", "TRMKRXO128F9339628", "TROLLDV128F4266643", "TRDTMRW128F9325CB1", "TRAXYGR128EF3456B5", "TRGVSRU12903CC8F00", "TRIWRMP12903CCDAC0", "TRVRIEM128F92EB8F6", "TRDAOOB128F932E752", "TRDUOSF128F92EF905", "TROSTGK128F92C3BB7", "TRNFIJZ12903CBA009", "TRFIMXE128F9302AE0", "TRWLVJO128F93266CD", "TRUYCVH128F92C2B1E", "TRZEBEC128F931C02D", "TRIMFGK128F42BAC92", "TRZALGW128F4296174", "TRVVOMR12903CD20E1", "TRNKXEL128F42987C8", "TRJZFIK128F1452266", "TRWFSRF12903CE12B6", "TRYYOWT128F42B6558", "TRWBTVW128F931E1BA", "TRYYVKZ128F93095B3", "TREKBQV128F931DFD5", "TRVAERJ128E07889CC", "TRNZOOI128F425D68F", "TRISCAT12903CFDBD0", "TRLATHU128F92FC275", "TRKNKEF128F425FD6A", "TRWFJOB128F4298317", "TRENTGL128E0780C8E", "TRXVRJG128E0789081", "TRFKXKB128F425AD8C", "TRMIKES128F92FFBF4", "TRSRHBC128F425F1A8", "TRTBICJ128F4293C13", "TRGRTGW12903CD479A", "TRWAVRT128E078907D", "TRGRCFQ128F146DE19", "TRRYLYK128F92F89F6", "TRVXCWD128F42606B3", "TRTZMTH12903C9DA53"], "metrics": {"P": 26, "TP": 5, "precision": 0.1, "recall": 0.19230769230769232, "f1": 0.13157894736842105, "average precision": 0.576923076923077, "reciprocal rank": 0.1111111111111111}}