{"id": "10e1c96eeaf82f3076fe31bed9a67bb733ef9ff5", "recommendations": ["TRDADBO128C7196C2E", "TRBLXFZ128F42AA792", "TRWJZEG12903D0820E", "TRDCPMV128F424350F", "TRQIPME12903CFDBB6", "TRXSWJL128F427EEFA", "TRLZFMO128F4281C89", "TRSUPCO128F42925B2", "TRQLRYB128E079506A", "TRHDTUG128F92E8058", "TRTMQXU128F14895BA", "TRDXLKN12903CE824C", "TRKEKRC128F424383C", "TRMFVSX128F4243851", "TRTNBSL128F931C0D5", "TRJFFJI128F92E71E9", "TRAGOTA128F92F92C2", "TRYZAMO128E079125F", "TRQXRRH128F1477261", "TRWDPTD12903D018B5", "TRNUGUX128F425B7DB", "TRJCVFN128E078DF63", "TRBPDFQ128F42ADE3D", "TRLVLJA128F426430A", "TRPNMAY128F424E451", "TRBHYJH12903CEA8AC", "TRQRBOM128F425D556", "TRLDIGW128F93269F8", "TRPWPVI128F92EB7B9", "TRSLMMM128F930490F", "TRYRFSW128F930490B", "TROOSTO128F428B6F2", "TRZFEOG128E078ECBE", "TRDFGDH128F424BDD3", "TRVAIVL128F93278E7", "TRQLZQH128E0792691", "TRGWMVP128F42B53DE", "TRAMQXC128F14A2378", "TRCTYHN128F92FE2D2", "TRWVWVW128F92FA058", "TRBMLFZ128F1475785", "TRURAHF128F426A3C4", "TRKRJTO128F934259F", "TRCQYJE128E078FA49", "TRJIBDX128F4299E1E", "TRWAVGB128F42AF421", "TRDNYWA128F42813F3", "TRGLEON12903D001F1", "TROFZQO128F4299E21", "TRMWSLW12903CEDD9D"], "metrics": {"P": 14, "TP": 3, "precision": 0.06, "recall": 0.21428571428571427, "f1": 0.09375, "average precision": 0.42857142857142855, "reciprocal rank": 0.25}}