{"id": "12497e138741a0b94bb36a14bef32c9d0ee20fec", "recommendations": ["TRNURLL128F146CA5F", "TRZSQUD12903CD0378", "TRYCNEZ128F427B8D4", "TRGCHGO128F930A87E", "TRVSVBH128F14789CD", "TRSMTAP12903CDA490", "TRVAGQR128E0792479", "TRKYGZA128F42365DC", "TRXKDUR128F4265A59", "TRQVORC128E07913D5", "TRJRDDL128F147CBE8", "TRXFKGZ12903CEE34B", "TRXGIBZ128F427CE2B", "TREJTYD128F4261B09", "TRQGTYQ128F92CDDE4", "TRXSWJL128F427EEFA", "TRFKXKB128F425AD8C", "TRQLRYB128E079506A", "TRHDTUG128F92E8058", "TRIEALJ12903CE0E9B", "TRUBXBZ128F146D63D", "TRTNBSL128F931C0D5", "TRAGOTA128F92F92C2", "TRYZAMO128E079125F", "TRQXRRH128F1477261", "TRZDYGB128F9310C23", "TRUZVUE128F42415EE", "TRPKRXW128F426257C", "TRMHHPP128E0785853", "TRLZYNB128F930A779", "TRJDBTK128F428A4B3", "TRQFTEQ128F14B12BC", "TRCFOSH128E07938D5", "TRDBFQM128E079298B", "TRDWEAT128F149242F", "TRZMYKW128F429F880", "TROQAXL128F429F87F", "TRLIHKL128F92F5E79", "TRSVMZM128F93592F5", "TRVDIEE128E0783217", "TRDDHZS128E07893AB", "TROSTGK128F92C3BB7", "TRXGWZE128F429DB94", "TRVLXHK128F934B2F4", "TRTUSWY128F4238D8C", "TRXWTFJ128F1472058", "TRLDIGW128F93269F8", "TRPWPVI128F92EB7B9", "TRDSEJJ128F42947D5", "TRSLMMM128F930490F"], "metrics": {"P": 19, "TP": 2, "precision": 0.04, "recall": 0.10526315789473684, "f1": 0.057971014492753624, "average precision": 0.15789473684210525, "reciprocal rank": 0.125}}