{"id": "16cd9a19b5a433919b3cf86073670369e8d2e4f8", "recommendations": ["TRUDCDN128F92C5A7E", "TRPZATX128F930A220", "TRRWGXO12903CA8481", "TRKWXAG128EF340672", "TRTCMYC128EF340675", "TRXGWZE128F429DB94", "TRJKZTC128F14676A9", "TRIQYYW128F4287A0D", "TRZLLNG128F9326FFC", "TRZJRJZ128F149BC3D", "TRNBFRU128F93269F5", "TRYWDCP128E0784BAB", "TRCQYJE128E078FA49", "TRKKSRH128F426473F", "TRIRLYL128F42539D1", "TRKUSXZ128F4277AF3", "TRUTULC128F4293712", "TRYHWLD128F426BF7D", "TREJOUZ128F4278FCE", "TRUAFFD128F4277048", "TRTYOCV128F4296173", "TRPJMKA128F4284E71", "TREJGVP128EF3436BE", "TRWIFBN128F9308699", "TRXSWJL128F427EEFA", "TRDJQCZ128F423D135", "TRFWGOJ128E0780C8B", "TRUOJJS128F145C256", "TRYVQMB128F42769C4", "TRQLRYB128E079506A", "TRHDTUG128F92E8058", "TRUGYZP128F148EF4C", "TRJYPJY12903D12569", "TRJJFDF128F934AB3E", "TRYNMOX128F1497D91", "TRDXLKN12903CE824C", "TRRCXOZ128F92D25F7", "TRMFVSX128F4243851", "TRFLNKX128F9339775", "TRQBHMA12903CE44F9", "TRZQLBK128F4279304", "TRTNBSL128F931C0D5", "TRUWYFM128F423F000", "TRCXFCK128F931EAF9", "TRFUAJM12903CB5042", "TRCOOYB128E078ED95", "TRJSZZG128F931B3DD", "TRUOUFY128F933900C", "TRWIVLD12903CA9D35", "TRWXJOD128F92E58BD"], "metrics": {"P": 15, "TP": 3, "precision": 0.06, "recall": 0.2, "f1": 0.09230769230769231, "average precision": 0.4, "reciprocal rank": 0.08333333333333333}}