{"id": "17aa9f6dbdf753831da8f38c71b66b64373de613", "recommendations": ["TRAZORC128F426C323", "TRHDTUG128F92E8058", "TRIVOHH128F4234BC2", "TROLLDV128F4266643", "TRDTMRW128F9325CB1", "TRSMIXL128F42A52E2", "TRMCURM128F92E383C", "TRWXJOD128F92E58BD", "TRQXKXL128F426E03E", "TRAMXGR128E07822CC", "TRDVRIY128F424CDD0", "TRDAOOB128F932E752", "TRTCMYC128EF340675", "TRXYLKX128F148988C", "TRJAWUY128E078DFB5", "TRIMFGK128F42BAC92", "TRPOBNN12903CFCDFB", "TRDYULZ128F932BB19", "TRLSBGG128F42B7E15", "TRFDWUS128F427EEFE", "TRWBTVW128F931E1BA", "TRPLZBW128F14A561E", "TRYRZRK128F4228CD0", "TREJOUZ128F4278FCE", "TRHNJTW128E0784786", "TRVCFUI128F92E1D42", "TRISCAT12903CFDBD0", "TRMAZHI12903D0E5C8", "TRLATHU128F92FC275", "TREJTYD128F4261B09", "TRENTGL128E0780C8E", "TRXSWJL128F427EEFA", "TRYGTSD128F4281B32", "TRSYLIP128F92F0244", "TRGMWUO128F42902B4", "TRIMONT128F427563E", "TRBNZPP128F428E6F9", "TRUVNIJ128F92FD67D", "TRXFWYF128F1491D07", "TRLGQLW128EF3453BA", "TRJQAEN128F92E0589", "TRGBABW128F42928D1", "TRSJIJK128E07823A3", "TRAPJFL128F42AA7B4", "TRRGTXK128F92F991B", "TRNCZUO128F427C2A0", "TRZQLBK128F4279304", "TRRGMPU128F42B8BF6", "TRMXLMR128F425B9B1", "TROEVBD128F92DC10D"], "metrics": {"P": 26, "TP": 2, "precision": 0.04, "recall": 0.07692307692307693, "f1": 0.052631578947368425, "average precision": 0.11538461538461539, "reciprocal rank": 0.037037037037037035}}