{"id": "18dc95f354220b343e98ebbb7c8564291284ed9f", "recommendations": ["TRZJNOD128F4264131", "TRYCNEZ128F427B8D4", "TRXQYVP128F4216A0A", "TRILGUV128F428A4C5", "TRGCHGO128F930A87E", "TRLZYNB128F930A779", "TRVSVBH128F14789CD", "TRLCQJQ128F14A46BA", "TRZNBQK128F9316A8D", "TRDBFQM128E079298B", "TRYXYZU128E0792987", "TRWVMXK128E0784C82", "TRSMTAP12903CDA490", "TRGEUXA128E07842A7", "TRJXBKU128E07842AA", "TRRRBQI128F146ABDE", "TRPUBDM128F42B614D", "TRVAGQR128E0792479", "TRIZLKJ128F149564C", "TRVLXHK128F934B2F4", "TRKYGZA128F42365DC", "TRIJOVX128F931B47F", "TRBTLYG128F428AE16", "TRJQLLH128F4217810", "TRRLQFB128E0792F78", "TRXKDUR128F4265A59", "TRSQBCK12903D080B2", "TRQVORC128E07913D5", "TRLNBPN128F92F6FCC", "TRCQLYE128F428BEB9", "TRGELVY128F4283621", "TRJRDDL128F147CBE8", "TRXFKGZ12903CEE34B", "TRJCNOT128F92F992E", "TROIQMT128E0792994", "TRMVHHY128F935046D", "TRIVSTV12903CAE6BE", "TRCOBNP128F42BA577", "TRJCSLS128F1470ACF", "TRUZLOH128F146D76A", "TRMPCGW128F92E0670", "TRQGTYQ128F92CDDE4", "TRFWGOJ128E0780C8B", "TRSSAGS128F92E697A", "TRTHGPK128F147DF90", "TRCIOVJ128F429EB51", "TRKHARN128F146DA7A", "TRDLDIO128F93115F1", "TRDEZCI12903C9A6AD", "TRRNFHH128F92D262D"], "metrics": {"P": 45, "TP": 13, "precision": 0.26, "recall": 0.28888888888888886, "f1": 0.27368421052631575, "average precision": 2.022222222222222, "reciprocal rank": 1.0}}