{"id": "2475b003df9c084c1488b2e63666e8cc87112180", "recommendations": ["TRXQYVP128F4216A0A", "TRWVHDC12903CDBF1E", "TRLVTYG128F145F98C", "TROIXIC128F427B6F6", "TRQGTYQ128F92CDDE4", "TRYCNEZ128F427B8D4", "TRZDYGB128F9310C23", "TRGCHGO128F930A87E", "TRVSVBH128F14789CD", "TRLCQJQ128F14A46BA", "TRZNBQK128F9316A8D", "TRYXYZU128E0792987", "TRWVMXK128E0784C82", "TRXGWMG128E0792991", "TRZMYKW128F429F880", "TRSMTAP12903CDA490", "TRIGDCW128E078F0F4", "TRPUBDM128F42B614D", "TRVAGQR128E0792479", "TRBIQPU128F429034F", "TRVLXHK128F934B2F4", "TRKYGZA128F42365DC", "TRDSEJJ128F42947D5", "TROVWRV128F14B12C7", "TRXKDUR128F4265A59", "TRDRSKI128F9313031", "TRGLEPF128F93379E9", "TRJHALL128F92C48B6", "TRKQRVO128F92D630B", "TRQVORC128E07913D5", "TRLNBPN128F92F6FCC", "TRKCOAU128E07853F3", "TRZVXWG128F9366EAC", "TRVJGDX128F42645CA", "TRGELVY128F4283621", "TRXAGOY128F147CC75", "TRJRDDL128F147CBE8", "TRXFKGZ12903CEE34B", "TRWJDTI128F424EAD6", "TRFBHLO128F92DE722", "TRBBANX128F429EA35", "TROIQMT128E0792994", "TRXXXOO128F92F51FB", "TRMVHHY128F935046D", "TRMWSLW12903CEDD9D", "TRLKDSX128E0781C69", "TRCMZXE128F92E232A", "TRIVSTV12903CAE6BE", "TRKXYWE128F4286516", "TRMKSEG128F92D3C5C"], "metrics": {"P": 23, "TP": 1, "precision": 0.02, "recall": 0.043478260869565216, "f1": 0.0273972602739726, "average precision": 0.043478260869565216, "reciprocal rank": 0.16666666666666666}}