{"id": "25918b59c1b7ff80dff2e7ca5fd88912193b0503", "recommendations": ["TRRYLYK128F92F89F6", "TRHKCQC128F9311B27", "TRYCIZS128E0786379", "TRCVVIE128F93131C7", "TRWCVOF128F42480E6", "TRGVSRU12903CC8F00", "TRBCJUF128F93190C2", "TRDUOSF128F92EF905", "TRQXEEW128F4265A84", "TRPMCDL128F147F5C0", "TRKJAEZ128F146E049", "TRXHYNW128E078EDF9", "TRKODWS128F9324F0D", "TRNZVBG128F930962E", "TRGXKTQ128F933C847", "TRJLQKV128F147A89A", "TRTLSEQ128F4284E62", "TRKHLLG128EF3437B3", "TROIDDH128E0786BC1", "TRNBFRU128F93269F5", "TRZBJBL128F92D9B53", "TRAARZK12903D14A2D", "TRARBMS128F42775F8", "TRRTVCE128F93112E6", "TRVPAII128F42435A8", "TRHNJTW128E0784786", "TRHOAVJ128F428B4D2", "TRVNRMG128F1470ACE", "TRNZOOI128F425D68F", "TRQWDNH128F93173BE", "TRKNKEF128F425FD6A", "TRFKXKB128F425AD8C", "TREYOMU128F149F9B1", "TRTBICJ128F4293C13", "TRWZWWZ12903CA22D9", "TRGRTGW12903CD479A", "TRDJQCZ128F423D135", "TRMCMYP128F145BC3D", "TRZYWCD128F425C7FD", "TROATCD128F4247F59", "TRRHULT128F4231A35", "TRODQGV128F425FD7E", "TRJSQQT128F149F9B4", "TRFXNFG128F423F5CF", "TRDRMOW12903CDB1AF", "TRRNVYI128F931B0BA", "TRFWSKZ128F4294C6A", "TRJOMGO12903CC6812", "TRLBBLG128F933C0E1", "TRDLDIO128F93115F1"], "metrics": {"P": 19, "TP": 1, "precision": 0.02, "recall": 0.05263157894736842, "f1": 0.028985507246376812, "average precision": 0.05263157894736842, "reciprocal rank": 0.043478260869565216}}