{"id": "2aa991d816553f172338ba4834193aba92abb4c3", "recommendations": ["TRXYLKX128F148988C", "TRJMHJZ128F4290063", "TRWIFBN128F9308699", "TRXJRSJ128F9330D11", "TRDUKQW128F427BDBB", "TRLEONG128E0788640", "TRBIQPU128F429034F", "TRGBGVQ128F92CEAA2", "TRHUACP128F9330D0C", "TRMTMSW128F42745C9", "TRVYYDA128F93501B9", "TRWMZOQ12903CC16CB", "TRIRZLL128F4292437", "TRHBPMP128F1488D35", "TRDYULZ128F932BB19", "TRLFCIT128F429F792", "TRXVUTW128F1462DF0", "TRYRZRK128F4228CD0", "TRMKSEG128F92D3C5C", "TRYHWLD128F426BF7D", "TRXSWJL128F427EEFA", "TRGSPUQ128E0780DA5", "TRSJBLT128F429EA02", "TRGUOYN128F428E3F1", "TRDOIUT128F92E494D", "TRGTIIJ128F424DA28", "TRHZJBP128F92C3BC0", "TRHDTUG128F92E8058", "TRDLDIO128F93115F1", "TRRHVIC128F92F9908", "TRTMQXU128F14895BA", "TRDXLKN12903CE824C", "TRHUNZT128C719654E", "TREOURX128F145E2C8", "TRYZAMO128E079125F", "TRJYEEB128E07993C2", "TRDVRIY128F424CDD0", "TROIYSD128F423EFFB", "TRWRHLJ128F93489C4", "TRFHIWV128F92F587F", "TRLVLJA128F426430A", "TROXSKI128EF34C057", "TRTCMYC128EF340675", "TRWSLFM128F429DBA2", "TRVWQEV128F932799A", "TRJKZTC128F14676A9", "TRBHYJH12903CEA8AC", "TRCIZPC12903CA480F", "TRLDIGW128F93269F8", "TRIGYDL12903D05328"], "metrics": {"P": 21, "TP": 5, "precision": 0.1, "recall": 0.23809523809523808, "f1": 0.1408450704225352, "average precision": 0.7142857142857142, "reciprocal rank": 1.0}}