{"id": "2e37aa820994c7e8465721a6a6ee78f48fc4df7a", "recommendations": ["TRLZYNB128F930A779", "TRDBFQM128E079298B", "TRJQLLH128F4217810", "TRCQLYE128F428BEB9", "TRCOBNP128F42BA577", "TRZJNOD128F4264131", "TRJJFDF128F934AB3E", "TRYCNEZ128F427B8D4", "TRPKRXW128F426257C", "TRILGUV128F428A4C5", "TRGCHGO128F930A87E", "TRMHHPP128E0785853", "TRODUJY128F428A4A1", "TRVSVBH128F14789CD", "TRLCQJQ128F14A46BA", "TRYXYZU128E0792987", "TRDWEAT128F149242F", "TRWVMXK128E0784C82", "TRZMYKW128F429F880", "TRSMTAP12903CDA490", "TRGEUXA128E07842A7", "TROQAXL128F429F87F", "TRLIHKL128F92F5E79", "TRRRBQI128F146ABDE", "TRPUBDM128F42B614D", "TRVAGQR128E0792479", "TRVDIEE128E0783217", "TRVLXHK128F934B2F4", "TRKYGZA128F42365DC", "TRBTLYG128F428AE16", "TRPFBQH128F92E7CD5", "TRXKDUR128F4265A59", "TRIHZJH128F4262F4A", "TRSQBCK12903D080B2", "TRDBQXT128F4289423", "TRZALGW128F4296174", "TRQVORC128E07913D5", "TRLNBPN128F92F6FCC", "TRNIIFM128E078E1CD", "TRWKVRK128F9345DAC", "TRQHEPS128F42933EF", "TRQQEOG128F92FA05A", "TRGELVY128F4283621", "TRJRDDL128F147CBE8", "TRXFKGZ12903CEE34B", "TRJCNOT128F92F992E", "TRZQWLN128F426235E", "TRFBHLO128F92DE722", "TROIQMT128E0792994", "TRVQXJW128F93432EB"], "metrics": {"P": 18, "TP": 3, "precision": 0.06, "recall": 0.16666666666666666, "f1": 0.08823529411764705, "average precision": 0.3333333333333333, "reciprocal rank": 0.3333333333333333}}