{"id": "3187e658fd71be99d68d96f3a61a436c8a607365", "recommendations": ["TRILGUV128F428A4C5", "TRGEUXA128E07842A7", "TRBTLYG128F428AE16", "TRSQBCK12903D080B2", "TRJCNOT128F92F992E", "TRLUAWR128F4230F26", "TRCOBNP128F42BA577", "TRUZLOH128F146D76A", "TRSSAGS128F92E697A", "TRZJNOD128F4264131", "TRJJFDF128F934AB3E", "TRLZYNB128F930A779", "TRLCQJQ128F14A46BA", "TRZNBQK128F9316A8D", "TRDBFQM128E079298B", "TRZVPZQ128E078F0E3", "TRYXYZU128E0792987", "TRLCSDN128F426BD3D", "TRWVMXK128E0784C82", "TRXGWMG128E0792991", "TRJQLAF128F1492428", "TRJXBKU128E07842AA", "TRLIHKL128F92F5E79", "TRRRBQI128F146ABDE", "TRPUBDM128F42B614D", "TRIZLKJ128F149564C", "TRSUIQR128F427E25E", "TRVLXHK128F934B2F4", "TRKJTUV128F932BB1D", "TRXYLKX128F148988C", "TRXDYUE128F429FC3F", "TRKCILR128F92E7CEF", "TRJQLLH128F4217810", "TRPFBQH128F92E7CD5", "TRRRVNT128E079326C", "TRVBDGB128F42A75AA", "TRDBQXT128F4289423", "TRLNBPN128F92F6FCC", "TRBBFSS12903D061AF", "TRFDWTF128F42739A0", "TRCQLYE128F428BEB9", "TRGTCHK128F42870F8", "TRGELVY128F4283621", "TRLFCIT128F429F792", "TRANIJQ128F4298A10", "TRTEPKY128F4260B04", "TRLBKMN12903CD4C0B", "TRRUXTC12903CE8963", "TROIQMT128E0792994", "TRVQCVF128F9342F6F"], "metrics": {"P": 16, "TP": 1, "precision": 0.02, "recall": 0.0625, "f1": 0.030303030303030304, "average precision": 0.0625, "reciprocal rank": 0.03571428571428571}}