{"id": "37a8e0d8e4fc8cc03be56671e063af20237d6019", "recommendations": ["TROZGWG12903CE6C5B", "TROVEVL128F932A447", "TRCDAIU128F92C77DF", "TRDJIPJ128F9321317", "TRSPMVO128F933D7F5", "TREYOJA128F4299262", "TRUHUNN128F92E58B5", "TRAIYDL128E0791583", "TRUYIOW12903CD6F99", "TRNDTAS128F148D716", "TRASQGR128F14557AA", "TRLJEFP12903CA71FB", "TRBYSQD128F424D87E", "TRFTIBW128F1479218", "TRKHBQZ128F4272F89", "TRGJWDV128E078EF07", "TRAFLIC128F423B939", "TRFWGOJ128E0780C8B", "TRXIKKD128F1497960", "TRZKJFH128E0793EAC", "TRUGYZP128F148EF4C", "TRKHARN128F146DA7A", "TRDEZCI12903C9A6AD", "TRRNFHH128F92D262D", "TRNRJUN128F42AE2BC", "TRYNMOX128F1497D91", "TRWHTGG128F1457193", "TRYCNEZ128F427B8D4", "TRDRBUL128F4264A97", "TRMXLMR128F425B9B1", "TRDQWDZ128F933BBBF", "TRQRACN12903C9CE1D", "TRNNNLZ128F933BBBD", "TRDVUST128F4280D13", "TRJSZZG128F931B3DD", "TRHHMYG128F42988C8", "TRJYEEB128E07993C2", "TRFWPIX128F423BEDA", "TRTOSOP128F14AE2D0", "TRZDYGB128F9310C23", "TROVKCT128F932F7E5", "TRNEWWX128F9336A1F", "TRGCHGO128F930A87E", "TRHTQDK128F4294A1C", "TRVGJLN128F9301089", "TRHQKZL128E0781A2C", "TRIDBZZ128F14595BC", "TRVSVBH128F14789CD", "TRSMTAP12903CDA490", "TRICDNN128F92F5E85"], "metrics": {"P": 14, "TP": 2, "precision": 0.04, "recall": 0.14285714285714285, "f1": 0.0625, "average precision": 0.21428571428571427, "reciprocal rank": 0.3333333333333333}}