{"id": "38b3d1771dfbd0d8e2391ad3749f0bd93643210b", "recommendations": ["TRYHWLD128F426BF7D", "TRIVOHH128F4234BC2", "TRQXKXL128F426E03E", "TRWSLFM128F429DBA2", "TRRQYZN128F426D0AD", "TRYWDCP128E0784BAB", "TRDNYWA128F42813F3", "TRLIYFS128F148855B", "TRHQPDN12903CEA4B1", "TRODUVI128F4266AAD", "TRKUSXZ128F4277AF3", "TRWIFBN128F9308699", "TRGUOYN128F428E3F1", "TRGTIIJ128F424DA28", "TRQLRYB128E079506A", "TRNRJUN128F42AE2BC", "TRVWFPD128F423BCE2", "TRTNBSL128F931C0D5", "TRCXFCK128F931EAF9", "TRYZAMO128E079125F", "TRQXRRH128F1477261", "TRISILF128F92F029E", "TRECQND128F9323DE3", "TRHDCQY128F423BEDF", "TRHTQDK128F4294A1C", "TRIYXMY128F9339B9F", "TRVTOKP128F42AEB2D", "TRBHYJH12903CEA8AC", "TRRQKRU128F42634C7", "TRIGYDL12903D05328", "TRSLMMM128F930490F", "TRVYNEC128F92DCCDD", "TRJQRAP128F9314B3F", "TRZHZZJ128E079307F", "TRNYARJ128F147F918", "TRGLEPF128F93379E9", "TRNDTAS128F148D716", "TRXGLTV128F423C069", "TRLJEFP12903CA71FB", "TRILXCN128F92F41C6", "TRGWMVP128F42B53DE", "TRALEYR128F932F38D", "TRJBRBR128F1493455", "TRAMQXC128F14A2378", "TROMXUF128EF35EE85", "TROJORG128F1488D3A", "TRHBPMP128F1488D35", "TRXAHJR128F148E0E2", "TRYHLWO128F42BC675", "TRLDYHH128F42482B4"], "metrics": {"P": 18, "TP": 2, "precision": 0.04, "recall": 0.1111111111111111, "f1": 0.058823529411764705, "average precision": 0.16666666666666666, "reciprocal rank": 0.023809523809523808}}