{"id": "390c2e81bc9cf885608a0891c0a7eb13f1fd3336", "recommendations": ["TRENTGL128E0780C8E", "TRGMWUO128F42902B4", "TRHKCQC128F9311B27", "TRCVVIE128F93131C7", "TROLLDV128F4266643", "TRWCVOF128F42480E6", "TRGXWSQ128F9319F0F", "TRIANNP128F4229392", "TRKHLLG128EF3437B3", "TRNZOOI128F425D68F", "TRMAZHI12903D0E5C8", "TRLATHU128F92FC275", "TREJTYD128F4261B09", "TRFKXKB128F425AD8C", "TREYOMU128F149F9B1", "TRTBICJ128F4293C13", "TROGOPM128F4231A3E", "TRWZWWZ12903CA22D9", "TRSYLIP128F92F0244", "TRZYWCD128F425C7FD", "TROATCD128F4247F59", "TRIMONT128F427563E", "TRJSQQT128F149F9B4", "TRJQAEN128F92E0589", "TRLBBLG128F933C0E1", "TRAPJFL128F42AA7B4", "TRIEALJ12903CE0E9B", "TRBGCCF128F1492C86", "TRIOXQM128E0783776", "TRRGMPU128F42B8BF6", "TRDTMRW128F9325CB1", "TRQVSRM128F4247F61", "TRGVSRU12903CC8F00", "TRFMSLA128F92F99F3", "TRSMIXL128F42A52E2", "TRMCURM128F92E383C", "TRNBANL128F423ECE6", "TRTPHVB128F426E044", "TRAMXGR128E07822CC", "TRVRIEM128F92EB8F6", "TRJFKID128F92F2377", "TRRSWEO128F429312A", "TRDAOOB128F932E752", "TRQCSKC128F92ED013", "TRPMCDL128F147F5C0", "TRADZXK128F429DB92", "TRQIMLL128F42A04F4", "TRTWTQH12903CEA899", "TRBMNAU128F42B58E9", "TRHXTGC128F428B6D7"], "metrics": {"P": 13, "TP": 2, "precision": 0.04, "recall": 0.15384615384615385, "f1": 0.0634920634920635, "average precision": 0.23076923076923078, "reciprocal rank": 1.0}}