{"id": "3cffdcdc03294b3712ad65df7d9701a655b4b735", "recommendations": ["TRHMTMJ128EF3437B6", "TRWBTVW128F931E1BA", "TRNZOOI128F425D68F", "TREKYBL128F146DE24", "TRWZWWZ12903CA22D9", "TRGACBD128F4284836", "TRRYLYK128F92F89F6", "TRHKCQC128F9311B27", "TRGCHLH12903CB7352", "TRCVVIE128F93131C7", "TRZJDSP128F92DD42D", "TRDJIPJ128F9321317", "TROLLDV128F4266643", "TRDTMRW128F9325CB1", "TRWCVOF128F42480E6", "TRVJSSU128F92E7BE4", "TRFMSLA128F92F99F3", "TRJFKID128F92F2377", "TRJDKLG128E0792558", "TRJDBTK128F428A4B3", "TRDAOOB128F932E752", "TRVGJLN128F9301089", "TRGWEMB128F92C3BAB", "TRNXTBZ128F92E4EE6", "TRERMWV128F92F991F", "TRDSEJJ128F42947D5", "TREEZYR128F92E7CF5", "TRUJZGS128F428B0A5", "TRSAEFL128E078B035", "TRKODWS128F9324F0D", "TRDRSKI128F9313031", "TRKJMNS128F423EEA2", "TRXGLTV128F423C069", "TRFNWPG128F92FFA2A", "TRNJLAS128F423CC6A", "TRIMFGK128F42BAC92", "TRRBIDE128F92DC547", "TRBHGYV128F14617D9", "TRHSYHH12903CB08ED", "TRKHLLG128EF3437B3", "TRRPRXH128F423F02F", "TRDGGGO12903CFE37C", "TRGLIPW128F92DE72B", "TRSEBCD128F4289D57", "TRLDYHH128F42482B4", "TRWFSRF12903CE12B6", "TRBBANX128F429EA35", "TRBPRBN128F425A0A4", "TRDFVAD128F426B366", "TRDZBOU128F92E43E3"], "metrics": {"P": 12, "TP": 2, "precision": 0.04, "recall": 0.16666666666666666, "f1": 0.06451612903225806, "average precision": 0.25, "reciprocal rank": 0.2}}