{"id": "3f9a8180776f260cd5bd933e6c49085c687856a2", "recommendations": ["TRLDYHH128F42482B4", "TRJIESC12903CEB097", "TRPONOG128F4275608", "TRHDTUG128F92E8058", "TRRHVIC128F92F9908", "TRIZULQ128F932E773", "TRORKFK12903CA2760", "TRWXJOD128F92E58BD", "TRCYFKM128F932C2DA", "TRTCMYC128EF340675", "TRWEEEI128F92F9919", "TRLUVSD128E07984A0", "TROYZUQ128F930F4B1", "TRXGLTV128F423C069", "TRNJLAS128F423CC6A", "TRWCYMB12903D009F3", "TRUBOJX128F425B710", "TROVHGG128F93181C9", "TRWHCZK128F931822E", "TRXYBBI128F9318209", "TRVYYDA128F93501B9", "TRIWZQE12903CB33F4", "TRYIOWV128F92DE2D1", "TRFSHMA128F429867E", "TRDUALP128F42380B9", "TRLHHWD12903CDB311", "TRTPSRD12903CF78F1", "TRAQHNX128E07822A7", "TRKUSXZ128F4277AF3", "TRJMHJZ128F4290063", "TRLVPVM128F9324F10", "TRLATHU128F92FC275", "TREJTYD128F4261B09", "TRENTGL128E0780C8E", "TRNPFZV128F4275637", "TRXSWJL128F427EEFA", "TRDJQCZ128F423D135", "TRGMWUO128F42902B4", "TRKSEEY12903CCD312", "TRIYARK128F4231A32", "TRBNZPP128F428E6F9", "TRSSAAP128F14979B6", "TRRAAFE128E0785C5D", "TRSJBLT128F429EA02", "TRPCCDQ128F931EB27", "TRHZJBP128F92C3BC0", "TREBUCN128F92D2CAC", "TRBQWUB128F42597B1", "TRBGCCF128F1492C86", "TRYNMOX128F1497D91"], "metrics": {"P": 12, "TP": 4, "precision": 0.08, "recall": 0.3333333333333333, "f1": 0.12903225806451613, "average precision": 0.8333333333333333, "reciprocal rank": 0.05555555555555555}}