{"id": "3fd3acaa8dfeb94b0602a33085b44ebe80545dd2", "recommendations": ["TRKNVRW128F9309A57", "TRWWJOQ128F147395F", "TRIIPXR12903CDBF1A", "TRDWBCU128F426C536", "TRVENIG128F42762C5", "TRNDWLI128EF340671", "TRWKXAR128F4285080", "TRRHHJQ128F42A5707", "TRCIOFB128F9321D3E", "TRHCOPF128F145F6A7", "TRLNSAU128F14A67FC", "TRWWOLZ128F427D87D", "TRDZBOU128F92E43E3", "TRIRLYL128F42539D1", "TRZTHKS128F92EC098", "TRVCFUI128F92E1D42", "TRLDYLL128F42555DD", "TROPMEE128F4247FCB", "TRSUPCO128F42925B2", "TRTGBTJ128E0793EB2", "TRZBDJG128F42727D2", "TRUGYZP128F148EF4C", "TRKHARN128F146DA7A", "TRDEZCI12903C9A6AD", "TRRNFHH128F92D262D", "TRJREQL128F92EF09A", "TRWJYOT128F935572B", "TRMFVSX128F4243851", "TRWHTGG128F1457193", "TRMXLMR128F425B9B1", "TRQRACN12903C9CE1D", "TRXCYYG128F145220B", "TRTGUWJ128F146EC54", "TRCRJHK128F423DBC9", "TRMVEUX128F423ECE9", "TRWDPTD12903D018B5", "TRBWBYD128E078E2E6", "TRKYMJP128F92F2776", "TRRMVBR128F92F64BA", "TRMLFIC128F4228CFD", "TRHVOJT128F92C4A3D", "TRSCUBC128E0782224", "TROKQVH128F148D1C3", "TRIDBZZ128F14595BC", "TRVABTY128E07860FB", "TRULNMQ128F92E1FDA", "TRDWEAT128F149242F", "TRZVEHE128F92F3A75", "TRLIHKL128F92F5E79", "TRSVMZM128F93592F5"], "metrics": {"P": 18, "TP": 2, "precision": 0.04, "recall": 0.1111111111111111, "f1": 0.058823529411764705, "average precision": 0.16666666666666666, "reciprocal rank": 0.3333333333333333}}