{"id": "484b69dd013df1ec0cfd504886d4f647cb32b08f", "recommendations": ["TRPONOG128F4275608", "TREBUCN128F92D2CAC", "TRDEZCI12903C9A6AD", "TRDXLKN12903CE824C", "TRMXLMR128F425B9B1", "TRQRACN12903C9CE1D", "TRZDYGB128F9310C23", "TROVWRV128F14B12C7", "TRURFKD128F9331D5D", "TRDYUQO128F4275193", "TRNCNUI128F92E972F", "TRSJTDA128F92F9584", "TRNBFRU128F93269F5", "TRNZIOV128F42ACE89", "TRLVPVM128F9324F10", "TRLATHU128F92FC275", "TRENTGL128E0780C8E", "TRLIZMW128F42858B7", "TRDYMST12903CCD314", "TRLBBTE128F42858C1", "TRIAGDA128F4296176", "TRGMWUO128F42902B4", "TRTQDGL128E0780C94", "TRBNZPP128F428E6F9", "TRHZJBP128F92C3BC0", "TRKNVRW128F9309A57", "TRBGCCF128F1492C86", "TRIZULQ128F932E773", "TRYCNEZ128F427B8D4", "TRZQLBK128F4279304", "TRMWPNK128F93471E5", "TRGXWSQ128F9319F0F", "TRFHJOI128EF34BFAF", "TRUDCDN128F92C5A7E", "TRUWYFM128F423F000", "TRCXFCK128F931EAF9", "TRPZATX128F930A220", "TRJSEXD128F423DBC4", "TRMCURM128F92E383C", "TRFCWVP12903CDBF19", "TRIIWCM12903CFE30D", "TRMVEUX128F423ECE9", "TRTRPCL128F9310BA8", "TRYGCJM128E07813B3", "TRDAEMU128F92C5A76", "TROIYSD128F423EFFB", "TRGCHGO128F930A87E", "TRJDBTK128F428A4B3", "TRRSWEO128F429312A", "TRHHOOK128F42632FB"], "metrics": {"P": 19, "TP": 2, "precision": 0.04, "recall": 0.10526315789473684, "f1": 0.057971014492753624, "average precision": 0.15789473684210525, "reciprocal rank": 0.25}}