{"id": "4c6e2b39891084e55a670676aecc582a7ad5eee4", "recommendations": ["TRBHQUM128F9309DE1", "TRKNKEF128F425FD6A", "TRDZTKM128F42629E7", "TRMIKES128F92FFBF4", "TRLBBTE128F42858C1", "TRRHULT128F4231A35", "TRSJIJK128E07823A3", "TRRHVIC128F92F9908", "TRBGCCF128F1492C86", "TRVJSSU128F92E7BE4", "TRYWEYV12903CBA002", "TRYKYFR12903D01E25", "TRJSZZG128F931B3DD", "TROKPAZ128E078114A", "TRFOKTF128F1477266", "TRJCBOU128F42988AC", "TRWBOHR128F9331033", "TRDUOSF128F92EF905", "TRRVDOF12903CA7361", "TRTCMYC128EF340675", "TRFIMXE128F9302AE0", "TRDKBMP128F4295548", "TRYMJAS128F4293127", "TRWWXIR128F4295415", "TRBQUTX128EF35EEA1", "TRZEBEC128F931C02D", "TRTHCXC128F92F29C7", "TRHEIIH128F9314FC8", "TRQZPIE128F1455E47", "TRZALGW128F4296174", "TRAMQXC128F14A2378", "TRROTDF128F931C028", "TRSLLQW128E07984BB", "TRRKYRO128F93537F9", "TRDGGGO12903CFE37C", "TRVJWQC128F92FD55F", "TRXGHOC128F92EF9BA", "TRYUHKT128F42393D9", "TRJIBDX128F4299E1E", "TRWFFFY128F14B0EBE", "TRWCEKE128F93191BE", "TRFOVOY12903CD43E2", "TRYYVKZ128F93095B3", "TRHQPDN12903CEA4B1", "TROINBI12903CDB2D8", "TRKABMK128F426BF72", "TRYHWLD128F426BF7D", "TRNJIGS128F42A036F", "TRLATHU128F92FC275", "TRMKFPN128F42858C3"], "metrics": {"P": 28, "TP": 2, "precision": 0.04, "recall": 0.07142857142857142, "f1": 0.05128205128205128, "average precision": 0.10714285714285714, "reciprocal rank": 0.024390243902439025}}