{"id": "50e8b82d39627c1aef0df5ad97b4a66a629c8edc", "recommendations": ["TRSUPCO128F42925B2", "TRJFFJI128F92E71E9", "TRWDPTD12903D018B5", "TRBWBYD128E078E2E6", "TRQRBOM128F425D556", "TRZFEOG128E078ECBE", "TRVAIVL128F93278E7", "TRWAVGB128F42AF421", "TRHTQFK128F427BBAA", "TRFPCZI128E078EC13", "TRWWGYN128E078470F", "TRPFUKY128F9327C9D", "TRTYOCV128F4296173", "TRFKXKB128F425AD8C", "TRLDYLL128F42555DD", "TRIGWNQ128F92EB1C7", "TRPNQNK128F4257A07", "TRGUFCB128F425AAF3", "TRPKXET128F92ED656", "TRZJNOD128F4264131", "TRIEALJ12903CE0E9B", "TRACRRS128F1465A64", "TRBHKSW128F9339461", "TRYEONX128F92F014F", "TRNVAFT128F428AFF4", "TRIIPXR12903CDBF1A", "TRTNUBT128F42A4C8C", "TRVENIG128F42762C5", "TRVGHNF128F42B83FB", "TRNUNTK128F428E2D4", "TRSCDSH128F148BE9E", "TRGYRAZ12903CE17C2", "TRRMVBR128F92F64BA", "TRMLFIC128F4228CFD", "TRMTADP128F92CC994", "TRHVOJT128F92C4A3D", "TRPFQLJ128F425DC0A", "TRJXIEL128F1465555", "TRDQJOA128E078FC70", "TRILGUV128F428A4C5", "TRLZYNB128F930A779", "TRVABTY128E07860FB", "TRLCQJQ128F14A46BA", "TRDBFQM128E079298B", "TRYXYZU128E0792987", "TRWVMXK128E0784C82", "TRGEUXA128E07842A7", "TRRRBQI128F146ABDE", "TRPUBDM128F42B614D", "TRTGSVG128E079281F"], "metrics": {"P": 21, "TP": 2, "precision": 0.04, "recall": 0.09523809523809523, "f1": 0.056338028169014086, "average precision": 0.14285714285714285, "reciprocal rank": 0.3333333333333333}}