{"id": "529b42cdbc379ad2e765aec6d3bad8a192038741", "recommendations": ["TRBWBYD128E078E2E6", "TRHVOJT128F92C4A3D", "TRPFQLJ128F425DC0A", "TRGGMCC128E078EB15", "TRDTYHN128E079504D", "TRCMKHF128F1495E27", "TREHOGG128F428DF46", "TRFUJDX128F931E5C4", "TRULKPM128E078E167", "TRMIKES128F92FFBF4", "TRRHULT128F4231A35", "TRODQGV128F425FD7E", "TRSUPCO128F42925B2", "TRYCNEZ128F427B8D4", "TRYEONX128F92F014F", "TRAKNVD12903CFEB09", "TRIQDZD12903C9A6D7", "TRAXYGR128EF3456B5", "TRKYXBC12903CF7A88", "TRGVSRU12903CC8F00", "TROYMTB128F4260720", "TRJFFJI128F92E71E9", "TRVENIG128F42762C5", "TRBQANA128F14AE2CF", "TRWDPTD12903D018B5", "TRZDYGB128F9310C23", "TRIWRMP12903CCDAC0", "TRYUBWR128E07840BA", "TRNUNTK128F428E2D4", "TRSCDSH128F148BE9E", "TRGYRAZ12903CE17C2", "TRRMVBR128F92F64BA", "TRMLFIC128F4228CFD", "TRJXIEL128F1465555", "TRJDKLG128E0792558", "TRDQJOA128E078FC70", "TRGCHGO128F930A87E", "TRQFTEQ128F14B12BC", "TRVSVBH128F14789CD", "TRSMTAP12903CDA490", "TRVAGQR128E0792479", "TRGWEMB128F92C3BAB", "TRFIMXE128F9302AE0", "TRKYGZA128F42365DC", "TRQRBOM128F425D556", "TRDSEJJ128F42947D5", "TROVWRV128F14B12C7", "TRBQIKR128F148BE55", "TRXKDUR128F4265A59", "TRDRSKI128F9313031"], "metrics": {"P": 28, "TP": 2, "precision": 0.04, "recall": 0.07142857142857142, "f1": 0.05128205128205128, "average precision": 0.10714285714285714, "reciprocal rank": 0.16666666666666666}}