{"id": "52df18b9b1235ac56507cb4119fc5b3f6f010dcd", "recommendations": ["TRYQWHS128F4237626", "TRJFFJI128F92E71E9", "TRZFEOG128E078ECBE", "TRQKWHI128E079341F", "TRVAIVL128F93278E7", "TRQHEPS128F42933EF", "TRWWGYN128E078470F", "TRPFUKY128F9327C9D", "TRPJMKA128F4284E71", "TRFKXKB128F425AD8C", "TRSUPCO128F42925B2", "TRIEALJ12903CE0E9B", "TRNALDW128F148B3B5", "TRNPWOO128F14A2188", "TRTNUBT128F42A4C8C", "TRUGPTB128F4248266", "TRYZAMO128E079125F", "TRWDPTD12903D018B5", "TRNUNTK128F428E2D4", "TRRXNSP128F93321FB", "TRSCDSH128F148BE9E", "TRMTADP128F92CC994", "TRHVOJT128F92C4A3D", "TRLLLQK128F4294A18", "TRTGSVG128E079281F", "TRPNMAY128F424E451", "TRXWMDN12903CA5BBE", "TRUOAOC128F148018B", "TROSTGK128F92C3BB7", "TRJFJEQ128F14667DB", "TRDTYHN128E079504D", "TRQRBOM128F425D556", "TRZUJFC128F92F3AA9", "TROYHPV128F428C6D1", "TRHAJRY128F4272004", "TRCMZBO128F92E308F", "TRIXKCB128F424EA32", "TRZWFVY128F92FDBBB", "TRQAUIE128F14531EB", "TRNJLAS128F423CC6A", "TRDJMFQ128F4257951", "TRCXIGZ128E07816E0", "TRPLPIN12903CE9E20", "TRJZFIK128F1452266", "TRQAOXR12903C9AA36", "TRFUJDX128F931E5C4", "TREBWYU12903CCDAA8", "TRJLMAI128F92EBB04", "TRWAVGB128F42AF421", "TRKBBKW128F4267344"], "metrics": {"P": 16, "TP": 1, "precision": 0.02, "recall": 0.0625, "f1": 0.030303030303030304, "average precision": 0.0625, "reciprocal rank": 0.027777777777777776}}