{"id": "5696bf760215a24ba6f381b8e466828131ddf13b", "recommendations": ["TRGWEMB128F92C3BAB", "TRPXVMC128F42987CC", "TRHOAVJ128F428B4D2", "TRXGIBZ128F427CE2B", "TRENTGL128E0780C8E", "TRMIKES128F92FFBF4", "TROGOPM128F4231A3E", "TRGACBD128F4284836", "TRSUPCO128F42925B2", "TRPKXET128F92ED656", "TRNTALF128EF343800", "TRACRRS128F1465A64", "TRFZIKD128F1465640", "TRMKRXO128F9339628", "TRAXYGR128EF3456B5", "TRGXWSQ128F9319F0F", "TRKYXBC12903CF7A88", "TRJFFJI128F92E71E9", "TRJSEXD128F423DBC4", "TRBHQUM128F9309DE1", "TRLDBMO128F932A7AC", "TRVESUC128F1477267", "TRWDPTD12903D018B5", "TRSOAOI12903CCDAC4", "TRRMVBR128F92F64BA", "TRTWXVY128F42A65EC", "TRICFEP128F92F11FA", "TRIAOVI128F425A16D", "TRPNMAY128F424E451", "TRZURRG12903CB2CFA", "TRRVDOF12903CA7361", "TRKBLIH128F145959C", "TRZAQAZ128F149F9FF", "TRVWQEV128F932799A", "TRAJPUF128E0784808", "TRQRBOM128F425D556", "TRTWTQH12903CEA899", "TREFXKL128F148D0B0", "TRLPBAI128F9315561", "TRZFEOG128E078ECBE", "TRBBCVJ128F425BE2C", "TRHEIIH128F9314FC8", "TRVAIVL128F93278E7", "TRZALGW128F4296174", "TRGUSXC128F14617DD", "TRPLPIN12903CE9E20", "TRQXWTY128F92C5A7A", "TRMPOOO128F934D1A3", "TRZUKSV128F4295F98", "TRHQICJ128F427B6B5"], "metrics": {"P": 29, "TP": 1, "precision": 0.02, "recall": 0.034482758620689655, "f1": 0.02531645569620253, "average precision": 0.034482758620689655, "reciprocal rank": 0.14285714285714285}}