{"id": "57e32b0cf88d1e3344dab420971ba46d08dd34bd", "recommendations": ["TRVDIEE128E0783217", "TRBNNIL128E079268E", "TRZKJFH128E0793EAC", "TRONTHY128F4295577", "TRRNFHH128F92D262D", "TRYCNEZ128F427B8D4", "TRMXLMR128F425B9B1", "TRQRACN12903C9CE1D", "TRIWPKY128F92E4D6F", "TRPKRXW128F426257C", "TRGCHGO128F930A87E", "TRSCUBC128E0782224", "TRMHHPP128E0785853", "TRLZYNB128F930A779", "TROKQVH128F148D1C3", "TRQFTEQ128F14B12BC", "TRVSVBH128F14789CD", "TRDBFQM128E079298B", "TRDWEAT128F149242F", "TRZMYKW128F429F880", "TRSMTAP12903CDA490", "TROQAXL128F429F87F", "TRVAGQR128E0792479", "TRVLXHK128F934B2F4", "TRAEGEA128F1486047", "TRKYGZA128F42365DC", "TRWKXAR128F4285080", "TROOXQV128F932B6EF", "TRJQLLH128F4217810", "TRFCTAQ128E078EBF8", "TROVWRV128F14B12C7", "TRXKDUR128F4265A59", "TRIHZJH128F4262F4A", "TRSAEFL128E078B035", "TRIVMCG128F932105E", "TRRBIDE128F92DC547", "TRQVORC128E07913D5", "TRLNBPN128F92F6FCC", "TRDYUQO128F4275193", "TRGUJRG128E079290A", "TRTAQVQ128F427B9A5", "TRNIIFM128E078E1CD", "TRWKVRK128F9345DAC", "TRRAOYS128F9326C07", "TRCQLYE128F428BEB9", "TRJRDDL128F147CBE8", "TRXFKGZ12903CEE34B", "TRZQWLN128F426235E", "TRFBHLO128F92DE722", "TRKEICN12903CE499C"], "metrics": {"P": 24, "TP": 8, "precision": 0.16, "recall": 0.3333333333333333, "f1": 0.21621621621621623, "average precision": 1.5, "reciprocal rank": 0.04}}