{"id": "5a905f000fc1ff3df7ca807d57edb608863db05d", "recommendations": ["TRLATHU128F92FC275", "TRTBICJ128F4293C13", "TRGACBD128F4284836", "TRRHULT128F4231A35", "TRRUYSE128F423EF8B", "TRJQAEN128F92E0589", "TRWCVOF128F42480E6", "TRKYMJP128F92F2776", "TRRSWEO128F429312A", "TRBRLNJ128F92F622E", "TRZJRJZ128F149BC3D", "TRPXVMC128F42987CC", "TRFBHLO128F92DE722", "TRWFSRF12903CE12B6", "TRZTHKS128F92EC098", "TRYHWLD128F426BF7D", "TRVAERJ128E07889CC", "TRHOAVJ128F428B4D2", "TRXGIBZ128F427CE2B", "TRNPKRK128F429831C", "TRNZOOI128F425D68F", "TRTYOCV128F4296173", "TRMAZHI12903D0E5C8", "TRKNKEF128F425FD6A", "TRJVHZZ128F92F8A0B", "TRWFJOB128F4298317", "TREJTYD128F4261B09", "TRENTGL128E0780C8E", "TRZOWZR128F427B5F2", "TRFKXKB128F425AD8C", "TREYOMU128F149F9B1", "TROGOPM128F4231A3E", "TRIYLCV128F4243D6D", "TRYGTSD128F4281B32", "TRWAVRT128E078907D", "TRFWGOJ128E0780C8B", "TRVXCWD128F42606B3", "TRWUZCQ128F92FFC1B", "TRZYWCD128F425C7FD", "TRGMWUO128F42902B4", "TRNEJRG128F425FD88", "TRJSQQT128F149F9B4", "TRPONOG128F4275608", "TRDRMOW12903CDB1AF", "TRGTIIJ128F424DA28", "TRHKCQC128F9311B27", "TRPKQOZ128F92F7443", "TRAPJFL128F42AA7B4", "TRIEALJ12903CE0E9B", "TRJJFDF128F934AB3E"], "metrics": {"P": 98, "TP": 25, "precision": 0.5, "recall": 0.25510204081632654, "f1": 0.3378378378378379, "average precision": 3.3163265306122454, "reciprocal rank": 1.0}}