{"id": "5d5e0142e54c3bb7b69f548c2ee55066c90700eb", "recommendations": ["TRUATNS128F423457D", "TRYZUSO128F42BA4E2", "TRZJNDO128EF343498", "TRTMQXU128F14895BA", "TRISZDZ128F1497D8B", "TRMFVSX128F4243851", "TROSNGZ128F42705AB", "TRDYYDZ128F93353F7", "TRCDAIU128F92C77DF", "TRWPEMR128F14520BC", "TRDQWDZ128F933BBBF", "TRECQND128F9323DE3", "TRTOSOP128F14AE2D0", "TRHDCQY128F423BEDF", "TRLVJOB128E078B97F", "TRBQANA128F14AE2CF", "TRRXNSP128F93321FB", "TRBPDFQ128F42ADE3D", "TRTCZAW128F1456003", "TRLQKJI128E07900B1", "TRLVLJA128F426430A", "TRZYGSG128F9310CDB", "TRPMLBC128F14A8950", "TRWTJKJ128E078FC10", "TRSGEAR128F92DD6DB", "TRZNHDB128F92D5D83", "TRMZUJS128F42957DC", "TRGLEPF128F93379E9", "TRJHALL128F92C48B6", "TRKQRVO128F92D630B", "TRQLZQH128E0792691", "TRXYBBI128F9318209", "TRGVTBE128F42870E1", "TRQJFSO128F147A54B", "TRFTIBW128F1479218", "TRWJZEG12903D0820E", "TRXZIMW128F92DE236", "TRLBKMN12903CD4C0B", "TRYIOWV128F92DE2D1", "TRJEJOJ12903CAA2B2", "TRVCFUI128F92E1D42", "TREJGVP128EF3436BE", "TRFKXKB128F425AD8C", "TRLZFMO128F4281C89", "TRJSQQT128F149F9B4", "TRSSAAP128F14979B6", "TRYVQMB128F42769C4", "TRHZJBP128F92C3BC0", "TRQLRYB128E079506A", "TRUGYZP128F148EF4C"], "metrics": {"P": 17, "TP": 5, "precision": 0.1, "recall": 0.29411764705882354, "f1": 0.14925373134328357, "average precision": 0.8823529411764706, "reciprocal rank": 0.08333333333333333}}