{"id": "732f88be38fae217f8ab7e24c20dd072436e3e40", "recommendations": ["TRLCQJQ128F14A46BA", "TRYXYZU128E0792987", "TRWVMXK128E0784C82", "TRPUBDM128F42B614D", "TRIZLKJ128F149564C", "TRGELVY128F4283621", "TROIQMT128E0792994", "TRCOBNP128F42BA577", "TRJCSLS128F1470ACF", "TREJTYD128F4261B09", "TRWZWWZ12903CA22D9", "TRSSAGS128F92E697A", "TRKSTEJ128F4281CC9", "TRZJNOD128F4264131", "TRJJFDF128F934AB3E", "TRWFWWS128F145B78F", "TRXQYVP128F4216A0A", "TRCOOYB128E078ED95", "TRILGUV128F428A4C5", "TRLZYNB128F930A779", "TRODUJY128F428A4A1", "TRCYFKM128F932C2DA", "TRNUGUX128F425B7DB", "TRYQSJG128E078EC88", "TRZNBQK128F9316A8D", "TRDBFQM128E079298B", "TRLCSDN128F426BD3D", "TRXGWMG128E0792991", "TRGEUXA128E07842A7", "TRRRBQI128F146ABDE", "TRKBLIH128F145959C", "TRWAJNH128F1458F74", "TRARLCN128F92D7218", "TRFIMXE128F9302AE0", "TRVLXHK128F934B2F4", "TROFBXV128F9326CD8", "TRUYCVH128F92C2B1E", "TRBTLYG128F428AE16", "TRJQLLH128F4217810", "TREBIJJ128F92E7D2F", "TRPFBQH128F92E7CD5", "TRSQBCK12903D080B2", "TRDBQXT128F4289423", "TRKFFAP128F42ADE02", "TRLNBPN128F92F6FCC", "TRGUSXC128F14617DD", "TRUMXQQ128F932C290", "TRHMTMJ128EF3437B6", "TRRERHL128F4246875", "TRCQLYE128F428BEB9"], "metrics": {"P": 56, "TP": 2, "precision": 0.04, "recall": 0.03571428571428571, "f1": 0.03773584905660378, "average precision": 0.05357142857142857, "reciprocal rank": 0.0625}}