{"id": "77448d704c1b9acc37037d400302ce7f8a9496c7", "recommendations": ["TREOURX128F145E2C8", "TRIZLKJ128F149564C", "TRXYLKX128F148988C", "TRXZQTU128F14B0AA3", "TRCOBNP128F42BA577", "TRJCSLS128F1470ACF", "TRTYOCV128F4296173", "TRWZWWZ12903CA22D9", "TRGTIIJ128F424DA28", "TRHKCQC128F9311B27", "TRJJFDF128F934AB3E", "TRQVSRM128F4247F61", "TRWCVOF128F42480E6", "TRXJRSJ128F9330D11", "TRCOOYB128E078ED95", "TROKPAZ128E078114A", "TRILGUV128F428A4C5", "TRODUJY128F428A4A1", "TRHTQDK128F4294A1C", "TRYQSJG128E078EC88", "TRLCQJQ128F14A46BA", "TRYXYZU128E0792987", "TRLCSDN128F426BD3D", "TRWVMXK128E0784C82", "TRXGWMG128E0792991", "TRGEUXA128E07842A7", "TRHDJDB128F930527A", "TRPUBDM128F42B614D", "TRPIKQB128F932E46D", "TRDUKQW128F427BDBB", "TRLEONG128E0788640", "TRTESAU128F1462DE9", "TRBTLYG128F428AE16", "TRPFBQH128F92E7CD5", "TRGBGVQ128F92CEAA2", "TRHUACP128F9330D0C", "TRSQBCK12903D080B2", "TRVULRA128F429BBDC", "TRCWJKI128F429BBF2", "TRWJDBV128F934AEFB", "TRMTMSW128F42745C9", "TRCQKWZ128F933A30C", "TRKHLLG128EF3437B3", "TRXSSXM128F932DE11", "TRYOBEF128F42439B4", "TRSPKDL128F427E8D7", "TRLQXVU128F934CF2D", "TRGELVY128F4283621", "TRLFCIT128F429F792", "TRJCNOT128F92F992E"], "metrics": {"P": 40, "TP": 4, "precision": 0.08, "recall": 0.1, "f1": 0.08888888888888889, "average precision": 0.25, "reciprocal rank": 0.3333333333333333}}