{"id": "7be439230bebc2193fe80d33219313340819176a", "recommendations": ["TRHDTUG128F92E8058", "TRAKNVD12903CFEB09", "TRHIZWH128F4243B2A", "TRHXMQR128F42ACE88", "TRYHWLD128F426BF7D", "TRXSWJL128F427EEFA", "TRFKXKB128F425AD8C", "TRGACBD128F4284836", "TRJSQQT128F149F9B4", "TRBVSQT128F427A82F", "TRYVQMB128F42769C4", "TRZKJFH128E0793EAC", "TRQLRYB128E079506A", "TRQBZSQ128F42782DC", "TRIEALJ12903CE0E9B", "TROVEVL128F932A447", "TRZSQUD12903CD0378", "TRVWFPD128F423BCE2", "TRWCVOF128F42480E6", "TRTNBSL128F931C0D5", "TRCOOYB128E078ED95", "TRAGOTA128F92F92C2", "TRWXJOD128F92E58BD", "TRYZAMO128E079125F", "TRQXRRH128F1477261", "TRFOKTF128F1477266", "TRELTXS128F1477265", "TRZXODB128F9310B6C", "TRIWRMP12903CCDAC0", "TROBYTB128F422975C", "TRUZVUE128F42415EE", "TRUSIMU128EF3436C8", "TRNEWWX128F9336A1F", "TRIGDCW128E078F0F4", "TRLUXWO128F14618D6", "TRGWEMB128F92C3BAB", "TRFXIHX128F92D7211", "TRFIMXE128F9302AE0", "TRWSLFM128F429DBA2", "TRLDIGW128F93269F8", "TRRQKRU128F42634C7", "TRPWPVI128F92EB7B9", "TRSLMMM128F930490F", "TRYRFSW128F930490B", "TREEZYR128F92E7CF5", "TRHNXJT128F145A8B2", "TRDFGDH128F424BDD3", "TRYHLKG128F92FB330", "TREIMYW128F93366A2", "TRICSWW128F428954C"], "metrics": {"P": 40, "TP": 2, "precision": 0.04, "recall": 0.05, "f1": 0.044444444444444446, "average precision": 0.07500000000000001, "reciprocal rank": 0.25}}