{"id": "85952991b8e3ca5803a08b0b2f9c6d71abf9bb5b", "recommendations": ["TRZBDJG128F42727D2", "TRDADBO128C7196C2E", "TRZSQUD12903CD0378", "TRAXBIJ128F147768B", "TRMLFIC128F4228CFD", "TRURTNZ128F9311AD3", "TRDTYHN128E079504D", "TRJZZTW128F426621D", "TRBLXFZ128F42AA792", "TRURAHF128F426A3C4", "TRDCPMV128F424350F", "TRYHWLD128F426BF7D", "TRFKXKB128F425AD8C", "TRLIZMW128F42858B7", "TRORDNM128F427560D", "TRKIHNF128F147AFBC", "TRSUPCO128F42925B2", "TRNLHWO128F92EAABF", "TRQLRYB128E079506A", "TRPKXET128F92ED656", "TRIEALJ12903CE0E9B", "TRTMQXU128F14895BA", "TRIVOHH128F4234BC2", "TRMFVSX128F4243851", "TRIOXQM128E0783776", "TRNCEEI128E0799072", "TRTNBSL128F931C0D5", "TRJFFJI128F92E71E9", "TRVENIG128F42762C5", "TRHJLEY128F1493564", "TRQXRRH128F1477261", "TRVGHNF128F42B83FB", "TRQXKXL128F426E03E", "TRLVJOB128E078B97F", "TRWDPTD12903D018B5", "TRSOAOI12903CCDAC4", "TRBWBYD128E078E2E6", "TRSCDSH128F148BE9E", "TRGYRAZ12903CE17C2", "TRRMVBR128F92F64BA", "TRJFKID128F92F2377", "TRHVOJT128F92C4A3D", "TRUZVUE128F42415EE", "TRJXIEL128F1465555", "TRNEWWX128F9336A1F", "TRHNEBU128C7196551", "TRIABXW128F42727D6", "TRBPDFQ128F42ADE3D", "TRLQKJI128E07900B1", "TRLVLJA128F426430A"], "metrics": {"P": 47, "TP": 5, "precision": 0.1, "recall": 0.10638297872340426, "f1": 0.10309278350515465, "average precision": 0.3191489361702127, "reciprocal rank": 0.16666666666666666}}