{"id": "85de112e63c6c3b4272ae71fa2ba2c5fd9e3032c", "recommendations": ["TRZJNOD128F4264131", "TRILGUV128F428A4C5", "TRGEUXA128E07842A7", "TRRRBQI128F146ABDE", "TRBTLYG128F428AE16", "TRSQBCK12903D080B2", "TRJCNOT128F92F992E", "TRCOBNP128F42BA577", "TRVCFUI128F92E1D42", "TRUZLOH128F146D76A", "TRQGTYQ128F92CDDE4", "TRXJMEA128F1496AC7", "TRSSAGS128F92E697A", "TRPUGEO12903CA9D27", "TRIGWNQ128F92EB1C7", "TRKNVRW128F9309A57", "TRJJFDF128F934AB3E", "TRAGPXZ12903C9E880", "TRWFWWS128F145B78F", "TRFLNKX128F9339775", "TRWWJOQ128F147395F", "TROLXKA128F4276D81", "TRTWXVY128F42A65EC", "TRLZYNB128F930A779", "TRODUJY128F428A4A1", "TRLCQJQ128F14A46BA", "TRJCVFN128E078DF63", "TRZNBQK128F9316A8D", "TRDBFQM128E079298B", "TRYXYZU128E0792987", "TRLCSDN128F426BD3D", "TRDWEAT128F149242F", "TRWVMXK128E0784C82", "TRXGWMG128E0792991", "TRLIHKL128F92F5E79", "TRSVMZM128F93592F5", "TRPUBDM128F42B614D", "TRWAJNH128F1458F74", "TRIZLKJ128F149564C", "TRVLXHK128F934B2F4", "TRHVSIB128F1485EC2", "TRPSRUP12903CFE921", "TRKCILR128F92E7CEF", "TRJQLLH128F4217810", "TREBIJJ128F92E7D2F", "TRPFBQH128F92E7CD5", "TRJQRAP128F9314B3F", "TRASNUX128F425EAF2", "TRBZHVK128F1460299", "TRMMCBU128E0791823"], "metrics": {"P": 39, "TP": 3, "precision": 0.06, "recall": 0.07692307692307693, "f1": 0.06741573033707866, "average precision": 0.15384615384615385, "reciprocal rank": 0.25}}