{"id": "884209a41deb55df792f074bccf8af1c1c31768b", "recommendations": ["TRJFFJI128F92E71E9", "TRGWEMB128F92C3BAB", "TRZFEOG128E078ECBE", "TRHEIIH128F9314FC8", "TRVAIVL128F93278E7", "TRDZBOU128F92E43E3", "TRWWGYN128E078470F", "TRPFUKY128F9327C9D", "TRHOAVJ128F428B4D2", "TRXGIBZ128F427CE2B", "TREYOMU128F149F9B1", "TRGACBD128F4284836", "TRLDYLL128F42555DD", "TRRHULT128F4231A35", "TRJSQQT128F149F9B4", "TRSUPCO128F42925B2", "TRHKCQC128F9311B27", "TRIZULQ128F932E773", "TRIOXQM128E0783776", "TRAXYGR128EF3456B5", "TRWCVOF128F42480E6", "TRIIPXR12903CDBF1A", "TRTNUBT128F42A4C8C", "TRDWBCU128F426C536", "TRGVSRU12903CC8F00", "TRICJRQ128E078A18A", "TRMVEUX128F423ECE9", "TRWDPTD12903D018B5", "TRIWRMP12903CCDAC0", "TRDAEMU128F92C5A76", "TRNUNTK128F428E2D4", "TRSCDSH128F148BE9E", "TRMTADP128F92CC994", "TRHVOJT128F92C4A3D", "TRDUOSF128F92EF905", "TRHHOOK128F42632FB", "TRICFEP128F92F11FA", "TRVABTY128E07860FB", "TRTGSVG128E079281F", "TRPNMAY128F424E451", "TRFXIHX128F92D7211", "TRNFIJZ12903CBA009", "TRXGWZE128F429DB94", "TRFIMXE128F9302AE0", "TRDTYHN128E079504D", "TRQRBOM128F425D556", "TRLUVSD128E07984A0", "TRDSEJJ128F42947D5", "TRWLVJO128F93266CD", "TREEZYR128F92E7CF5"], "metrics": {"P": 53, "TP": 6, "precision": 0.12, "recall": 0.11320754716981132, "f1": 0.11650485436893204, "average precision": 0.39622641509433965, "reciprocal rank": 0.09090909090909091}}