{"id": "8ce5dde3941dfc039a6384de713cc287f645412a", "recommendations": ["TRSCUBC128E0782224", "TRKEICN12903CE499C", "TRKUSXZ128F4277AF3", "TRYHWLD128F426BF7D", "TRSUPCO128F42925B2", "TRDLDIO128F93115F1", "TRPKXET128F92ED656", "TRRNFHH128F92D262D", "TRFDGFW128F4286BFF", "TRIDPWO128F423DBC6", "TRHJLEY128F1493564", "TRYZAMO128E079125F", "TRVGHNF128F42B83FB", "TRWDPTD12903D018B5", "TRSCDSH128F148BE9E", "TRPTWLU128E078584F", "TRLZYNB128F930A779", "TRODUJY128F428A4A1", "TRLCQJQ128F14A46BA", "TRDBFQM128E079298B", "TRYXYZU128E0792987", "TRLCSDN128F426BD3D", "TRWVMXK128E0784C82", "TROQAXL128F429F87F", "TRPUBDM128F42B614D", "TRDDHZS128E07893AB", "TRWSLFM128F429DBA2", "TRVWQEV128F932799A", "TRJHNXU12903CBA929", "TRAEGEA128F1486047", "TRQRBOM128F425D556", "TRGRDUH128F42AE383", "TROOXQV128F932B6EF", "TRJQLLH128F4217810", "TREEZYR128F92E7CF5", "TRIHZJH128F4262F4A", "TRNYARJ128F147F918", "TRGKKXR128F148469E", "TRIVMCG128F932105E", "TRDQAWQ128F93379DF", "TRJZZTW128F426621D", "TRLLQUJ128F92C2E34", "TRGWMVP128F42B53DE", "TRALEYR128F932F38D", "TREVDQG128F9324474", "TRLSLJP128F145F988", "TRNIIFM128E078E1CD", "TRWKVRK128F9345DAC", "TRBBFSS12903D061AF", "TRFDWTF128F42739A0"], "metrics": {"P": 14, "TP": 1, "precision": 0.02, "recall": 0.07142857142857142, "f1": 0.03125, "average precision": 0.07142857142857142, "reciprocal rank": 0.16666666666666666}}