{"id": "8dcb524ff75e0ad0f0a80aaccadf7bbaa3b89a41", "recommendations": ["TRYCNEZ128F427B8D4", "TRYZAMO128E079125F", "TRGCHGO128F930A87E", "TRVSVBH128F14789CD", "TRSMTAP12903CDA490", "TRVAGQR128E0792479", "TRVLXHK128F934B2F4", "TRDTYHN128E079504D", "TRKYGZA128F42365DC", "TRXKDUR128F4265A59", "TRQVORC128E07913D5", "TRLNBPN128F92F6FCC", "TRJRDDL128F147CBE8", "TRXFKGZ12903CEE34B", "TRMVHHY128F935046D", "TRIVSTV12903CAE6BE", "TRQGTYQ128F92CDDE4", "TRGTIIJ128F424DA28", "TRPCCDQ128F931EB27", "TRSUPCO128F42925B2", "TRZJNOD128F4264131", "TRXQYVP128F4216A0A", "TRZJDSP128F92DD42D", "TRJFFJI128F92E71E9", "TRWDPTD12903D018B5", "TRZDYGB128F9310C23", "TRDAEMU128F92C5A76", "TRSCDSH128F148BE9E", "TRGYRAZ12903CE17C2", "TRHVOJT128F92C4A3D", "TRJXIEL128F1465555", "TRPKRXW128F426257C", "TRILGUV128F428A4C5", "TRMHHPP128E0785853", "TRLZYNB128F930A779", "TRJDBTK128F428A4B3", "TROKQVH128F148D1C3", "TRCULSJ128F429B915", "TRHHOOK128F42632FB", "TRLLLQK128F4294A18", "TRICFEP128F92F11FA", "TRLCQJQ128F14A46BA", "TRDBFQM128E079298B", "TRYXYZU128E0792987", "TRDWEAT128F149242F", "TRWVMXK128E0784C82", "TRZMYKW128F429F880", "TRGEUXA128E07842A7", "TROQAXL128F429F87F", "TRLIHKL128F92F5E79"], "metrics": {"P": 53, "TP": 5, "precision": 0.1, "recall": 0.09433962264150944, "f1": 0.09708737864077671, "average precision": 0.28301886792452835, "reciprocal rank": 0.02702702702702703}}