{"id": "8e8b32a1621d2950fe9a6384d8fb594fd25525df", "recommendations": ["TRKQQLC128F93032DA", "TRQXRRH128F1477261", "TRJPQML12903CDFF83", "TRWYUCK128F42A4C37", "TRWIFBN128F9308699", "TRXSWJL128F427EEFA", "TRIYLCV128F4243D6D", "TRYGTSD128F4281B32", "TRDJQCZ128F423D135", "TRRYLYK128F92F89F6", "TRGUOYN128F428E3F1", "TRDOIUT128F92E494D", "TRQLRYB128E079506A", "TRHDTUG128F92E8058", "TRRHVIC128F92F9908", "TRDADBO128C7196C2E", "TRBHKSW128F9339461", "TRLONXS128F42B8BF5", "TRTNBSL128F931C0D5", "TRSMIXL128F42A52E2", "TRJSZZG128F931B3DD", "TRWXJOD128F92E58BD", "TRLBUYT128F429E9F3", "TRISILF128F92F029E", "TRZXODB128F9310B6C", "TRFRBUP128F4294A15", "TRHTQDK128F4294A1C", "TRIYXMY128F9339B9F", "TRIAOVI128F425A16D", "TRIGIPE128E078EC89", "TRPSFSJ128F1492171", "TRBVVZX128F14618CD", "TRTCMYC128EF340675", "TRWXMRO128F424DBF7", "TRFNDHN128F426BE40", "TRBHYJH12903CEA8AC", "TRKVHLV12903D051C2", "TRIQYYW128F4287A0D", "TRWEEEI128F92F9919", "TRSLMMM128F930490F", "TRYRFSW128F930490B", "TRKJMNS128F423EEA2", "TRDFGDH128F424BDD3", "TRYHLKG128F92FB330", "TRBLXFZ128F42AA792", "TRNWRTV128F9319822", "TRFRSPE128F9333799", "TRGNOFL128EF34E4D5", "TRHOUXO128F425B34B", "TRTLSEQ128F4284E62"], "metrics": {"P": 57, "TP": 1, "precision": 0.02, "recall": 0.017543859649122806, "f1": 0.018691588785046728, "average precision": 0.017543859649122806, "reciprocal rank": 0.25}}