{"id": "8f0e25d95d6e30f0993b9f57fca6c431d78f5a2d", "recommendations": ["TRSUPCO128F42925B2", "TRWDPTD12903D018B5", "TRDDHZS128E07893AB", "TRQRBOM128F425D556", "TRDSEJJ128F42947D5", "TRDRSKI128F9313031", "TRWAVGB128F42AF421", "TRIESUH128F9309753", "TRBBANX128F429EA35", "TRHTQFK128F427BBAA", "TRKXYWE128F4286516", "TRFKXKB128F425AD8C", "TROPMEE128F4247FCB", "TRKHARN128F146DA7A", "TRPKXET128F92ED656", "TRIEALJ12903CE0E9B", "TRZSQUD12903CD0378", "TRYCNEZ128F427B8D4", "TRIOXQM128E0783776", "TRJFFJI128F92E71E9", "TRVENIG128F42762C5", "TRQXKXL128F426E03E", "TRZDYGB128F9310C23", "TRBWBYD128E078E2E6", "TRSCDSH128F148BE9E", "TRGYRAZ12903CE17C2", "TRRMVBR128F92F64BA", "TRMLFIC128F4228CFD", "TRHVOJT128F92C4A3D", "TRUZVUE128F42415EE", "TRJXIEL128F1465555", "TRGCHGO128F930A87E", "TRPTWLU128E078584F", "TRSCUBC128E0782224", "TRVSVBH128F14789CD", "TRSMTAP12903CDA490", "TROQAXL128F429F87F", "TRVAGQR128E0792479", "TRLUXWO128F14618D6", "TRPNMAY128F424E451", "TRKWXAG128EF340672", "TRDTYHN128E079504D", "TRKYGZA128F42365DC", "TRHVSIB128F1485EC2", "TROVWRV128F14B12C7", "TREEZYR128F92E7CF5", "TRJMIPT128F930B2A6", "TRTWLAL128E0782542", "TRJQRAP128F9314B3F", "TRXKDUR128F4265A59"], "metrics": {"P": 12, "TP": 1, "precision": 0.02, "recall": 0.08333333333333333, "f1": 0.03225806451612903, "average precision": 0.08333333333333333, "reciprocal rank": 0.5}}