{"id": "9012fdca7eee0b946329367498a578adb5271ed8", "recommendations": ["TRAPJFL128F42AA7B4", "TRXSWJL128F427EEFA", "TRZOWZR128F427B5F2", "TRJQAEN128F92E0589", "TRDTMRW128F9325CB1", "TRBHQUM128F9309DE1", "TRNUGUX128F425B7DB", "TRNFIJZ12903CBA009", "TRRRIVO128F930867B", "TRWLVJO128F93266CD", "TRFJCYV12903CB6526", "TRVRCSS128E0791821", "TRIANNP128F4229392", "TRGWMVP128F42B53DE", "TRQXWTY128F92C5A7A", "TRLQXVU128F934CF2D", "TRAHVXE128F9339BAD", "TRBTIFY12903CAB63C", "TRKTRKM128F4280BB6", "TRYHWLD128F426BF7D", "TREJOUZ128F4278FCE", "TRTYOCV128F4296173", "TRLVPVM128F9324F10", "TRKNKEF128F425FD6A", "TRENTGL128E0780C8E", "TRAZORC128F426C323", "TROGOPM128F4231A3E", "TRGRTGW12903CD479A", "TRKSTEJ128F4281CC9", "TRRHULT128F4231A35", "TRQLRYB128E079506A", "TRHDTUG128F92E8058", "TREPQFZ128F92FFC03", "TRTMQXU128F14895BA", "TRISZDZ128F1497D8B", "TRKEKRC128F424383C", "TRMFVSX128F4243851", "TRHUNZT128C719654E", "TRQBHMA12903CE44F9", "TROEVBD128F92DC10D", "TRDJIPJ128F9321317", "TRNPVWX128F93353F9", "TROLLDV128F4266643", "TRGEZAD128F423E607", "TRGXWSQ128F9319F0F", "TRXEAZB128E078EDCE", "TRTNBSL128F931C0D5", "TRICJRQ128E078A18A", "TRCXFCK128F931EAF9", "TRCQNKF12903CB507B"], "metrics": {"P": 24, "TP": 2, "precision": 0.04, "recall": 0.08333333333333333, "f1": 0.05405405405405406, "average precision": 0.125, "reciprocal rank": 0.04}}