{"id": "905e0bb88e1f84e1e59a597218ab626ceb9c9f3e", "recommendations": ["TRYACDU128F1482620", "TRPXVMC128F42987CC", "TRENTGL128E0780C8E", "TROGOPM128F4231A3E", "TRDLDIO128F93115F1", "TRSGDDJ128F932CF5B", "TRGXWSQ128F9319F0F", "TRJSEXD128F423DBC4", "TRSOAOI12903CCDAC4", "TRJXBKU128E07842AA", "TRMKIJI128F930F0AD", "TRJHIKI128F42539D8", "TRCFUJE12903CF7D36", "TRTWTQH12903CEA899", "TREFXKL128F148D0B0", "TREEZYR128F92E7CF5", "TRGIOMC128E07988D4", "TRBZVBW128F1470ACB", "TRBIJWZ128F92E0E50", "TRRJENT128E07819D8", "TRRPRXH128F423F02F", "TRIBVFM128F932E029", "TRLBKMN12903CD4C0B", "TROBBXX128E0793D40", "TRYEQTP12903CDF9E6", "TRIRLYL128F42539D1", "TRJCSLS128F1470ACF", "TRUZLOH128F146D76A", "TRTYOCV128F4296173", "TRQWDNH128F93173BE", "TRLATHU128F92FC275", "TRMBFBM128F9317154", "TRZOWZR128F427B5F2", "TRSSAGS128F92E697A", "TRJIESC12903CEB097", "TRGMWUO128F42902B4", "TRLDYLL128F42555DD", "TRCXOWA12903D05588", "TRNURLL128F146CA5F", "TRBNZPP128F428E6F9", "TROPMEE128F4247FCB", "TRJQAEN128F92E0589", "TRKNVRW128F9309A57", "TRJJFDF128F934AB3E", "TRACRRS128F1465A64", "TRIZULQ128F932E773", "TRWFWWS128F145B78F", "TRYRYCT128F92E4457", "TRNALDW128F148B3B5", "TRDRBUL128F4264A97"], "metrics": {"P": 16, "TP": 1, "precision": 0.02, "recall": 0.0625, "f1": 0.030303030303030304, "average precision": 0.0625, "reciprocal rank": 0.3333333333333333}}