{"id": "94d5bdc37683950e90c56c9b32721edb5d347600", "recommendations": ["TRCSHLM128E078B891", "TRYHWLD128F426BF7D", "TROGOPM128F4231A3E", "TRFWGOJ128E0780C8B", "TRUOJJS128F145C256", "TRJQAEN128F92E0589", "TRKHARN128F146DA7A", "TRDEZCI12903C9A6AD", "TRRNFHH128F92D262D", "TRTMQXU128F14895BA", "TRKEKRC128F424383C", "TRMFVSX128F4243851", "TRMXLMR128F425B9B1", "TRQRACN12903C9CE1D", "TRDWBCU128F426C536", "TRJSEXD128F423DBC4", "TRBJOGT128F42396CC", "TRZDMLR128F42854CB", "TROVKCT128F932F7E5", "TRBIFGK128F92F23A2", "TRSCUBC128E0782224", "TRDUOSF128F92EF905", "TRTCZAW128F1456003", "TRWSLFM128F429DBA2", "TRTESAU128F1462DE9", "TRIJOVX128F931B47F", "TROOXQV128F932B6EF", "TRJUPJZ128F42722B0", "TRCDINK128F14A424E", "TRQVCXZ128F4298756", "TRGWMVP128F42B53DE", "TRDYUQO128F4275193", "TRLSLJP128F145F988", "TRPXVMC128F42987CC", "TREJPXI128F92E58AD", "TRWJZEG12903D0820E", "TRKEICN12903CE499C", "TRDFVAD128F426B366", "TRVYXUG128F933AD8F", "TRGNIHW128E0789D37", "TRDZBOU128F92E43E3", "TRWNGMD128F4292425", "TRODMLN128F4221247", "TRCAJOM128F1488559", "TRLIYFS128F148855B", "TRFWGOY128F148B015", "TRKBBNZ128E07917B3", "TRJWPYX128E0791715", "TRPBOHP128E078B74E", "TRPTWGR128F1452734"], "metrics": {"P": 34, "TP": 1, "precision": 0.02, "recall": 0.029411764705882353, "f1": 0.023809523809523815, "average precision": 0.029411764705882353, "reciprocal rank": 0.034482758620689655}}