{"id": "95942345306393998eb3a051ae5fa3c4d5afbaa4", "recommendations": ["TRXGWMG128E0792991", "TRLQXVU128F934CF2D", "TRCOBNP128F42BA577", "TRJCSLS128F1470ACF", "TRUZLOH128F146D76A", "TRTYOCV128F4296173", "TRPJMKA128F4284E71", "TRWIFBN128F9308699", "TRLATHU128F92FC275", "TRXSWJL128F427EEFA", "TRJIESC12903CEB097", "TRLZFMO128F4281C89", "TRBNZPP128F428E6F9", "TRQLRYB128E079506A", "TRHDTUG128F92E8058", "TRACRRS128F1465A64", "TRIZULQ128F932E773", "TRORKFK12903CA2760", "TRXQYVP128F4216A0A", "TROLLDV128F4266643", "TRMWPNK128F93471E5", "TRTNBSL128F931C0D5", "TRCXFCK128F931EAF9", "TRCQNKF12903CB507B", "TRJSEXD128F423DBC4", "TRMCURM128F92E383C", "TRWXJOD128F92E58BD", "TRYZAMO128E079125F", "TRILGUV128F428A4C5", "TRRSWEO128F429312A", "TRAVVMB128F148D1C1", "TRLCQJQ128F14A46BA", "TRZNBQK128F9316A8D", "TRYXYZU128E0792987", "TRLCSDN128F426BD3D", "TRWVMXK128E0784C82", "TRGEUXA128E07842A7", "TRIGDCW128E078F0F4", "TRPUBDM128F42B614D", "TRBVVZX128F14618CD", "TRZAXFA128E0792826", "TRPIKQB128F932E46D", "TRIZLKJ128F149564C", "TRWXMRO128F424DBF7", "TRLDIGW128F93269F8", "TRSLMMM128F930490F", "TRYRFSW128F930490B", "TREFXKL128F148D0B0", "TRBTLYG128F428AE16", "TRSAEFL128E078B035"], "metrics": {"P": 36, "TP": 3, "precision": 0.06, "recall": 0.08333333333333333, "f1": 0.06976744186046512, "average precision": 0.16666666666666666, "reciprocal rank": 0.043478260869565216}}