{"id": "95b2ebf54cd69d732fa433ee8994be5818793efb", "recommendations": ["TRSOAOI12903CCDAC4", "TREFXKL128F148D0B0", "TRSAEFL128E078B035", "TRRBIDE128F92DC547", "TRGLIPW128F92DE72B", "TRYIVTN128F4286515", "TRWYUCK128F42A4C37", "TRTOXZS128F425F19D", "TRNURLL128F146CA5F", "TRACRRS128F1465A64", "TRYCNEZ128F427B8D4", "TRUBXBZ128F146D63D", "TRZDYGB128F9310C23", "TRNUNTK128F428E2D4", "TRPFQLJ128F425DC0A", "TRJDKLG128E0792558", "TRGCHGO128F930A87E", "TRJDBTK128F428A4B3", "TRAVVMB128F148D1C1", "TROKQVH128F148D1C3", "TRQFTEQ128F14B12BC", "TRVSVBH128F14789CD", "TRRWGXO12903CA8481", "TRSMTAP12903CDA490", "TRVAGQR128E0792479", "TRBVVZX128F14618CD", "TRGGMCC128E078EB15", "TRFPDLS128F9335C22", "TRKYGZA128F42365DC", "TRWXMRO128F424DBF7", "TRDSEJJ128F42947D5", "TRWKXAR128F4285080", "TRIKCQI128F92DDC16", "TROVWRV128F14B12C7", "TREEZYR128F92E7CF5", "TRUJZGS128F428B0A5", "TRXKDUR128F4265A59", "TRLPBAI128F9315561", "TRDRSKI128F9313031", "TREHOGG128F428DF46", "TRILDNT128F1451F15", "TRVULRA128F429BBDC", "TRCWJKI128F429BBF2", "TRBIJWZ128F92E0E50", "TRNWRTV128F9319822", "TRWVHDC12903CDBF1E", "TRHOUXO128F425B34B", "TRQVORC128E07913D5", "TRCQKWZ128F933A30C", "TRXSSXM128F932DE11"], "metrics": {"P": 13, "TP": 2, "precision": 0.04, "recall": 0.15384615384615385, "f1": 0.0634920634920635, "average precision": 0.23076923076923078, "reciprocal rank": 0.125}}