{"id": "97e48f0f188e04dcdb0f8e20a29dacb881d80c9e", "recommendations": ["TRTCMBE128F9335CAE", "TRLATHU128F92FC275", "TRENTGL128E0780C8E", "TRXSWJL128F427EEFA", "TRGMWUO128F42902B4", "TRKUUZM128F14782F0", "TRQLRYB128E079506A", "TRHDTUG128F92E8058", "TRDXLKN12903CE824C", "TRIZULQ128F932E773", "TRMWPNK128F93471E5", "TRGXWSQ128F9319F0F", "TRTNBSL128F931C0D5", "TRUDCDN128F92C5A7E", "TRJSEXD128F423DBC4", "TRAGOTA128F92F92C2", "TRYZAMO128E079125F", "TRQXRRH128F1477261", "TRVESUC128F1477267", "TRGGMDE128F1477264", "TRUSIMU128EF3436C8", "TRRSWEO128F429312A", "TRHKLOY128F427B8D9", "TRIAOVI128F425A16D", "TRIGIPE128E078EC89", "TRCFOSH128E07938D5", "TRYVQUO128F145A173", "TRNXTBZ128F92E4EE6", "TRLDIGW128F93269F8", "TRPWPVI128F92EB7B9", "TRLUVSD128E07984A0", "TRSLMMM128F930490F", "TRVULSX128F14824CD", "TRZLLNG128F9326FFC", "TRYRFSW128F930490B", "TROYHPV128F428C6D1", "TRSUNLB128E078180C", "TRMMCBU128E0791823", "TRDFGDH128F424BDD3", "TRFMOUZ128F4289576", "TRWVUUS128F931FF4B", "TRGWMVP128F42B53DE", "TRXVPML12903CFA062", "TRKLLTX128F425FD66", "TRNGQCW128F427B6E7", "TRCXIGZ128E07816E0", "TRWTWZD128F9306865", "TRGTCHK128F42870F8", "TRCOETJ128F14530AA", "TRLNSAU128F14A67FC"], "metrics": {"P": 41, "TP": 2, "precision": 0.04, "recall": 0.04878048780487805, "f1": 0.043956043956043966, "average precision": 0.07317073170731708, "reciprocal rank": 1.0}}