{"id": "9b887e10a4711486085c4fae2d2599fc0d2c484d", "recommendations": ["TRJFFJI128F92E71E9", "TRBWBYD128E078E2E6", "TRZFEOG128E078ECBE", "TRVAIVL128F93278E7", "TRKIRIG128E0791EB7", "TRWWGYN128E078470F", "TRPFUKY128F9327C9D", "TRLVPVM128F9324F10", "TRBYSJQ128F9309AA9", "TRPNQNK128F4257A07", "TRSUPCO128F42925B2", "TRZBDJG128F42727D2", "TRCBRTN12903CC4BD1", "TRMEEEV128F148B228", "TRYEONX128F92F014F", "TRNCEEI128E0799072", "TRDJIPJ128F9321317", "TREELGP128F428748B", "TREYOJA128F4299262", "TRTNUBT128F42A4C8C", "TRVENIG128F42762C5", "TRELTXS128F1477265", "TRVGHNF128F42B83FB", "TRWDPTD12903D018B5", "TRNUNTK128F428E2D4", "TRSCDSH128F148BE9E", "TRGYRAZ12903CE17C2", "TRMTADP128F92CC994", "TRHVOJT128F92C4A3D", "TRJXIEL128F1465555", "TRIABXW128F42727D6", "TRTGSVG128E079281F", "TRPNMAY128F424E451", "TRURTNZ128F9311AD3", "TRJKZTC128F14676A9", "TRDTYHN128E079504D", "TRQRBOM128F425D556", "TRBQIKR128F148BE55", "TRVOZWL12903CD6081", "TRIXKCB128F424EA32", "TRNNBXN128F1459E1E", "TRJZZTW128F426621D", "TRORBYN12903CB9E31", "TRFMOUZ128F4289576", "TRHFWED128F4289573", "TRHQTRY128F4288366", "TRRISZC128F147128C", "TRDCQIN128F42B84F8", "TRFUJDX128F931E5C4", "TRCETGK12903CD83AA"], "metrics": {"P": 51, "TP": 9, "precision": 0.18, "recall": 0.17647058823529413, "f1": 0.17821782178217824, "average precision": 0.8823529411764707, "reciprocal rank": 0.5}}