{"id": "a520488fcf049bbb5cd847cfa4f884c740692780", "recommendations": ["TRJJFDF128F934AB3E", "TROQAXL128F429F87F", "TRLIHKL128F92F5E79", "TRDSEJJ128F42947D5", "TRPFBQH128F92E7CD5", "TRDRSKI128F9313031", "TRWKVRK128F9345DAC", "TRBBANX128F429EA35", "TRKXYWE128F4286516", "TRNIKXX128F4233FDB", "TRMXTQY128F4270323", "TROPMEE128F4247FCB", "TRTGBTJ128E0793EB2", "TRKNVRW128F9309A57", "TRKHARN128F146DA7A", "TRZJNOD128F4264131", "TRRNFHH128F92D262D", "TRYCNEZ128F427B8D4", "TRNVAFT128F428AFF4", "TRXCYYG128F145220B", "TRDWBCU128F426C536", "TRTGUWJ128F146EC54", "TRZDYGB128F9310C23", "TRPKRXW128F426257C", "TRILGUV128F428A4C5", "TRGCHGO128F930A87E", "TRPTWLU128E078584F", "TRSCUBC128E0782224", "TRMHHPP128E0785853", "TRLZYNB128F930A779", "TRJDBTK128F428A4B3", "TRODUJY128F428A4A1", "TRVSVBH128F14789CD", "TRRWGXO12903CA8481", "TRDBFQM128E079298B", "TRLCSDN128F426BD3D", "TRDWEAT128F149242F", "TRZMYKW128F429F880", "TRSMTAP12903CDA490", "TRGEUXA128E07842A7", "TRSVMZM128F93592F5", "TRRRBQI128F146ABDE", "TRVAGQR128E0792479", "TRVDIEE128E0783217", "TRIZLKJ128F149564C", "TRVLXHK128F934B2F4", "TRAEGEA128F1486047", "TRKYGZA128F42365DC", "TRSMTSC128E0788E08", "TRHVSIB128F1485EC2"], "metrics": {"P": 20, "TP": 9, "precision": 0.18, "recall": 0.45, "f1": 0.2571428571428572, "average precision": 2.25, "reciprocal rank": 0.041666666666666664}}