{"id": "a5684a503fb4e1079e0aa4ea223cdfa566bc1579", "recommendations": ["TRYHWLD128F426BF7D", "TRWSLFM128F429DBA2", "TRLIYFS128F148855B", "TRKUSXZ128F4277AF3", "TRQLRYB128E079506A", "TRTMQXU128F14895BA", "TRDXLKN12903CE824C", "TRTNUBT128F42A4C8C", "TRTNBSL128F931C0D5", "TRIDPWO128F423DBC6", "TRMTADP128F92CC994", "TRJDBTK128F428A4B3", "TRIDBZZ128F14595BC", "TRLVLJA128F426430A", "TRUYIOW12903CD6F99", "TRVTOKP128F42AEB2D", "TRLDIGW128F93269F8", "TRIGYDL12903D05328", "TRSLMMM128F930490F", "TRUJZGS128F428B0A5", "TRVYNEC128F92DCCDD", "TRMZUJS128F42957DC", "TRJQRAP128F9314B3F", "TRIEWNB128E078DC7A", "TRSAEFL128E078B035", "TRNYARJ128F147F918", "TRPPQZW128F92C48BC", "TRORBYN12903CB9E31", "TRQLZQH128E0792691", "TRRBIDE128F92DC547", "TRTQWAT128F42596D8", "TRGVTBE128F42870E1", "TRPSGSI128F4270D3E", "TRCSHLM128E078B891", "TRXGJPO128F92D4706", "TRNBFRU128F93269F5", "TRYWDCP128E0784BAB", "TRISZQR12903CB263D", "TRTBBEW128F42813F6", "TRDFVAD128F426B366", "TRVJSIE128F4255507", "TRDZBOU128F92E43E3", "TRCAJOM128F1488559", "TRICSRX128F42BCBD8", "TRYIVTN128F4286515", "TRIRLYL128F42539D1", "TREJOUZ128F4278FCE", "TRYZUSO128F42BA4E2", "TRWIFBN128F9308699", "TRXSWJL128F427EEFA"], "metrics": {"P": 16, "TP": 3, "precision": 0.06, "recall": 0.1875, "f1": 0.09090909090909091, "average precision": 0.375, "reciprocal rank": 0.3333333333333333}}