{"id": "a58de017cbeda1763ea002fe027ed41b4ed53109", "recommendations": ["TRSUPCO128F42925B2", "TRWDPTD12903D018B5", "TRSCUBC128E0782224", "TRPNMAY128F424E451", "TRVDWIE128F1452CB2", "TRQRBOM128F425D556", "TRKEICN12903CE499C", "TRWAVGB128F42AF421", "TRIESUH128F9309753", "TRDFVAD128F426B366", "TRDZBOU128F92E43E3", "TRHTQFK128F427BBAA", "TRJSTRA12903CCA6E9", "TRKUSXZ128F4277AF3", "TRYHWLD128F426BF7D", "TRENTGL128E0780C8E", "TRFKXKB128F425AD8C", "TRWZWWZ12903CA22D9", "TRGMWUO128F42902B4", "TRLDYLL128F42555DD", "TRNEJRG128F425FD88", "TRIGWNQ128F92EB1C7", "TRPNQNK128F4257A07", "TRKHARN128F146DA7A", "TRPKXET128F92ED656", "TRDEZCI12903C9A6AD", "TRRNFHH128F92D262D", "TRIEALJ12903CE0E9B", "TRZSQUD12903CD0378", "TRIOXQM128E0783776", "TRFDGFW128F4286BFF", "TRMXLMR128F425B9B1", "TRLLSRB128F14520BA", "TRIQDZD12903C9A6D7", "TRWPEMR128F14520BC", "TRQRACN12903C9CE1D", "TROLLDV128F4266643", "TRGXWSQ128F9319F0F", "TRIIPXR12903CDBF1A", "TRTNUBT128F42A4C8C", "TRDWBCU128F426C536", "TRUGPTB128F4248266", "TRTGUWJ128F146EC54", "TRCUEAD128F92FFC39", "TRIDPWO128F423DBC6", "TRJFFJI128F92E71E9", "TRVENIG128F42762C5", "TRUHUNN128F92E58B5", "TRYZAMO128E079125F", "TRMVEUX128F423ECE9"], "metrics": {"P": 28, "TP": 5, "precision": 0.1, "recall": 0.17857142857142858, "f1": 0.12820512820512822, "average precision": 0.5357142857142857, "reciprocal rank": 0.0625}}