{"id": "ac1cb58f839ae6773732125e99b4a7394e0661e4", "recommendations": ["TRAGPXZ12903C9E880", "TRYCNEZ128F427B8D4", "TRGCHGO128F930A87E", "TRVSVBH128F14789CD", "TRSMTAP12903CDA490", "TRVAGQR128E0792479", "TRKYGZA128F42365DC", "TRXKDUR128F4265A59", "TRQVORC128E07913D5", "TRJRDDL128F147CBE8", "TRXFKGZ12903CEE34B", "TRFBHLO128F92DE722", "TRHOAVJ128F428B4D2", "TRENTGL128E0780C8E", "TRQGTYQ128F92CDDE4", "TRTBICJ128F4293C13", "TRZSQUD12903CD0378", "TROLLDV128F4266643", "TRQGKFX12903CD9BEF", "TRGXWSQ128F9319F0F", "TRIWPKY128F92E4D6F", "TRFMSLA128F92F99F3", "TRBHQUM128F9309DE1", "TRZDYGB128F9310C23", "TRDQJOA128E078FC70", "TRPKRXW128F426257C", "TRMHHPP128E0785853", "TRLZYNB128F930A779", "TRJDBTK128F428A4B3", "TRDAOOB128F932E752", "TRCULSJ128F429B915", "TRDBFQM128E079298B", "TRDWEAT128F149242F", "TRZMYKW128F429F880", "TROQAXL128F429F87F", "TRLIHKL128F92F5E79", "TRSVMZM128F93592F5", "TRVDIEE128E0783217", "TRRVDOF12903CA7361", "TRVLXHK128F934B2F4", "TRTUSWY128F4238D8C", "TRXWTFJ128F1472058", "TRDSEJJ128F42947D5", "TRWWXIR128F4295415", "TRBQUTX128EF35EEA1", "TRJQLLH128F4217810", "TROVWRV128F14B12C7", "TRIHZJH128F4262F4A", "TRFEZLR128F92C5A85", "TRDRSKI128F9313031"], "metrics": {"P": 41, "TP": 1, "precision": 0.02, "recall": 0.024390243902439025, "f1": 0.021978021978021983, "average precision": 0.024390243902439025, "reciprocal rank": 0.043478260869565216}}