{"id": "b12c786deef0e618b5f277bc337f67128f425efe", "recommendations": ["TRYCNEZ128F427B8D4", "TRGCHGO128F930A87E", "TRVSVBH128F14789CD", "TRSMTAP12903CDA490", "TRVAGQR128E0792479", "TRGWEMB128F92C3BAB", "TRKYGZA128F42365DC", "TRXKDUR128F4265A59", "TRJHALL128F92C48B6", "TRBIJWZ128F92E0E50", "TRKQRVO128F92D630B", "TRQVORC128E07913D5", "TRZJRJZ128F149BC3D", "TRQHEPS128F42933EF", "TRJRDDL128F147CBE8", "TRXFKGZ12903CEE34B", "TRWBTVW128F931E1BA", "TRHOAVJ128F428B4D2", "TRXGIBZ128F427CE2B", "TRNPKRK128F429831C", "TRLATHU128F92FC275", "TRKNKEF128F425FD6A", "TRDZTKM128F42629E7", "TRENTGL128E0780C8E", "TRQGTYQ128F92CDDE4", "TRTBICJ128F4293C13", "TRYGTSD128F4281B32", "TRGACBD128F4284836", "TRFWGOJ128E0780C8B", "TRGMWUO128F42902B4", "TRUOJJS128F145C256", "TRPONOG128F4275608", "TRDRMOW12903CDB1AF", "TRLGQLW128EF3453BA", "TRMQJPF128F14B0B95", "TRACRRS128F1465A64", "TROLLDV128F4266643", "TRDTMRW128F9325CB1", "TRZSDCG128F4247F5B", "TRAXYGR128EF3456B5", "TRGXWSQ128F9319F0F", "TRGVSRU12903CC8F00", "TRUDCDN128F92C5A7E", "TRFMSLA128F92F99F3", "TRSMIXL128F42A52E2", "TRBIVUY128F148724E", "TRMCURM128F92E383C", "TRBHQUM128F9309DE1", "TRWFYPY128F930959C", "TRZDYGB128F9310C23"], "metrics": {"P": 57, "TP": 3, "precision": 0.06, "recall": 0.05263157894736842, "f1": 0.05607476635514018, "average precision": 0.10526315789473684, "reciprocal rank": 0.07692307692307693}}