{"id": "b44a7b18e5861d6b5c0094e43239191cbe5ff4e1", "recommendations": ["TRJQRAP128F9314B3F", "TRYHWLD128F426BF7D", "TRVCFUI128F92E1D42", "TRPUGEO12903CA9D27", "TRNRJUN128F42AE2BC", "TROELRP128F92CDA40", "TRDWBCU128F426C536", "TRHTQDK128F4294A1C", "TRRWGXO12903CA8481", "TRNDWLI128EF340671", "TRMKIJI128F930F0AD", "TRTCMYC128EF340675", "TRXGWZE128F429DB94", "TRWSLFM128F429DBA2", "TRRQKRU128F42634C7", "TRIGYDL12903D05328", "TRSMTSC128E0788E08", "TRZFZEW128F933A950", "TRVYNEC128F92DCCDD", "TRASNUX128F425EAF2", "TRWCYMB12903D009F3", "TROMXUF128EF35EE85", "TRUOBUT128F42B575D", "TRYHLWO128F42BC675", "TRRUXTC12903CE8963", "TRLIYFS128F148855B", "TRKUSXZ128F4277AF3", "TRUTULC128F4293712", "TRCOBNP128F42BA577", "TRUZLOH128F146D76A", "TRMPCGW128F92E0670", "TRCLBXD128F932472C", "TRVGNYX128F93173C3", "TRXPSPE128EF33FB50", "TRDYMST12903CCD314", "TRFWGOJ128E0780C8B", "TRSSAGS128F92E697A", "TRLDYLL128F42555DD", "TRKSEEY12903CCD312", "TRIYARK128F4231A32", "TRKSTEJ128F4281CC9", "TRINNKH128F424BDD0", "TRGUOYN128F428E3F1", "TRGTIIJ128F424DA28", "TRCIOVJ128F429EB51", "TRPCCDQ128F931EB27", "TRKUUZM128F14782F0", "TRUGYZP128F148EF4C", "TRZJNOD128F4264131", "TRJJFDF128F934AB3E"], "metrics": {"P": 29, "TP": 4, "precision": 0.08, "recall": 0.13793103448275862, "f1": 0.10126582278481013, "average precision": 0.3448275862068966, "reciprocal rank": 0.25}}