{"id": "b61afb42335287239bd40e1dea50d849cbf8a9a9", "recommendations": ["TRSUNLB128E078180C", "TRPTWGR128F1452734", "TRHOAVJ128F428B4D2", "TRWIFBN128F9308699", "TRENTGL128E0780C8E", "TRTBICJ128F4293C13", "TRKSEEY12903CCD312", "TRRHULT128F4231A35", "TRPONOG128F4275608", "TRHDTUG128F92E8058", "TRKBPYN128F92DC155", "TRLONXS128F42B8BF5", "TRZJDSP128F92DD42D", "TROLLDV128F4266643", "TRGXWSQ128F9319F0F", "TRXJRSJ128F9330D11", "TRCRJHK128F423DBC9", "TRNVZRD128F424F32F", "TRJSEXD128F423DBC4", "TRWXJOD128F92E58BD", "TRELTXS128F1477265", "TRDAOOB128F932E752", "TRWBOHR128F9331033", "TRFIMXE128F9302AE0", "TRERMWV128F92F991F", "TRSMTSC128E0788E08", "TRAKKFK128F14A895A", "TRASGTI128F9326514", "TRFEZLR128F92C5A85", "TRYHLKG128F92FB330", "TRCODNR128F92F6B16", "TRQAANI128F42A7D55", "TRFNWPG128F92FFA2A", "TRKHLLG128EF3437B3", "TRPXVMC128F42987CC", "TRUOBUT128F42B575D", "TRRERHL128F4246875", "TRTKWUO12903CE9E30", "TRWGSBR128EF34DD0B", "TRRQQYY128F933D800", "TRXAHJR128F148E0E2", "TRIBVFM128F932E029", "TRKKCHY128F92C6AEA", "TRCQYJE128E078FA49", "TRIESUH128F9309753", "TRKBBKW128F4267344", "TRXKYSS128F92D2624", "TRJTJAO128F42ACE87", "TRDWQHL128F147BD31", "TRNZOOI128F425D68F"], "metrics": {"P": 37, "TP": 1, "precision": 0.02, "recall": 0.02702702702702703, "f1": 0.022988505747126433, "average precision": 0.02702702702702703, "reciprocal rank": 0.0625}}