{"id": "b64cdd1a0bd907e5e00b39e345194768e330d652", "recommendations": ["TRCZVRN128F428B9CA", "TRZCNGA128F92D0113", "TREYOMU128F149F9B1", "TRGRCFQ128F146DE19", "TROATCD128F4247F59", "TRJSQQT128F149F9B4", "TRHKCQC128F9311B27", "TRGUFCB128F425AAF3", "TRIOXQM128E0783776", "TRAKNVD12903CFEB09", "TRWCVOF128F42480E6", "TRUBXBZ128F146D63D", "TRDYFOK128F4289A85", "TRSOAOI12903CCDAC4", "TRNUNTK128F428E2D4", "TRVRIEM128F92EB8F6", "TRDQJOA128E078FC70", "TRFIMXE128F9302AE0", "TRDSXBJ12903CCA182", "TRMCUTS128F1495E17", "TRYZKBN128F9312273", "TRHSYHH12903CB08ED", "TRHMTMJ128EF3437B6", "TRCDWIU128F14A228D", "TRCQPYE128F4259B7C", "TRHIZWH128F4243B2A", "TRHBQST128E07930CB", "TRLXSNR128F429361D", "TRHNJTW128E0784786", "TRVAERJ128E07889CC", "TRHOAVJ128F428B4D2", "TRXGIBZ128F427CE2B", "TRNPKRK128F429831C", "TREKYBL128F146DE24", "TRTYOCV128F4296173", "TRSWJHK128F429EA6F", "TREJGVP128EF3436BE", "TRBYSJQ128F9309AA9", "TRLATHU128F92FC275", "TRUMDRI128F424FEFC", "TREJTYD128F4261B09", "TRZOWZR128F427B5F2", "TRFKXKB128F425AD8C", "TRMIKES128F92FFBF4", "TRTBICJ128F4293C13", "TRIYLCV128F4243D6D", "TRGACBD128F4284836", "TRWAVRT128E078907D", "TRWUZCQ128F92FFC1B", "TRTZMTH12903C9DA53"], "metrics": {"P": 23, "TP": 6, "precision": 0.12, "recall": 0.2608695652173913, "f1": 0.1643835616438356, "average precision": 0.9130434782608696, "reciprocal rank": 0.034482758620689655}}