{"id": "bab8d135cf88852063ed4a084dd24c783d7ff841", "recommendations": ["TRGACBD128F4284836", "TRWFSRF12903CE12B6", "TRVAERJ128E07889CC", "TRWFJOB128F4298317", "TRSYLIP128F92F0244", "TRCOEYC128F146DD2B", "TROLLDV128F4266643", "TRYQWHS128F4237626", "TRUOAOC128F148018B", "TRGWEMB128F92C3BAB", "TROFBXV128F9326CD8", "TREEZYR128F92E7CF5", "TRIPESE128F92F1F13", "TRDNRPM12903CFC916", "TRIOFSQ128F14617D5", "TRRPRXH128F423F02F", "TRWAZFN128F423BB1D", "TRKOHVA128F426BF70", "TRSTGGL128F4285F98", "TRHOAVJ128F428B4D2", "TRCOBNP128F42BA577", "TRJCSLS128F1470ACF", "TRXGIBZ128F427CE2B", "TRBHQZM128F42A52D2", "TRLATHU128F92FC275", "TREJTYD128F4261B09", "TRENTGL128E0780C8E", "TRDYMST12903CCD314", "TRTZMTH12903C9DA53", "TRLDYLL128F42555DD", "TRTQDGL128E0780C94", "TRCZVRN128F428B9CA", "TRBXQAP128F9330E46", "TRNURLL128F146CA5F", "TRBNZPP128F428E6F9", "TRXFWYF128F1491D07", "TRTNFBV128F4290606", "TRLGQLW128EF3453BA", "TROPMEE128F4247FCB", "TRRUYSE128F423EF8B", "TRTOMDX128F92F64D2", "TRKNVRW128F9309A57", "TRLBBLG128F933C0E1", "TRJJFDF128F934AB3E", "TRCVVIE128F93131C7", "TRNALDW128F148B3B5", "TRNPWOO128F14A2188", "TRMKRXO128F9339628", "TRQGKFX12903CD9BEF", "TRDTMRW128F9325CB1"], "metrics": {"P": 14, "TP": 2, "precision": 0.04, "recall": 0.14285714285714285, "f1": 0.0625, "average precision": 0.21428571428571427, "reciprocal rank": 0.25}}