{"id": "baf47ed8da24d607e50d8684cde78b923538640f", "recommendations": ["TRDLDIO128F93115F1", "TRNRJUN128F42AE2BC", "TRAJPIQ128F14819A8", "TRXQYVP128F4216A0A", "TRDVUST128F4280D13", "TRSMIXL128F42A52E2", "TROLXKA128F4276D81", "TRODUJY128F428A4A1", "TRZMYKW128F429F880", "TRZVEHE128F92F3A75", "TRMKIJI128F930F0AD", "TRCFUJE12903CF7D36", "TRBROFZ128E07917F6", "TRNDTAS128F148D716", "TRQXTTC128F4264434", "TRLJEFP12903CA71FB", "TRWJDBV128F934AEFB", "TRJYNEJ128F427EE2A", "TRFOVOY12903CD43E2", "TRRUXTC12903CE8963", "TRVQXJW128F93432EB", "TRXNRKG128F425A4B8", "TRXXXOO128F92F51FB", "TRLSBGG128F42B7E15", "TRJEJOJ12903CAA2B2", "TRYEQTP12903CDF9E6", "TRYTKPJ12903CE137C", "TRJCSLS128F1470ACF", "TRNPKRK128F429831C", "TRNZOOI128F425D68F", "TRQIPME12903CFDBB6", "TRTYOCV128F4296173", "TRFKXKB128F425AD8C", "TREYOMU128F149F9B1", "TRTBICJ128F4293C13", "TRYGTSD128F4281B32", "TRDJQCZ128F423D135", "TRGRCFQ128F146DE19", "TRFWGOJ128E0780C8B", "TRTZMTH12903C9DA53", "TRWZFIC128F933BCA3", "TRTHGPK128F147DF90", "TRZJNDO128EF343498", "TRKSEEY12903CCD312", "TRNEJRG128F425FD88", "TRIMONT128F427563E", "TRCZVRN128F428B9CA", "TRJSQQT128F149F9B4", "TRXFWYF128F1491D07", "TRLGQLW128EF3453BA"], "metrics": {"P": 39, "TP": 2, "precision": 0.04, "recall": 0.05128205128205128, "f1": 0.04494382022471911, "average precision": 0.07692307692307693, "reciprocal rank": 0.02040816326530612}}