{"id": "bd8475385f0aa78830fa6dfce9e7242164b035c8", "recommendations": ["TRVDWIE128F1452CB2", "TRENTGL128E0780C8E", "TRGMWUO128F42902B4", "TROLLDV128F4266643", "TRGXWSQ128F9319F0F", "TRIDPWO128F423DBC6", "TRJSZZG128F931B3DD", "TRYZAMO128E079125F", "TRJYEEB128E07993C2", "TRUZVUE128F42415EE", "TRIAOVI128F425A16D", "TRPGEDB128F933CA96", "TRTCMYC128EF340675", "TRUYIOW12903CD6F99", "TRGRDUH128F42AE383", "TRAVROL128F4295413", "TRZWFVY128F92FDBBB", "TRMJXVS12903CACEDC", "TRIANNP128F4229392", "TRALEYR128F932F38D", "TRKKEWB128F423B1D3", "TRONCPQ128F92E0666", "TRWKQXH128F92D264E", "TRKABMK128F426BF72", "TRIAFCN12903CC681D", "TRKTRKM128F4280BB6", "TRKUSXZ128F4277AF3", "TRYHWLD128F426BF7D", "TRMAZHI12903D0E5C8", "TRLATHU128F92FC275", "TREJTYD128F4261B09", "TRFKXKB128F425AD8C", "TROGOPM128F4231A3E", "TRSYLIP128F92F0244", "TRIMONT128F427563E", "TRWBYQT128E0781140", "TRGUOYN128F428E3F1", "TRGTIIJ128F424DA28", "TRJQAEN128F92E0589", "TRMQJPF128F14B0B95", "TRHZJBP128F92C3BC0", "TRQLRYB128E079506A", "TRSJIJK128E07823A3", "TRRHVIC128F92F9908", "TRRJQES128EF35675B", "TRAPJFL128F42AA7B4", "TRIEALJ12903CE0E9B", "TRDADBO128C7196C2E", "TRBGCCF128F1492C86", "TRYNMOX128F1497D91"], "metrics": {"P": 41, "TP": 7, "precision": 0.14, "recall": 0.17073170731707318, "f1": 0.15384615384615385, "average precision": 0.6829268292682927, "reciprocal rank": 0.5}}