{"id": "be0a4b64e9689c46e94b5a9a9c7910ee61aeb16f", "recommendations": ["TRLATHU128F92FC275", "TRRSWEO128F429312A", "TRWJZEG12903D0820E", "TRIRLYL128F42539D1", "TRYHWLD128F426BF7D", "TRYZUSO128F42BA4E2", "TREJTYD128F4261B09", "TRENTGL128E0780C8E", "TRXSWJL128F427EEFA", "TRGMWUO128F42902B4", "TRPONOG128F4275608", "TRQLRYB128E079506A", "TRZBDJG128F42727D2", "TRHDTUG128F92E8058", "TRUGYZP128F148EF4C", "TRTMQXU128F14895BA", "TRDXLKN12903CE824C", "TRKEKRC128F424383C", "TRMFVSX128F4243851", "TROSNGZ128F42705AB", "TRAKNVD12903CFEB09", "TROLLDV128F4266643", "TRMWPNK128F93471E5", "TRGXWSQ128F9319F0F", "TRTNBSL128F931C0D5", "TRHQENS128E0784814", "TRAGOTA128F92F92C2", "TRWFYPY128F930959C", "TRYZAMO128E079125F", "TROKPAZ128E078114A", "TRQXRRH128F1477261", "TRFOKTF128F1477266", "TRMVEUX128F423ECE9", "TRDYFOK128F4289A85", "TRAXBIJ128F147768B", "TRDAOOB128F932E752", "TRIDBZZ128F14595BC", "TRBPDFQ128F42ADE3D", "TRTCZAW128F1456003", "TRLVLJA128F426430A", "TRURTNZ128F9311AD3", "TRFXIHX128F92D7211", "TRPAQLC128F146E045", "TRWSLFM128F429DBA2", "TRLDIGW128F93269F8", "TRPWPVI128F92EB7B9", "TRSGEAR128F92DD6DB", "TRGRDUH128F42AE383", "TRDSEJJ128F42947D5", "TRSLMMM128F930490F"], "metrics": {"P": 41, "TP": 2, "precision": 0.04, "recall": 0.04878048780487805, "f1": 0.043956043956043966, "average precision": 0.07317073170731708, "reciprocal rank": 0.16666666666666666}}