{"id": "c24ec42f0e449ff39a95a01f0795f833b898f71b", "recommendations": ["TRWZWWZ12903CA22D9", "TRSUPCO128F42925B2", "TRWDPTD12903D018B5", "TRPFQLJ128F425DC0A", "TRSCUBC128E0782224", "TRGGMCC128E078EB15", "TRVDWIE128F1452CB2", "TRQRBOM128F425D556", "TREHOGG128F428DF46", "TRKEICN12903CE499C", "TRWAVGB128F42AF421", "TRULKPM128E078E167", "TRHTQFK128F427BBAA", "TRKUSXZ128F4277AF3", "TRYHWLD128F426BF7D", "TRCOBNP128F42BA577", "TRSWJHK128F429EA6F", "TRFWGOJ128E0780C8B", "TRSSAGS128F92E697A", "TRUOJJS128F145C256", "TRPUGEO12903CA9D27", "TRHKCQC128F9311B27", "TRGCHLH12903CB7352", "TRPKXET128F92ED656", "TRRNFHH128F92D262D", "TRYCNEZ128F427B8D4", "TRFDGFW128F4286BFF", "TRWPEMR128F14520BC", "TRWCVOF128F42480E6", "TRDWBCU128F426C536", "TRFMSLA128F92F99F3", "TRTGUWJ128F146EC54", "TRIDPWO128F423DBC6", "TRJFFJI128F92E71E9", "TRVENIG128F42762C5", "TRQXKXL128F426E03E", "TRSOAOI12903CCDAC4", "TRNUNTK128F428E2D4", "TRBWBYD128E078E2E6", "TRKYMJP128F92F2776", "TRSCDSH128F148BE9E", "TRGYRAZ12903CE17C2", "TROVKCT128F932F7E5", "TRRMVBR128F92F64BA", "TRMLFIC128F4228CFD", "TRHVOJT128F92C4A3D", "TRUZVUE128F42415EE", "TRJXIEL128F1465555", "TRJDKLG128E0792558", "TRDQJOA128E078FC70"], "metrics": {"P": 38, "TP": 4, "precision": 0.08, "recall": 0.10526315789473684, "f1": 0.0909090909090909, "average precision": 0.2631578947368421, "reciprocal rank": 0.043478260869565216}}