{"id": "c2d86e9cbf756ce05ea3c163e24de394585b7c53", "recommendations": ["TRLATHU128F92FC275", "TRILGUV128F428A4C5", "TRRSWEO128F429312A", "TRCULSJ128F429B915", "TRGEUXA128E07842A7", "TRBTLYG128F428AE16", "TRSQBCK12903D080B2", "TRJCNOT128F92F992E", "TRCOBNP128F42BA577", "TRUZLOH128F146D76A", "TREJTYD128F4261B09", "TROGOPM128F4231A3E", "TRYGTSD128F4281B32", "TRGSPUQ128E0780DA5", "TRLGQLW128EF3453BA", "TRJQAEN128F92E0589", "TRESMVD128F9310D57", "TRQBZSQ128F42782DC", "TRZJNOD128F4264131", "TRJJFDF128F934AB3E", "TRAGPXZ12903C9E880", "TRMXLMR128F425B9B1", "TRLLSRB128F14520BA", "TRQRACN12903C9CE1D", "TROLLDV128F4266643", "TRDTMRW128F9325CB1", "TRMWPNK128F93471E5", "TRPZATX128F930A220", "TRSMIXL128F42A52E2", "TRJSEXD128F423DBC4", "TRWFYPY128F930959C", "TRDYFOK128F4289A85", "TRLZYNB128F930A779", "TRDAOOB128F932E752", "TRLLLQK128F4294A18", "TRLCQJQ128F14A46BA", "TRDBFQM128E079298B", "TRYXYZU128E0792987", "TRLCSDN128F426BD3D", "TRWVMXK128E0784C82", "TRXGWMG128E0792991", "TRLIHKL128F92F5E79", "TRRRBQI128F146ABDE", "TRPUBDM128F42B614D", "TRIZLKJ128F149564C", "TRVLXHK128F934B2F4", "TRKCILR128F92E7CEF", "TRJQLLH128F4217810", "TRPFBQH128F92E7CD5", "TRURFKD128F9331D5D"], "metrics": {"P": 9, "TP": 1, "precision": 0.02, "recall": 0.1111111111111111, "f1": 0.03389830508474577, "average precision": 0.1111111111111111, "reciprocal rank": 0.03125}}