{"id": "c6c57f27fed3cf897daa4f830a0e2a17e65ba77d", "recommendations": ["TRBHQZM128F42A52D2", "TRZOWZR128F427B5F2", "TRTBICJ128F4293C13", "TRDJQCZ128F423D135", "TRTHGPK128F147DF90", "TRBNZPP128F428E6F9", "TRMQJPF128F14B0B95", "TRLLSRB128F14520BA", "TROLLDV128F4266643", "TRDTMRW128F9325CB1", "TRFMSLA128F92F99F3", "TRCRJHK128F423DBC9", "TRSMIXL128F42A52E2", "TRMCURM128F92E383C", "TRVESUC128F1477267", "TRDAOOB128F932E752", "TRHTQDK128F4294A1C", "TRWBOHR128F9331033", "TRCULSJ128F429B915", "TRQFTEQ128F14B12BC", "TRRQKRU128F42634C7", "TRSAEFL128E078B035", "TRFJCYV12903CB6526", "TRIPESE128F92F1F13", "TRIMFGK128F42BAC92", "TRRBIDE128F92DC547", "TRSCNGW12903CE91EB", "TRIOFSQ128F14617D5", "TRKHLLG128EF3437B3", "TROMXUF128EF35EE85", "TRJLNNO128F149ACCE", "TRSEBCD128F4289D57", "TRNWKFE12903D0C388", "TRJXFXI128F9310DA3", "TRSKTWO128F1462DE8", "TRFKLYC128F4297F0B", "TRJPQML12903CDFF83", "TRWBTVW128F931E1BA", "TRYIVTN128F4286515", "TRWYZIF128F145F85F", "TRKKSRH128F426473F", "TRHOAVJ128F428B4D2", "TRNZOOI128F425D68F", "TRJMHJZ128F4290063", "TRISCAT12903CFDBD0", "TRTYOCV128F4296173", "TREJGVP128EF3436BE", "TRMAZHI12903D0E5C8", "TRLATHU128F92FC275", "TREJTYD128F4261B09"], "metrics": {"P": 21, "TP": 2, "precision": 0.04, "recall": 0.09523809523809523, "f1": 0.056338028169014086, "average precision": 0.14285714285714285, "reciprocal rank": 0.045454545454545456}}