{"id": "cc62e608a1a21353e1673817973235cde4116bad", "recommendations": ["TRRHVIC128F92F9908", "TRZWFVY128F92FDBBB", "TRUZLOH128F146D76A", "TRFKXKB128F425AD8C", "TRFWGOJ128E0780C8B", "TRPNQNK128F4257A07", "TRGUFCB128F425AAF3", "TRIEALJ12903CE0E9B", "TRGVWJC128F93296F7", "TRMEEEV128F148B228", "TRUKLEK128F145AD15", "TRZUAKW12903CB6D3B", "TRTGUWJ128F146EC54", "TRIDPWO128F423DBC6", "TRGYBFF12903C9AF38", "TROVKCT128F932F7E5", "TRJFKID128F92F2377", "TRPFQLJ128F425DC0A", "TRHNEBU128C7196551", "TRJDKLG128E0792558", "TRDQJOA128E078FC70", "TRLLLQK128F4294A18", "TRULNMQ128F92E1FDA", "TRZNBQK128F9316A8D", "TRZVPZQ128E078F0E3", "TRXGWMG128E0792991", "TRIGDCW128E078F0F4", "TRLVLJA128F426430A", "TRGGMCC128E078EB15", "TRVDWIE128F1452CB2", "TRYACDU128F1482620", "TROSTGK128F92C3BB7", "TRJKZTC128F14676A9", "TRTQLIW128F14676B0", "TRWEEEI128F92F9919", "TRBQIKR128F148BE55", "TRBZVBW128F1470ACB", "TRASQGR128F14557AA", "TRVRKIS12903D07703", "TRQVCXZ128F4298756", "TRMJXVS12903CACEDC", "TREHOGG128F428DF46", "TRQKWHI128E079341F", "TRQLZQH128E0792691", "TRALEYR128F932F38D", "TRYRWWE128F427B9AA", "TREJPXI128F92E58AD", "TRVYYDA128F93501B9", "TRJZFIK128F1452266", "TRVGHCP128F1469A87"], "metrics": {"P": 47, "TP": 4, "precision": 0.08, "recall": 0.0851063829787234, "f1": 0.08247422680412371, "average precision": 0.21276595744680848, "reciprocal rank": 0.0625}}