{"id": "cd4566f790e053cccf8448fe1d126f3c4ef2e996", "recommendations": ["TRMXLMR128F425B9B1", "TRQRACN12903C9CE1D", "TRDYUQO128F4275193", "TRDEZCI12903C9A6AD", "TRNALDW128F148B3B5", "TRYQWHS128F4237626", "TRCRJHK128F423DBC9", "TROKQVH128F148D1C3", "TRUOAOC128F148018B", "TRAZUOJ128F92EB81F", "TRACEHO128F1488CEA", "TRIKCQI128F92DDC16", "TREFXKL128F148D0B0", "TROVWRV128F14B12C7", "TRSAEFL128E078B035", "TRCMZBO128F92E308F", "TRVULRA128F429BBDC", "TRCWJKI128F429BBF2", "TRWJDBV128F934AEFB", "TRRBIDE128F92DC547", "TRLPAKN128F427CA2B", "TRLSLJP128F145F988", "TRCQKWZ128F933A30C", "TRXSSXM128F932DE11", "TRWPIDR128F42775D7", "TRYOBEF128F42439B4", "TRBDVDY128F4271F5C", "TRSTLSG128E078370C", "TRSPKDL128F427E8D7", "TRBNJPZ128F934D5A2", "TRBNNIL128E079268E", "TRDFVAD128F426B366", "TRUDGJY128F93557B2", "TRYIVTN128F4286515", "TRXKYSS128F92D2624", "TRLFTUY128F4294765", "TRVCFUI128F92E1D42", "TRTYOCV128F4296173", "TRMBFBM128F9317154", "TRNURLL128F146CA5F", "TRIGWNQ128F92EB1C7", "TRAGACS128E078E74D", "TRPNQNK128F4257A07", "TRZKJFH128E0793EAC", "TRTGBTJ128E0793EB2", "TRKNVRW128F9309A57", "TRKHARN128F146DA7A", "TRONTHY128F4295577", "TRRNFHH128F92D262D", "TRACRRS128F1465A64"], "metrics": {"P": 17, "TP": 1, "precision": 0.02, "recall": 0.058823529411764705, "f1": 0.02985074626865672, "average precision": 0.058823529411764705, "reciprocal rank": 0.03125}}