{"id": "d9b64b85589775e7aa0ac5fbb7fbf255f8792b4b", "recommendations": ["TRDZTKM128F42629E7", "TRVXCWD128F42606B3", "TRJREQL128F92EF09A", "TRORKFK12903CA2760", "TRNMSQS128F92F0DFE", "TRVJSSU128F92E7BE4", "TRTGUWJ128F146EC54", "TRKYMJP128F92F2776", "TRCULSJ128F429B915", "TRULNMQ128F92E1FDA", "TRZVEHE128F92F3A75", "TRAKAMD128F146DA74", "TRBRLNJ128F92F622E", "TRJKOKW128F92E36FB", "TRRQKRU128F42634C7", "TRZEBEC128F931C02D", "TRKODWS128F9324F0D", "TRUBOJX128F425B710", "TRADNPB128F423AEE7", "TRVXZJI128F92E9746", "TRJHJSK128F427D882", "TRWWOLZ128F427D87D", "TRYUHKT128F42393D9", "TRJYNEJ128F427EE2A", "TRZTHKS128F92EC098", "TRVCFUI128F92E1D42", "TREJGVP128EF3436BE", "TRMPCGW128F92E0670", "TRMAZHI12903D0E5C8", "TRBYSJQ128F9309AA9", "TRKNKEF128F425FD6A", "TRMIKES128F92FFBF4", "TRYGTSD128F4281B32", "TRGRTGW12903CD479A", "TRGACBD128F4284836", "TRWAVRT128E078907D", "TRLBBTE128F42858C1", "TRRYLYK128F92F89F6", "TRFWGOJ128E0780C8B", "TRWRRSL128F9330E26", "TRJIESC12903CEB097", "TRTHGPK128F147DF90", "TRZJNDO128EF343498", "TRRHULT128F4231A35", "TRPONOG128F4275608", "TRBNZPP128F428E6F9", "TRINNKH128F424BDD0", "TRDRMOW12903CDB1AF", "TRRUYSE128F423EF8B", "TRCIOVJ128F429EB51"], "metrics": {"P": 20, "TP": 3, "precision": 0.06, "recall": 0.15, "f1": 0.08571428571428572, "average precision": 0.30000000000000004, "reciprocal rank": 0.3333333333333333}}