{"id": "de4b6bc067e53e24a479ce0672a11af971c31c08", "recommendations": ["TRYGTSD128F4281B32", "TRRHULT128F4231A35", "TRBHQUM128F9309DE1", "TRDAOOB128F932E752", "TRDUOSF128F92EF905", "TRHAJRY128F4272004", "TRNWRTV128F9319822", "TRZXPJT128F42BC289", "TRYITZY128F429305C", "TRHMTMJ128EF3437B6", "TRVYYDA128F93501B9", "TRFDWUS128F427EEFE", "TRTTAJO128F4285F90", "TRZTHKS128F92EC098", "TRYZUSO128F42BA4E2", "TREKYBL128F146DE24", "TRMAZHI12903D0E5C8", "TRKNKEF128F425FD6A", "TRENTGL128E0780C8E", "TRDJQCZ128F423D135", "TRJUQIJ128F9316B52", "TRGMWUO128F42902B4", "TRNEJRG128F425FD88", "TRIMONT128F427563E", "TRXFWYF128F1491D07", "TRJQAEN128F92E0589", "TRGBABW128F42928D1", "TRHZJBP128F92C3BC0", "TRJOMGO12903CC6812", "TRPKQOZ128F92F7443", "TRRHVIC128F92F9908", "TRDXLKN12903CE824C", "TRXTIPW128F424EAAA", "TROSNGZ128F42705AB", "TROLLDV128F4266643", "TRDTMRW128F9325CB1", "TRGEZAD128F423E607", "TRAXYGR128EF3456B5", "TRGXWSQ128F9319F0F", "TRUBKJO128F421C971", "TRFUAJM12903CB5042", "TRSMIXL128F42A52E2", "TRJSZZG128F931B3DD", "TRJSEXD128F423DBC4", "TRMCURM128F92E383C", "TREVUBW128F92F91B2", "TROKPAZ128E078114A", "TRVESUC128F1477267", "TRQQBBL12903CFCDE4", "TRNBANL128F423ECE6"], "metrics": {"P": 15, "TP": 1, "precision": 0.02, "recall": 0.06666666666666667, "f1": 0.030769230769230767, "average precision": 0.06666666666666667, "reciprocal rank": 0.022727272727272728}}