{"id": "e4c05157f8cebdf3b9d689c441ba97c5ed5db05b", "recommendations": ["TRSCUBC128E0782224", "TRTXSNK128F14989DB", "TRKEICN12903CE499C", "TRSWJHK128F429EA6F", "TRTHGPK128F147DF90", "TRXFWYF128F1491D07", "TRKHARN128F146DA7A", "TRRNFHH128F92D262D", "TRNTALF128EF343800", "TRJREQL128F92EF09A", "TRYCNEZ128F427B8D4", "TRFDGFW128F4286BFF", "TRDWBCU128F426C536", "TRCRJHK128F423DBC9", "TRFCWVP12903CDBF19", "TROLXKA128F4276D81", "TRSCMBY128F9311188", "TRTWXVY128F42A65EC", "TRILGUV128F428A4C5", "TRGCHGO128F930A87E", "TRPTWLU128E078584F", "TRVSVBH128F14789CD", "TRVABTY128E07860FB", "TRRWGXO12903CA8481", "TRSMTAP12903CDA490", "TRGEUXA128E07842A7", "TROQAXL128F429F87F", "TRZVEHE128F92F3A75", "TRVAGQR128E0792479", "TRQHPJY128F1486A7E", "TRARLCN128F92D7218", "TRDDHZS128E07893AB", "TRVLXHK128F934B2F4", "TRAEGEA128F1486047", "TRKYGZA128F42365DC", "TRDSEJJ128F42947D5", "TRGNBHM128F92E1FE8", "TROOXQV128F932B6EF", "TRBTLYG128F428AE16", "TRXKDUR128F4265A59", "TRIHZJH128F4262F4A", "TRDRSKI128F9313031", "TRZRKRE128F42905B1", "TRDNRPM12903CFC916", "TRSQBCK12903D080B2", "TRICSWW128F428954C", "TRFMOUZ128F4289576", "TRQVORC128E07913D5", "TRLNBPN128F92F6FCC", "TRLVTYG128F145F98C"], "metrics": {"P": 21, "TP": 3, "precision": 0.06, "recall": 0.14285714285714285, "f1": 0.08450704225352111, "average precision": 0.2857142857142857, "reciprocal rank": 0.045454545454545456}}