{"id": "e9b86ca8cd62f072419112174f1a9427dd40aed7", "recommendations": ["TRDAOOB128F932E752", "TRRQKRU128F42634C7", "TRVUTVN128F1488D37", "TRQGEFB12903CCDAA1", "TRZTHKS128F92EC098", "TRENTGL128E0780C8E", "TRGMWUO128F42902B4", "TRBNZPP128F428E6F9", "TRJQAEN128F92E0589", "TRJREQL128F92EF09A", "TRWJYOT128F935572B", "TROLLDV128F4266643", "TRDTMRW128F9325CB1", "TRGXWSQ128F9319F0F", "TRTGUWJ128F146EC54", "TRPZATX128F930A220", "TRCRJHK128F423DBC9", "TRJSEXD128F423DBC4", "TRMCURM128F92E383C", "TRUHUNN128F92E58B5", "TRKYMJP128F92F2776", "TRSCDSH128F148BE9E", "TROVKCT128F932F7E5", "TRHTQDK128F4294A1C", "TRCULSJ128F429B915", "TRLLLQK128F4294A18", "TROQAXL128F429F87F", "TRZVEHE128F92F3A75", "TRTCMYC128EF340675", "TRBRLNJ128F92F622E", "TRVLXHK128F934B2F4", "TRAEGEA128F1486047", "TRJKZTC128F14676A9", "TRTESAU128F1462DE9", "TRIJOVX128F931B47F", "TRKRUFV12903CB7907", "TRWMVFA128F428C6CE", "TRFEZLR128F92C5A85", "TRGLEPF128F93379E9", "TRASQGR128F14557AA", "TRVRKIS12903D07703", "TRIANNP128F4229392", "TRYLITA128F429BC02", "TRFNWPG128F92FFA2A", "TRIMFGK128F42BAC92", "TRLUQEN128F1455E51", "TRSCNGW12903CE91EB", "TRLNBPN128F92F6FCC", "TRWKVRK128F9345DAC", "TROMXUF128EF35EE85"], "metrics": {"P": 33, "TP": 2, "precision": 0.04, "recall": 0.06060606060606061, "f1": 0.048192771084337345, "average precision": 0.09090909090909091, "reciprocal rank": 0.16666666666666666}}