{"id": "eb1ad31d040406c6428c5f4420b0bc709b1c5350", "recommendations": ["TRKHARN128F146DA7A", "TRDWBCU128F426C536", "TRTGUWJ128F146EC54", "TRZUCIS128F92F91B9", "TRJIPSX128F423ECE5", "TRVGHNF128F42B83FB", "TRULNMQ128F92E1FDA", "TRVDHXR128E0782B63", "TRWWOLZ128F427D87D", "TRDZBOU128F92E43E3", "TRDFNWO128F92DFBA5", "TRVPAII128F42435A8", "TRVCFUI128F92E1D42", "TRJMHJZ128F4290063", "TRSWJHK128F429EA6F", "TRGQVNH128F92F62A2", "TRWGYLJ128F92CC96A", "TRLDYLL128F42555DD", "TRLZFMO128F4281C89", "TRBVSQT128F427A82F", "TRUVNIJ128F92FD67D", "TRSSAAP128F14979B6", "TRTGBTJ128E0793EB2", "TRKNVRW128F9309A57", "TRPKXET128F92ED656", "TRDEZCI12903C9A6AD", "TRRNFHH128F92D262D", "TRNTALF128EF343800", "TRNPWOO128F14A2188", "TRZQXRH128F145C1EF", "TRMXLMR128F425B9B1", "TRQRACN12903C9CE1D", "TREELGP128F428748B", "TRXCYYG128F145220B", "TRSZSTM128F428748C", "TRIIPXR12903CDBF1A", "TRUGPTB128F4248266", "TRBAQWQ12903CAFD15", "TRCOOYB128E078ED95", "TRHJLEY128F1493564", "TRFCWVP12903CDBF19", "TRNWZQJ128E0781151", "TRBJOGT128F42396CC", "TRISWHT128F92D3190", "TRSBDSN128F92F91BE", "TRMVEUX128F423ECE9", "TRPTWLU128E078584F", "TRSCUBC128E0782224", "TRFRBUP128F4294A15", "TRQCSKC128F92ED013"], "metrics": {"P": 27, "TP": 6, "precision": 0.12, "recall": 0.2222222222222222, "f1": 0.15584415584415584, "average precision": 0.7777777777777778, "reciprocal rank": 0.25}}