{"id": "ec25e3d78ea8374869a772dc58bb903528a3c9cc", "recommendations": ["TRYHWLD128F426BF7D", "TRWSLFM128F429DBA2", "TROJORG128F1488D3A", "TRJGXED128F9305D7D", "TRLIYFS128F148855B", "TRKUSXZ128F4277AF3", "TROGOPM128F4231A3E", "TRFWGOJ128E0780C8B", "TRGSPUQ128E0780DA5", "TRNRJUN128F42AE2BC", "TRWFWWS128F145B78F", "TRRNBWZ128F4296761", "TROLLDV128F4266643", "TRTIGWA128E0785A84", "TRDTMRW128F9325CB1", "TRCUEAD128F92FFC39", "TRSMIXL128F42A52E2", "TRZDMLR128F42854CB", "TRWKIEA128F9331D66", "TRLLLQK128F4294A18", "TRZNBQK128F9316A8D", "TRZVEHE128F92F3A75", "TRIGDCW128E078F0F4", "TRHQIWG128F1476D6B", "TRTQLIW128F14676B0", "TRTESAU128F1462DE9", "TRIGYDL12903D05328", "TRUYCVH128F92C2B1E", "TRBHKXX128F4252D02", "TRJUPJZ128F42722B0", "TRVYNEC128F92DCCDD", "TRJQRAP128F9314B3F", "TRAPHUO12903CC2719", "TRNYARJ128F147F918", "TRFEZLR128F92C5A85", "TRBROFZ128E07917F6", "TRGLEPF128F93379E9", "TRJHALL128F92C48B6", "TRGKKXR128F148469E", "TRQVCXZ128F4298756", "TRYDUVL128F429875C", "TRIPESE128F92F1F13", "TRILDNT128F1451F15", "TRIANNP128F4229392", "TRKQRVO128F92D630B", "TRKEIZP12903D05324", "TRZVXWG128F9366EAC", "TRZUBVA128F1469484", "TREJPXI128F92E58AD", "TRXAGOY128F147CC75"], "metrics": {"P": 30, "TP": 5, "precision": 0.1, "recall": 0.16666666666666666, "f1": 0.125, "average precision": 0.5, "reciprocal rank": 0.02702702702702703}}