{"id": "edc4e3b50cb4f23282a157edc7ca7cf09afcc093", "recommendations": ["TRCVVIE128F93131C7", "TRJXFXI128F9310DA3", "TRVCFUI128F92E1D42", "TRNZOOI128F425D68F", "TRVGNYX128F93173C3", "TRZYWCD128F425C7FD", "TRLDYLL128F42555DD", "TROPMEE128F4247FCB", "TRUGYZP128F148EF4C", "TRLBBLG128F933C0E1", "TRDLDIO128F93115F1", "TRJREQL128F92EF09A", "TRNPWOO128F14A2188", "TRFLVUY12903CF5438", "TRDWBCU128F426C536", "TRUDCDN128F92C5A7E", "TRFMSLA128F92F99F3", "TRMVEUX128F423ECE9", "TRKYMJP128F92F2776", "TRVABTY128E07860FB", "TRDWEAT128F149242F", "TRZVEHE128F92F3A75", "TRWAJNH128F1458F74", "TRPMCDL128F147F5C0", "TRBRLNJ128F92F622E", "TRRQKRU128F42634C7", "TRLUVSD128E07984A0", "TRDSEJJ128F42947D5", "TRACEHO128F1488CEA", "TRZLLNG128F9326FFC", "TRMQEYI128F1485B6A", "TREEZYR128F92E7CF5", "TRTWLAL128E0782542", "TRLLBYS12903CB653D", "TRBZHVK128F1460299", "TRDRSKI128F9313031", "TRILDNT128F1451F15", "TRFMOUZ128F4289576", "TRMAQWJ128F427EC70", "TRLPAKN128F427CA2B", "TRZUUKG128F145F98A", "TRRPRXH128F423F02F", "TRLNSAU128F14A67FC", "TRJHJSK128F427D882", "TRGLIPW128F92DE72B", "TRTQDER128F92DE72A", "TRFTIBW128F1479218", "TRJYNEJ128F427EE2A", "TRBBANX128F429EA35", "TRVQXJW128F93432EB"], "metrics": {"P": 45, "TP": 3, "precision": 0.06, "recall": 0.06666666666666667, "f1": 0.06315789473684212, "average precision": 0.13333333333333333, "reciprocal rank": 0.1}}