{"id": "f927dddfe26b0c74ada3eaadca41bfb462c37ee4", "recommendations": ["TRTYOCV128F4296173", "TRZCNGA128F92D0113", "TRZOWZR128F427B5F2", "TRDYYDZ128F93353F7", "TRDQWDZ128F933BBBF", "TRZUAKW12903CB6D3B", "TRDAEMU128F92C5A76", "TRVGJLN128F9301089", "TRNFIJZ12903CBA009", "TRPGDSP128F931DD22", "TRWLVJO128F93266CD", "TREFXKL128F148D0B0", "TRWYDVA128F92FDD86", "TRFJCYV12903CB6526", "TRZWFVY128F92FDBBB", "TRQAUIE128F14531EB", "TRVULRA128F429BBDC", "TRCWJKI128F429BBF2", "TRWJDBV128F934AEFB", "TRCQKWZ128F933A30C", "TRXSSXM128F932DE11", "TRWPIDR128F42775D7", "TRYOBEF128F42439B4", "TRSPKDL128F427E8D7", "TRBNJPZ128F934D5A2", "TRQXWTY128F92C5A7A", "TRLQXVU128F934CF2D", "TRJXHHE128F14520D5", "TRMBFBM128F9317154", "TRFKXKB128F425AD8C", "TRIYLCV128F4243D6D", "TRSYLIP128F92F0244", "TRJSQQT128F149F9B4", "TRXVQAJ128F9316B65", "TRNURLL128F146CA5F", "TRUECNT128F9309699", "TRRUYSE128F423EF8B", "TRSUPCO128F42925B2", "TRBNITJ12903D12C2E", "TRLBBLG128F933C0E1", "TRPKXET128F92ED656", "TRIEALJ12903CE0E9B", "TRACRRS128F1465A64", "TRBGCCF128F1492C86", "TRCOEYC128F146DD2B", "TRYRYCT128F92E4457", "TRMKRXO128F9339628", "TRHSSLT128F92D041C", "TRZQLBK128F4279304", "TRFTRHM128F93032DB"], "metrics": {"P": 56, "TP": 8, "precision": 0.16, "recall": 0.14285714285714285, "f1": 0.15094339622641512, "average precision": 0.6428571428571428, "reciprocal rank": 0.14285714285714285}}