{"id": "01655ae6bc52e29c9cd100a7dde4e9eeae5e4031", "recommendations": ["TRBZHVK128F1460299", "TRBNJPZ128F934D5A2", "TRJVBYA128F93434FD", "TRHQTRY128F4288366", "TRDJAQU128F9310059", "TRVUNPB128F1458F35", "TRFHJOI128EF34BFAF", "TRGNIHW128E0789D37", "TRNICFB128F14773EB", "TRUYCVH128F92C2B1E", "TRVGJLN128F9301089", "TRXJRSJ128F9330D11", "TRRUXTC12903CE8963", "TRBBUHB128F4282729", "TRYWDCP128E0784BAB", "TRBVSQT128F427A82F", "TRBOXNP128F92E713A", "TRLMTSL128F93501C4", "TRBBCVJ128F425BE2C", "TRFNFQQ128F9336583", "TRMCTYQ128E07921DC", "TRKDBVR128F935A643", "TRWJYOT128F935572B", "TRVBDGB128F42A75AA", "TRALMAU128F4252947", "TRAZORC128F426C323", "TRILXCN128F92F41C6", "TRGTCHK128F42870F8", "TRLSISM128F9352607", "TRBMLFZ128F1475785", "TRUBEPG128F4273E4D", "TRBPWVZ128F4214A7E", "TRXAGOY128F147CC75", "TRHDJDB128F930527A", "TRPLWAT128F4277121", "TRWJDTI128F424EAD6", "TRSDFTB128F93084D2", "TRFNDHN128F426BE40", "TRTFTZF128F429C835", "TRQIPME12903CFDBB6", "TRKODWS128F9324F0D", "TRCQKWZ128F933A30C", "TROFPUA128F147EF05", "TREYOJA128F4299262", "TRDSXBJ12903CCA182", "TRIEALJ12903CE0E9B", "TRWNFMW128F1465AC3", "TRZSBTE12903CD7F93", "TRZBDJG128F42727D2", "TRLNKSV12903CB4508"], "metrics": {"P": 26, "TP": 2, "precision": 0.04, "recall": 0.07692307692307693, "f1": 0.052631578947368425, "average precision": 0.11538461538461539, "reciprocal rank": 0.038461538461538464}}