{"id": "10e1c96eeaf82f3076fe31bed9a67bb733ef9ff5", "recommendations": ["TRIKCQI128F92DDC16", "TRJQKHX128F932EDCA", "TRKYMJP128F92F2776", "TRUTJWI128F92D3C29", "TRDVRIY128F424CDD0", "TRKGUFM128F429E58A", "TRQLRYB128E079506A", "TRIZGPC128F1488B71", "TRLYHUQ128F92F1089", "TRPJMKA128F4284E71", "TRGTIIJ128F424DA28", "TROHHUT128F931D024", "TRZALGW128F4296174", "TRWTWZD128F9306865", "TRWFYPY128F930959C", "TRGDEII128F4299E32", "TRVIQST128F4251D45", "TRAJPUF128E0784808", "TRODUVI128F4266AAD", "TRXVZKC128F425AEEE", "TRBPWVZ128F4214A7E", "TRVESUC128F1477267", "TRIYARK128F4231A32", "TRGATXL128F42480EA", "TRZDYGB128F9310C23", "TRYZKBN128F9312273", "TRHVOJT128F92C4A3D", "TRILXCN128F92F41C6", "TRZQXRH128F145C1EF", "TRIANNP128F4229392", "TRAAFYL128E07856A7", "TRNVZRD128F424F32F", "TRUYCVH128F92C2B1E", "TRNHFWC128F934B642", "TRJJEQF128F427D284", "TRQHEPS128F42933EF", "TREFSAV12903CDAA21", "TRMVEUX128F423ECE9", "TRHVEUE128F4282C34", "TRQKFUN128F148D01E", "TRQVSRM128F4247F61", "TRRTOFB128E0791102", "TROELRP128F92CDA40", "TRENTGL128E0780C8E", "TRBNZPP128F428E6F9", "TRMKSEG128F92D3C5C", "TRYMQDY12903CA9CCE", "TRGHNPL128F14A19AA", "TRYIJWH128F146948C", "TRECZBL128F146336A"], "metrics": {"P": 14, "TP": 1, "precision": 0.02, "recall": 0.07142857142857142, "f1": 0.03125, "average precision": 0.07142857142857142, "reciprocal rank": 0.0625}}