{"id": "12497e138741a0b94bb36a14bef32c9d0ee20fec", "recommendations": ["TRGPTPB128F92F64D7", "TRZHZZJ128E079307F", "TRIHWXE128F145FF9A", "TREAUJQ128F147CC73", "TRKGBHK128F93271AC", "TRDMQMC128F9338FCD", "TRNPWOO128F14A2188", "TREADKW128F4230F0B", "TRWVWVW128F92FA058", "TRWLVJO128F93266CD", "TRJPTMZ128F425A065", "TRUHIHJ128F424F5BC", "TRRNFHH128F92D262D", "TRGGMDE128F1477264", "TREXNVY128F92DE1E9", "TRIGIPE128E078EC89", "TRTEPKY128F4260B04", "TRXAGOY128F147CC75", "TRKMWHB128E078ED8A", "TRGNBHM128F92E1FE8", "TRYUHKT128F42393D9", "TRSEBCD128F4289D57", "TRVQXJW128F93432EB", "TRLVPVM128F9324F10", "TRLEVVI128F427F174", "TRQCTJY128F931117E", "TRJYOVL12903CCD311", "TRBXJVN128F9309484", "TRTGUWJ128F146EC54", "TRKYXBC12903CF7A88", "TRUADHX128F422555D", "TRNWZQJ128E0781151", "TRZXPJT128F42BC289", "TRFQUXQ128F1488D32", "TRFTIBW128F1479218", "TRMHHPP128E0785853", "TRFCTAQ128E078EBF8", "TRJOWFP128F92C3F7E", "TRQXKXL128F426E03E", "TRFNGJS128F92F9EEE", "TRJGKAW128F147D9B9", "TRSEDXJ128F933BCA2", "TRITRGV12903CEA9C4", "TRZAQAZ128F149F9FF", "TRVMLIA128F92DC109", "TRTGBTJ128E0793EB2", "TRQMGKF128F42B8200", "TRQISHK128F425550E", "TRXUIFW128F9303BBD", "TRMQJPF128F14B0B95"], "metrics": {"P": 19, "TP": 1, "precision": 0.02, "recall": 0.05263157894736842, "f1": 0.028985507246376812, "average precision": 0.05263157894736842, "reciprocal rank": 0.07692307692307693}}