{"id": "12a4a991c8b53cd6906995caed8b1f2bd3b6436a", "recommendations": ["TROINBI12903CDB2D8", "TRSMTSC128E0788E08", "TRCZPQW128F429BBE8", "TRYUWMP128F932F373", "TRLPAKN128F427CA2B", "TRYZVGG128F146D706", "TROBBXX128E0793D40", "TRWMVFA128F428C6CE", "TROJORG128F1488D3A", "TRSTLSG128E078370C", "TRFTRHM128F93032DB", "TRYVQUO128F145A173", "TRZTHKS128F92EC098", "TRIRZLL128F4292437", "TRPDJBX128F42ACF9B", "TRORPWW12903CCE48E", "TREOJBZ128F428D15F", "TRWAZFN128F423BB1D", "TREAUJQ128F147CC73", "TRJYOVL12903CCD311", "TRICRJU12903CC463E", "TRLQKZS128F4247F58", "TRRBCRI128F92F12C9", "TRWBOHR128F9331033", "TRBHZIX128E0786671", "TRCOBNP128F42BA577", "TRQRBOM128F425D556", "TRGWBFK128F92EE885", "TRFBFJE12903CB5057", "TREQUWM128F1477E8F", "TRXZKGS128F429E4EE", "TRRHTLO128F9333BCE", "TRWPEMR128F14520BC", "TREXNVY128F92DE1E9", "TRYIODD128F14617DA", "TRDIJIN128F145F802", "TREJTYD128F4261B09", "TRFXIHX128F92D7211", "TREOURX128F145E2C8", "TRHKHZK128F92FE2BE", "TRFJBDW128F428AB32", "TRFXNFG128F423F5CF", "TRSBWPS128F1458F19", "TRROTDF128F931C028", "TRAGACS128E078E74D", "TRYCNIP128F42133A0", "TRWAVRT128E078907D", "TRUBKJO128F421C971", "TRWLVJO128F93266CD", "TRUDMYV128F1493BA6"], "metrics": {"P": 49, "TP": 2, "precision": 0.04, "recall": 0.04081632653061224, "f1": 0.0404040404040404, "average precision": 0.061224489795918366, "reciprocal rank": 0.037037037037037035}}