{"id": "16cd9a19b5a433919b3cf86073670369e8d2e4f8", "recommendations": ["TRPFFIA128F92E8B63", "TRRXMOY12903CB89CE", "TRWSLFM128F429DBA2", "TRQSXTX12903CCDAC2", "TRHSGST128F424AC57", "TRLLQUJ128F92C2E34", "TRZVEHE128F92F3A75", "TRHLTMZ128F4270948", "TRDQAWQ128F93379DF", "TREELGP128F428748B", "TRLDIGW128F93269F8", "TRVDWIE128F1452CB2", "TRHPZIT128F148B263", "TRWAZFN128F423BB1D", "TRRJQES128EF35675B", "TRLZFMO128F4281C89", "TRBHQZM128F42A52D2", "TRBLDRL128F92E2131", "TRWVUUS128F931FF4B", "TRYQSJG128E078EC88", "TRBHZIX128E0786671", "TRWRHLJ128F93489C4", "TRYRFSW128F930490B", "TRMWNLK12903D00F03", "TRQAOXR12903C9AA36", "TRYGMHK12903CED86A", "TRPGUZQ128E079520F", "TRGXWSQ128F9319F0F", "TRWAVGB128F42AF421", "TRLIYFS128F148855B", "TRLIIKV128F9305E7A", "TRCXCZE128F4298758", "TRKSUEH128E0787846", "TROHHUT128F931D024", "TRQTFUV128F426BFC7", "TRDVRIY128F424CDD0", "TRUATNS128F423457D", "TRSNHEY128EF35E2B7", "TRICJRQ128E078A18A", "TRHBQST128E07930CB", "TRNNBXN128F1459E1E", "TRMLFIC128F4228CFD", "TRBQUTX128EF35EEA1", "TRJFFJI128F92E71E9", "TRQDUQS128F428CD90", "TRAAFYL128E07856A7", "TRFMSLA128F92F99F3", "TRSQBCK12903D080B2", "TRLQXVU128F934CF2D", "TRIRLZE128F148A0D2"], "metrics": {"P": 15, "TP": 1, "precision": 0.02, "recall": 0.06666666666666667, "f1": 0.030769230769230767, "average precision": 0.06666666666666667, "reciprocal rank": 0.02857142857142857}}