{"id": "17aa9f6dbdf753831da8f38c71b66b64373de613", "recommendations": ["TRDAOOB128F932E752", "TRTHNWV128F427C6C0", "TRJFJEQ128F14667DB", "TRNXODJ128F428EA1C", "TRVGHNF128F42B83FB", "TRTVLCE128F92C4794", "TRGXDHV128F93353FB", "TRJYOVL12903CCD311", "TRXHYNW128E078EDF9", "TRBBAEQ128F42B18B9", "TRNIEVN128F148D021", "TRTVIKO128EF344BF8", "TRIDBZZ128F14595BC", "TRCUNTJ128F9307B4D", "TRLVJOB128E078B97F", "TRDCQIN128F42B84F8", "TRZXACK128E0794EE5", "TRSTMBW128F424ECBC", "TRQGKFX12903CD9BEF", "TRIBIFT128F1499457", "TRJEJOJ12903CAA2B2", "TRPHPKY128F428D304", "TRUMXQQ128F932C290", "TRZWEEL128F9311B10", "TRMTMSW128F42745C9", "TRADXNP128F92CA873", "TRCIOFB128F9321D3E", "TRPJRZL128F4234A35", "TREFSAV12903CDAA21", "TRNIZQO128C7196D13", "TRGELVY128F4283621", "TRSJBLT128F429EA02", "TRUCMDD128E0784592", "TRHMSOG128F145A184", "TRDXUYI128F92F6947", "TRUTBWM128F92F36E3", "TRZIAXW128F423AEEA", "TRMVWMZ128F92F23AC", "TRQWDNH128F93173BE", "TRLJEFP12903CA71FB", "TRTQDER128F92DE72A", "TRKJBCZ128F9319F5F", "TROIYSD128F423EFFB", "TRGNBVA12903CA735B", "TREIMYW128F93366A2", "TREAUJQ128F147CC73", "TRMEQQJ128F9336536", "TRRJQES128EF35675B", "TRTGUWJ128F146EC54", "TRWORBU128F428C6CF"], "metrics": {"P": 26, "TP": 1, "precision": 0.02, "recall": 0.038461538461538464, "f1": 0.026315789473684213, "average precision": 0.038461538461538464, "reciprocal rank": 0.02564102564102564}}