{"id": "18dc95f354220b343e98ebbb7c8564291284ed9f", "recommendations": ["TRHMTMJ128EF3437B6", "TRMVUTQ128F4267E5A", "TRFLVUY12903CF5438", "TROBYTB128F422975C", "TRHSGST128F424AC57", "TRYWEYV12903CBA002", "TRLDYLL128F42555DD", "TRYGMHK12903CED86A", "TRKIRIG128E0791EB7", "TRKVHLV12903D051C2", "TRPNQNK128F4257A07", "TRWGLYO128E078F8B8", "TRMWNLK12903D00F03", "TRGTIIJ128F424DA28", "TRQRCBM128F14640C5", "TROELRP128F92CDA40", "TRMWSLW12903CEDD9D", "TRRIHBF128F428192D", "TRENYZD12903CE75B6", "TRRNBWZ128F4296761", "TRWSWXC128E0793080", "TRHKHZK128F92FE2BE", "TRDVEDN12903CF98E0", "TRAOMJB128F9305AB6", "TRATGLN128F14A23DB", "TRYOLLV128F930682F", "TRTGBTJ128E0793EB2", "TRBCMSH12903D03298", "TRYACDU128F1482620", "TRZQLBK128F4279304", "TRYCIZS128E0786379", "TRHOURR128F14A2E26", "TREBWYU12903CCDAA8", "TRIWRMP12903CCDAC0", "TRGCHLH12903CB7352", "TRJDUIU12903CE9200", "TRLAOXU128F148B0FE", "TRDYMST12903CCD314", "TRPNBQU128F427AB21", "TRVUBFM128E0792688", "TRLZYNB128F930A779", "TRNWEYN128E0793C6E", "TRTCMBE128F9335CAE", "TRFSRBB128F934C183", "TRQQEOG128F92FA05A", "TRIWQAQ128F92D261D", "TRZKJFH128E0793EAC", "TRRBOAA12903CC5965", "TRMHHPP128E0785853", "TRIBSKV128F930A049"], "metrics": {"P": 45, "TP": 3, "precision": 0.06, "recall": 0.06666666666666667, "f1": 0.06315789473684212, "average precision": 0.13333333333333333, "reciprocal rank": 0.2}}