{"id": "1a849df9dabb15845eb932d46d81e2fd77176786", "recommendations": ["TRIAFCN12903CC681D", "TRJVDZZ128E078FA46", "TRHDTUG128F92E8058", "TREOJBZ128F428D15F", "TRJLNNO128F149ACCE", "TRUTJWI128F92D3C29", "TRHPSDO12903CE5189", "TRRLQFB128E0792F78", "TRZALGW128F4296174", "TRFWGOY128F148B015", "TRCUNTJ128F9307B4D", "TRZVPZQ128E078F0E3", "TRNSQQP128F425ABA3", "TRJHNXU12903CBA929", "TRALMAU128F4252947", "TRADNPB128F423AEE7", "TROYTES128F148C87E", "TRYYTUP128F4298472", "TRDVRIY128F424CDD0", "TRLHHWD12903CDB311", "TRTIGWA128E0785A84", "TROVEVL128F932A447", "TRMOWOJ128E07818C8", "TRBBCVJ128F425BE2C", "TRIMFGO128F423706F", "TRSTLSG128E078370C", "TRWLVJO128F93266CD", "TRMUUVS12903CDBC29", "TRILXCN128F92F41C6", "TRDLNVG128E078F430", "TRHVZYA128E07848F1", "TRIBIFT128F1499457", "TRBBAEQ128F42B18B9", "TRLONXS128F42B8BF5", "TRCOTZQ128F42AE3C0", "TRJNVUD128F429B913", "TRHNXJT128F145A8B2", "TRKBVZL128F42134BA", "TRWMVFA128F428C6CE", "TRMVWMZ128F92F23AC", "TRRBLWC12903CDD611", "TREXNVY128F92DE1E9", "TRHBQST128E07930CB", "TRBDVDY128F4271F5C", "TRIYARK128F4231A32", "TRTVIKO128EF344BF8", "TRUYCVH128F92C2B1E", "TRPKXET128F92ED656", "TRYOOQS12903CCDAD0", "TRUXLWW128F14567C4"], "metrics": {"P": 30, "TP": 1, "precision": 0.02, "recall": 0.03333333333333333, "f1": 0.025, "average precision": 0.03333333333333333, "reciprocal rank": 0.029411764705882353}}