{"id": "1b704d4cddabea8258bd93497fcb73eab32fa592", "recommendations": ["TRIFHVJ128F4286790", "TRCRJHK128F423DBC9", "TRXCUAV128E0793B6A", "TRHZMUG128E0781AE5", "TROHHUT128F931D024", "TRAXBIJ128F147768B", "TRNMSQS128F92F0DFE", "TRZHZZJ128E079307F", "TRDSXBJ12903CCA182", "TRXJMEA128F1496AC7", "TRIVMCG128F932105E", "TRVWFPD128F423BCE2", "TRYXHPR128F14595B6", "TRBZIWR128F92E58B8", "TRHCNQW128F149626E", "TRHZSMH128F1461B9F", "TRVCFUI128F92E1D42", "TRGMNJO128F14B1381", "TRRBLWC12903CDD611", "TRMWPNK128F93471E5", "TRBQWGI128E0793D38", "TRHXTGC128F428B6D7", "TRNNCOL128F1488D34", "TRORBYN12903CB9E31", "TRLLBYS12903CB653D", "TRTXWWG128F930F282", "TRJXFXI128F9310DA3", "TRVUGOX128E0784629", "TRMQRTH128F42592D3", "TRLSSVN128F428B708", "TRPGUZQ128E079520F", "TRNCEEI128E0799072", "TRNUNTK128F428E2D4", "TRKHHRY128F14649C3", "TRTSIIQ128C719691B", "TRSZSTM128F428748C", "TRGAFMD128F148CDA3", "TRINNKH128F424BDD0", "TRYWDCP128E0784BAB", "TRCULSJ128F429B915", "TRZVPZQ128E078F0E3", "TRHPSDO12903CE5189", "TRKDRZT128F427930E", "TRGXWSQ128F9319F0F", "TRIDUTO128F92DE1A5", "TROATCD128F4247F59", "TRCOOYB128E078ED95", "TRTEOTK128F930F4B8", "TROCQRP128F1463538", "TRIWZQE12903CB33F4"], "metrics": {"P": 59, "TP": 2, "precision": 0.04, "recall": 0.03389830508474576, "f1": 0.03669724770642202, "average precision": 0.05084745762711865, "reciprocal rank": 1.0}}