{"id": "25918b59c1b7ff80dff2e7ca5fd88912193b0503", "recommendations": ["TRJKZTC128F14676A9", "TRMCTYQ128E07921DC", "TRBNJPZ128F934D5A2", "TRWORBU128F428C6CF", "TRUGPTB128F4248266", "TRWCEKE128F93191BE", "TRCIOFB128F9321D3E", "TRHDCQY128F423BEDF", "TRVUNPB128F1458F35", "TRBNNIL128E079268E", "TRMAZHI12903D0E5C8", "TRLIHKL128F92F5E79", "TRCHQIO128F425C8DB", "TRCZVRN128F428B9CA", "TRUMIHF12903CBE0A8", "TRUTBWM128F92F36E3", "TRCAJUC128F429BBF8", "TRVJGDX128F42645CA", "TRIZIPB128F4278389", "TRGWEMB128F92C3BAB", "TROZOZY12903CB6376", "TRVVTVG128F4248395", "TRAFLIC128F423B939", "TRFDFML128F42B53E4", "TRMCFBP128F4214801", "TRCUXDM128F425550B", "TRSHPHX12903CD43E0", "TRKIMCO12903CC14D3", "TRNDBSR128E0792511", "TRUUKWB128E0792985", "TRXVQGE128E07847D5", "TRVIGDJ128F4262CD6", "TRWJYOT128F935572B", "TRAARZK12903D14A2D", "TRYKMQL128F4227B91", "TRGUFCB128F425AAF3", "TRXEMOI12903CFEAF2", "TRUZLUT128F92ECBC3", "TRNLXJM128F4289801", "TRZWHXG128F4296B91", "TRSXTPX128F9352025", "TRYJSDC128EF34B5C8", "TRADXNP128F92CA873", "TRRRKRN128F4226ED4", "TRYRZRK128F4228CD0", "TRKODWS128F9324F0D", "TRKJMNS128F423EEA2", "TRVWQEV128F932799A", "TRNQDKW128E07824EC", "TRLGQLW128EF3453BA"], "metrics": {"P": 19, "TP": 1, "precision": 0.02, "recall": 0.05263157894736842, "f1": 0.028985507246376812, "average precision": 0.05263157894736842, "reciprocal rank": 0.04}}