{"id": "2aa991d816553f172338ba4834193aba92abb4c3", "recommendations": ["TRNUNTK128F428E2D4", "TRZJDSP128F92DD42D", "TREJOUZ128F4278FCE", "TRORBYN12903CB9E31", "TROLLDV128F4266643", "TRIGTIQ128F14979A3", "TREBUCN128F92D2CAC", "TRVRZYH128F1458F22", "TRPSFSJ128F1492171", "TRGOJNK128F92F2A03", "TRLATHU128F92FC275", "TRKGUFM128F429E58A", "TRMEEEV128F148B228", "TRBHKSW128F9339461", "TRNWRTV128F9319822", "TRQQBBL12903CFCDE4", "TRDUKQW128F427BDBB", "TRQFMIO128F9310D4F", "TRIRULV128F42BAE52", "TRJPQML12903CDFF83", "TRCULSJ128F429B915", "TRBGCCF128F1492C86", "TRHEIAI128F92C2E28", "TRVMLIA128F92DC109", "TRFNGJS128F92F9EEE", "TRVRIEM128F92EB8F6", "TRKEIZP12903D05324", "TRWWJOQ128F147395F", "TRTVDWN128F42678A4", "TRUAFFD128F4277048", "TRUYIOW12903CD6F99", "TRAPHUO12903CC2719", "TRCTYHN128F92FE2D2", "TRGDEII128F4299E32", "TRNNCOL128F1488D34", "TRIRYEI128F424364D", "TRZLVQP128E07813EB", "TRXNSHK128E078B710", "TRPTWGR128F1452734", "TRMHUPX128F4286774", "TRDGCTE128E0789C07", "TRXYLKX128F148988C", "TRYRYCT128F92E4457", "TRQQKHR128F9335F72", "TRNWZQJ128E0781151", "TRPFQLJ128F425DC0A", "TRYYDSF128E07990B5", "TRECAAG128F931C025", "TRNZIOV128F42ACE89", "TRYDWIS128F935A452"], "metrics": {"P": 21, "TP": 1, "precision": 0.02, "recall": 0.047619047619047616, "f1": 0.028169014084507043, "average precision": 0.047619047619047616, "reciprocal rank": 0.023809523809523808}}