{"id": "3187e658fd71be99d68d96f3a61a436c8a607365", "recommendations": ["TRGSPUQ128E0780DA5", "TROIVHS128F931D5F0", "TRARYTX128F145F6AA", "TRRKISY128F428BC76", "TRZBDJG128F42727D2", "TRFHPPK128F934C17A", "TRPWMGN128E078F2B8", "TRMQJPF128F14B0B95", "TREVDLU128F42BCA88", "TRTQDER128F92DE72A", "TRKTRKM128F4280BB6", "TRLDBMO128F932A7AC", "TRGQVNH128F92F62A2", "TROIYSD128F423EFFB", "TRGMNJO128F14B1381", "TRBJOGT128F42396CC", "TRIESUH128F9309753", "TRKNFSA128F428192C", "TRVOZWL12903CD6081", "TRDRMOW12903CDB1AF", "TRLNSAU128F14A67FC", "TRZLCXX128F92CC96D", "TRTEFAC128F4259E9D", "TRARBMS128F42775F8", "TRGNBVA12903CA735B", "TRHXTGC128F428B6D7", "TRNCEEI128E0799072", "TRKZRXH12903C9AC40", "TRNFCDV128F1489886", "TRHQVQZ12903CA528E", "TRKBJPL12903CED195", "TRXSWJL128F427EEFA", "TRSZSTM128F428748C", "TRDLDIO128F93115F1", "TRFIMXE128F9302AE0", "TRIFHVJ128F4286790", "TRPSRUP12903CFE921", "TRODWAL128F148B0F4", "TRIUJRC128F14A5547", "TRXAGOY128F147CC75", "TREVQOT128F42596E5", "TRGRTGW12903CD479A", "TRZXIRJ128E0781337", "TRYHLWO128F42BC675", "TRVBDGB128F42A75AA", "TRBKZTU128F14520F9", "TRKBPYN128F92DC155", "TRAHBQT128F4213403", "TRONCPQ128F92E0666", "TRGXQPS12903C9AE3C"], "metrics": {"P": 16, "TP": 1, "precision": 0.02, "recall": 0.0625, "f1": 0.030303030303030304, "average precision": 0.0625, "reciprocal rank": 0.029411764705882353}}