{"id": "38b3d1771dfbd0d8e2391ad3749f0bd93643210b", "recommendations": ["TRNLHWO128F92EAABF", "TRUUUMU128F4277908", "TRBOCQJ128F425DEF4", "TRXLZRG128F42836AC", "TRGFOHY128EF340592", "TRTYOCV128F4296173", "TRRSWEO128F429312A", "TRYBKPF128F93102B9", "TRVUBFM128E0792688", "TRZYKRT128F932796C", "TRUBOJX128F425B710", "TRTGSVG128E079281F", "TRNTALF128EF343800", "TRHNEBU128C7196551", "TRVSPZH128F932133E", "TRWBDIT128F423714D", "TRZSOKH128F92FED73", "TRXGWZE128F429DB94", "TREUYJH128F429B903", "TRKLLTX128F425FD66", "TRDRBUL128F4264A97", "TRMCURM128F92E383C", "TRKETGO128EF345FA8", "TRAQEFQ128F92FED2A", "TRUKLEK128F145AD15", "TRKRJTO128F934259F", "TRQFTEQ128F14B12BC", "TRZUBVA128F1469484", "TRSAVRV128E0784602", "TRWIKBX128E078F037", "TROFPUA128F147EF05", "TRGWBFK128F92EE885", "TRTFEWY128F42596E4", "TRDFNWO128F92DFBA5", "TREFXKL128F148D0B0", "TRSSAAP128F14979B6", "TRIJOVX128F931B47F", "TRDSXBJ12903CCA182", "TRUENYE128E078FEB5", "TRVUGOX128E0784629", "TRBUGXE128F428CD28", "TRCFPJB128F4289566", "TRPADGS12903D0C382", "TRIANNP128F4229392", "TROCQRP128F1463538", "TRDBFQM128E079298B", "TRISZQR12903CB263D", "TRJFKID128F92F2377", "TRWHTGG128F1457193", "TRUGAMR128EF362305"], "metrics": {"P": 18, "TP": 3, "precision": 0.06, "recall": 0.16666666666666666, "f1": 0.08823529411764705, "average precision": 0.3333333333333333, "reciprocal rank": 0.5}}