{"id": "3cffdcdc03294b3712ad65df7d9701a655b4b735", "recommendations": ["TRRBLWC12903CDD611", "TRILXCN128F92F41C6", "TRIVMCG128F932105E", "TRCLJGP128E079273D", "TRULKPM128E078E167", "TRUTJWI128F92D3C29", "TRKGTGW128F9300EA3", "TRUTULC128F4293712", "TRBQWUB128F42597B1", "TRJKOKW128F92E36FB", "TRGYRAZ12903CE17C2", "TRCOBNP128F42BA577", "TRWMZOQ12903CC16CB", "TRDVRIY128F424CDD0", "TRWGLYQ12903CC7850", "TRKEKRC128F424383C", "TREJTYD128F4261B09", "TRMXLMR128F425B9B1", "TRWTJKJ128E078FC10", "TRJVHZZ128F92F8A0B", "TRWFSRF12903CE12B6", "TRVTOKP128F42AEB2D", "TRUYCVH128F92C2B1E", "TREOKKU128F92EF8AB", "TRIRLYL128F42539D1", "TRNRJUN128F42AE2BC", "TRBQIKR128F148BE55", "TRKCNRR128F92EF918", "TRRQDKP128F4262F4B", "TRUWYFM128F423F000", "TRWHCBT128F4226AA5", "TRGSPUQ128E0780DA5", "TRFDWUS128F427EEFE", "TRBPWVZ128F4214A7E", "TRUFVIR12903D0A492", "TRLXVHI128F1498A29", "TREIMYW128F93366A2", "TRITRGV12903CEA9C4", "TRMICAY128F425A06B", "TRJXKPM128F14A895E", "TRZLPJO128F423C693", "TREKBQV128F931DFD5", "TRANIJQ128F4298A10", "TRFNWPG128F92FFA2A", "TRMESMD128F1458F90", "TRPLWAT128F4277121", "TRGQVNH128F92F62A2", "TRTQDER128F92DE72A", "TRZULWO128F92FF0D7", "TRUZLMI12903D0C380"], "metrics": {"P": 12, "TP": 1, "precision": 0.02, "recall": 0.08333333333333333, "f1": 0.03225806451612903, "average precision": 0.08333333333333333, "reciprocal rank": 0.02}}