{"id": "3f152d355d53865a2ca27ac5ceeffb7ebaea0a26", "recommendations": ["TRUUKWB128E0792985", "TREOJBZ128F428D15F", "TRCUXDM128F425550B", "TRTUQFU128F42A1F1E", "TRHQENS128E0784814", "TRAJPUF128E0784808", "TRMVWMZ128F92F23AC", "TRNNCOL128F1488D34", "TRRHVIC128F92F9908", "TRDVEDN12903CF98E0", "TRHJJEC128F92FA041", "TRIBIFT128F1499457", "TRJZFIK128F1452266", "TRYZUSO128F42BA4E2", "TRWFYPY128F930959C", "TRIZGPC128F1488B71", "TRPJMKA128F4284E71", "TRNJLAS128F423CC6A", "TRWFWWS128F145B78F", "TROLXKA128F4276D81", "TRNIACV128F9301DC2", "TRWTWZD128F9306865", "TRQSETD128F92F6525", "TRYOLLV128F930682F", "TRDWEAT128F149242F", "TRCUNTJ128F9307B4D", "TRSNYWZ128F148E0E1", "TRJIIBZ128F148D69A", "TRCXFPD128C7196A52", "TRJWXMY128F42376B7", "TRIOXQM128E0783776", "TRZYGSG128F9310CDB", "TRIWRMP12903CCDAC0", "TRMNYZQ128F1459E10", "TRUBKJO128F421C971", "TRZMYKW128F429F880", "TRCIOVJ128F429EB51", "TRMOZVH128F148D323", "TRYRZRK128F4228CD0", "TRKJMNS128F423EEA2", "TRBNZPP128F428E6F9", "TRURTNZ128F9311AD3", "TRBYSQD128F424D87E", "TRUECNT128F9309699", "TRHPSDO12903CE5189", "TRKWKUU128F92D674E", "TRHHOOK128F42632FB", "TROVKCT128F932F7E5", "TRPXVMC128F42987CC", "TRJWNBW12903D00993"], "metrics": {"P": 14, "TP": 1, "precision": 0.02, "recall": 0.07142857142857142, "f1": 0.03125, "average precision": 0.07142857142857142, "reciprocal rank": 0.25}}