{"id": "3fd3acaa8dfeb94b0602a33085b44ebe80545dd2", "recommendations": ["TRTYOCV128F4296173", "TRUUUMU128F4277908", "TRCVIWD128F92FFC83", "TRWAVGB128F42AF421", "TRHNEBU128C7196551", "TRUBOJX128F425B710", "TRFXIHX128F92D7211", "TRQXRRH128F1477261", "TRSTLSG128E078370C", "TREVWKL12903CD9D32", "TRWJDTI128F424EAD6", "TRJJFDF128F934AB3E", "TRSGDDJ128F932CF5B", "TRZQWLN128F426235E", "TRXGWZE128F429DB94", "TRZWHXG128F4296B91", "TRYTIGK128F9326C63", "TRARYZV128F92EF912", "TRRKISY128F428BC76", "TRHPOIX12903CE895D", "TRGWBFK128F92EE885", "TRYZUSO128F42BA4E2", "TRGWEMB128F92C3BAB", "TRZOWZR128F427B5F2", "TRIZIPB128F4278389", "TRIVSTV12903CAE6BE", "TRDRMOW12903CDB1AF", "TRKBPYN128F92DC155", "TRVSPZH128F932133E", "TRXGVYV128F1463447", "TRWYZIF128F145F85F", "TRLNSAU128F14A67FC", "TRKETGO128EF345FA8", "TRNQDKW128E07824EC", "TRVVTVG128F4248395", "TREFXKL128F148D0B0", "TRKZUVW128F145AF48", "TRSSAAP128F14979B6", "TRXXXOO128F92F51FB", "TRNIACV128F9301DC2", "TROOXQV128F932B6EF", "TRHJLEY128F1493564", "TRIGDCW128E078F0F4", "TRUYCVH128F92C2B1E", "TRZUBVA128F1469484", "TRSAVRV128E0784602", "TRKYGZA128F42365DC", "TRBPWVZ128F4214A7E", "TRBUGXE128F428CD28", "TRDLWOO128F932E729"], "metrics": {"P": 18, "TP": 1, "precision": 0.02, "recall": 0.05555555555555555, "f1": 0.029411764705882353, "average precision": 0.05555555555555555, "reciprocal rank": 0.045454545454545456}}