{"id": "4c6e2b39891084e55a670676aecc582a7ad5eee4", "recommendations": ["TRRNBWZ128F4296761", "TRNUNTK128F428E2D4", "TRXVRJG128E0789081", "TROBYTB128F422975C", "TRCULSJ128F429B915", "TRJQRAP128F9314B3F", "TRGUOYN128F428E3F1", "TRRXNSP128F93321FB", "TRORBYN12903CB9E31", "TROIESH128F422EEA3", "TRWGYLJ128F92CC96A", "TRMEEEV128F148B228", "TRBWBYD128E078E2E6", "TRVMLIA128F92DC109", "TRGOJNK128F92F2A03", "TRFNGJS128F92F9EEE", "TRJFKID128F92F2377", "TRUGAMR128EF362305", "TRVZFVK128F42A4C3C", "TRNWZQJ128E0781151", "TRJCNOT128F92F992E", "TRXQYVP128F4216A0A", "TRSSAGS128F92E697A", "TRBHHZZ128F4298713", "TRIJOVX128F931B47F", "TRPBQHC128F93264F2", "TRRBOAA12903CC5965", "TRTFEWY128F42596E4", "TRUWDZO128F9339024", "TRAHVXE128F9339BAD", "TRICDNN128F92F5E85", "TRPJMKA128F4284E71", "TRGLIPW128F92DE72B", "TRYEINP128F1485EBF", "TRWFYPY128F930959C", "TRWTWZD128F9306865", "TRAJPUF128E0784808", "TRENYZD12903CE75B6", "TRFDWUS128F427EEFE", "TRBTIFY12903CAB63C", "TRQEOVI128F9303BDE", "TRYIQZA128E0786BA0", "TRIZGPC128F1488B71", "TRSEDXJ128F933BCA2", "TRXAMWP128F9307435", "TRTEOTK128F930F4B8", "TRKCOAU128E07853F3", "TRCOBNP128F42BA577", "TRBNZPP128F428E6F9", "TRMCURM128F92E383C"], "metrics": {"P": 28, "TP": 1, "precision": 0.02, "recall": 0.03571428571428571, "f1": 0.02564102564102564, "average precision": 0.03571428571428571, "reciprocal rank": 0.03333333333333333}}