{"id": "50e8b82d39627c1aef0df5ad97b4a66a629c8edc", "recommendations": ["TRNCEEI128E0799072", "TRRNVYI128F931B0BA", "TRTCMBE128F9335CAE", "TRJQRAP128F9314B3F", "TRZODJZ128E0792999", "TRYLPXE128F92F455F", "TRKNFSA128F428192C", "TRHXTGC128F428B6D7", "TRORBYN12903CB9E31", "TRPPQZW128F92C48BC", "TRBHKSW128F9339461", "TRQOXMF128F1456F8C", "TRGMNJO128F14B1381", "TRHBJZF128F1481A63", "TRPELLJ128F9321962", "TREJAXB128F42BC34A", "TRBCJUF128F93190C2", "TRKWXAG128EF340672", "TREBUCN128F92D2CAC", "TRDCQIN128F42B84F8", "TRIHZJH128F4262F4A", "TRPGUZQ128E079520F", "TRITNCR128F428907A", "TRSEZDY128F1455E48", "TRMQDNB128F4263AE6", "TRQWJKU128F14618D1", "TRKVHLV12903D051C2", "TRLSSVN128F428B708", "TRIFHVJ128F4286790", "TRXWBQL128E07860FF", "TRGOJNK128F92F2A03", "TRONCBQ128EF3518FF", "TRCIZPC12903CA480F", "TRBYIUL128F9305E6B", "TROSZFU128F429EF89", "TRISILF128F92F029E", "TRZARMV128F428E8A7", "TRGVWJC128F93296F7", "TRQJALO128F423ECE8", "TRTBICJ128F4293C13", "TROBOAI128E078480D", "TRJHALL128F92C48B6", "TRXVRJG128E0789081", "TRRNBWZ128F4296761", "TRZXPJT128F42BC289", "TREPUVB128F423ECEA", "TRPFFIA128F92E8B63", "TRGSBYN12903D01E26", "TRLNTDR128F426BE2D", "TRWLGCH128F4287A0B"], "metrics": {"P": 21, "TP": 1, "precision": 0.02, "recall": 0.047619047619047616, "f1": 0.028169014084507043, "average precision": 0.047619047619047616, "reciprocal rank": 0.022222222222222223}}