{"id": "529b42cdbc379ad2e765aec6d3bad8a192038741", "recommendations": ["TRSMTAP12903CDA490", "TROIXIC128F427B6F6", "TRJYOAR128F428E9F7", "TRJYOVL12903CCD311", "TRJFJEQ128F14667DB", "TRYEIDS12903CA2821", "TRLIIKV128F9305E7A", "TRPLWSA128F92D555C", "TRHBQST128E07930CB", "TRNXODJ128F428EA1C", "TRTOMDX128F92F64D2", "TRHQICJ128F427B6B5", "TRZVEHE128F92F3A75", "TRBHKXX128F4252D02", "TRULNMQ128F92E1FDA", "TRIFWAT128F92C5A86", "TRKKXKN128EF3445BE", "TRKJTUV128F932BB1D", "TRQAOXR12903C9AA36", "TRQGKFX12903CD9BEF", "TRURTNZ128F9311AD3", "TRVGIKV12903CDED5A", "TRCMZBO128F92E308F", "TRXKYSS128F92D2624", "TRCZVRN128F428B9CA", "TREMQXM128F92E23D0", "TRHQTRY128F4288366", "TRWAVRT128E078907D", "TROVKCT128F932F7E5", "TRGVSRU12903CC8F00", "TREAYWO128F93112F4", "TRKRJTO128F934259F", "TRZYKRT128F932796C", "TRBFESF12903CD889B", "TRNDDXU128E0793765", "TRNIZQO128C7196D13", "TREELGP128F428748B", "TRNALGP128F427EC81", "TRXJFNB128F92E7AC6", "TRBGTPK128F429E5D5", "TRWSWXC128E0793080", "TREOJBZ128F428D15F", "TRDRBUL128F4264A97", "TRDQWDZ128F933BBBF", "TRBOXNP128F92E713A", "TRZQXRH128F145C1EF", "TRZWEEL128F9311B10", "TRCMKHF128F1495E27", "TRJLNNO128F149ACCE", "TRIUJRC128F14A5547"], "metrics": {"P": 28, "TP": 1, "precision": 0.02, "recall": 0.03571428571428571, "f1": 0.02564102564102564, "average precision": 0.03571428571428571, "reciprocal rank": 0.020833333333333332}}