{"id": "5696bf760215a24ba6f381b8e466828131ddf13b", "recommendations": ["TROYZUQ128F930F4B1", "TRBBUHB128F4282729", "TRTVLCE128F92C4794", "TREEZYR128F92E7CF5", "TRGXDHV128F93353FB", "TRWESXN12903CC595B", "TRBCJUF128F93190C2", "TREKBQV128F931DFD5", "TRYNVBQ12903CE8306", "TRMHUPX128F4286774", "TRADXNP128F92CA873", "TRKRUFV12903CB7907", "TRZLVQP128E07813EB", "TRYOBEF128F42439B4", "TRLNKSV12903CB4508", "TRAPHUO12903CC2719", "TRTHGPK128F147DF90", "TRZUKSV128F4295F98", "TRMHHPP128E0785853", "TRWBYQT128E0781140", "TRUHIHJ128F424F5BC", "TRZFDAC128F934D57D", "TRVGDUD128F146C84C", "TRXGVYV128F1463447", "TRQUVZA12903CF5F0D", "TRLVTYG128F145F98C", "TRZJNDO128EF343498", "TRICFEP128F92F11FA", "TRNPKRK128F429831C", "TRJZARH128F4283F3D", "TRIAHBB128F930136B", "TRATKVY128EF35F97A", "TRFSRBB128F934C183", "TRQQEOG128F92FA05A", "TROQRWN12903CA7359", "TRNEYTQ128F934B2AF", "TRDYFOK128F4289A85", "TRJPQML12903CDFF83", "TRDSQJR128F92CB66C", "TRFPDLS128F9335C22", "TRYLPXE128F92F455F", "TRTNUBT128F42A4C8C", "TRZSBTE12903CD7F93", "TRWKXAR128F4285080", "TRMQRTH128F42592D3", "TRSJBLT128F429EA02", "TRMXLXD128F932DE3F", "TRLBKMN12903CD4C0B", "TREGMRB12903CC5960", "TRPAEWB12903CA7356"], "metrics": {"P": 29, "TP": 1, "precision": 0.02, "recall": 0.034482758620689655, "f1": 0.02531645569620253, "average precision": 0.034482758620689655, "reciprocal rank": 0.037037037037037035}}