{"id": "57e32b0cf88d1e3344dab420971ba46d08dd34bd", "recommendations": ["TRJPSWP128F426E232", "TRCBOQX128F14676AA", "TRSGDDJ128F932CF5B", "TRJHJSK128F427D882", "TRRIYRR128F427E090", "TRWKVRK128F9345DAC", "TRDNDNY128F14A2F40", "TRXGVYV128F1463447", "TRZWHXG128F4296B91", "TRVEZBX128F423EF57", "TRILZXV128F931C230", "TRPGEDB128F933CA96", "TRFJEPW128F148D155", "TRNQDKW128E07824EC", "TRVAIVL128F93278E7", "TRNWKFE12903D0C388", "TRPONOG128F4275608", "TRIBZZM128E07819DF", "TROOXQV128F932B6EF", "TRZUKSV128F4295F98", "TRQCHIU128F146DA72", "TRBHYJH12903CEA8AC", "TRUFVIR12903D0A492", "TRHQICJ128F427B6B5", "TRKSMKQ128E07918F8", "TRVGNYX128F93173C3", "TRXXXOO128F92F51FB", "TRUSHHQ128E078F8B7", "TRRJQES128EF35675B", "TRMCMYP128F145BC3D", "TROKGRM128F1488B95", "TRIYLCV128F4243D6D", "TRBHQUM128F9309DE1", "TRJLMAI128F92EBB04", "TRMBTLY128F9300D3F", "TRYKMQL128F4227B91", "TRBXQAP128F9330E46", "TRZOWZR128F427B5F2", "TRAKKFK128F14A895A", "TRKMBZN128F428E0C0", "TRFFZQK128F92EAD03", "TRHAJRY128F4272004", "TRMFCNV128F92E8B76", "TRFBNZN128F9340B0E", "TRVYUKA12903CEA428", "TRKYGZA128F42365DC", "TRIDUTO128F92DE1A5", "TRJFFJI128F92E71E9", "TREKBQV128F931DFD5", "TRYHNMR128F92C5DD1"], "metrics": {"P": 24, "TP": 1, "precision": 0.02, "recall": 0.041666666666666664, "f1": 0.02702702702702703, "average precision": 0.041666666666666664, "reciprocal rank": 0.16666666666666666}}