{"id": "5a905f000fc1ff3df7ca807d57edb608863db05d", "recommendations": ["TRSEBCD128F4289D57", "TRHQICJ128F427B6B5", "TRFHIWV128F92F587F", "TRWZWWZ12903CA22D9", "TRSPZAH128F42B87D5", "TRSTRXG128E078195F", "TRFFZQK128F92EAD03", "TRNBNSJ128E0784B67", "TRYWLIM128F427930B", "TRGNIHW128E0789D37", "TRUOCWY128F427B6F5", "TRPLPIN12903CE9E20", "TRMCTYQ128E07921DC", "TRNPWOO128F14A2188", "TRHFWED128F4289573", "TRLIHJA128F428199B", "TRYHLWO128F42BC675", "TRYWQKW128E0781969", "TRZUAKW12903CB6D3B", "TRYITZY128F429305C", "TRARFXO12903CE91FB", "TREEZYR128F92E7CF5", "TRUVNIJ128F92FD67D", "TRLLLQK128F4294A18", "TRLDJDG128F425F36C", "TRWZPOU128F4272605", "TRXNRKG128F425A4B8", "TRWAJNH128F1458F74", "TRDJAQU128F9310059", "TRTGQTF128F1469913", "TRONCPQ128F92E0666", "TRIAHBB128F930136B", "TRFEZLR128F92C5A85", "TRVHRNY128F424DFCF", "TRCOTZQ128F42AE3C0", "TRJRECT12903CBADA3", "TROQRWN12903CA7359", "TRQQEOG128F92FA05A", "TRJMYWD128E078ED31", "TREKBQV128F931DFD5", "TRFUAJM12903CB5042", "TRYNVBQ12903CE8306", "TRTVXUZ128F1466475", "TRAZSGB128F42359DA", "TRBZHVK128F1460299", "TRCIZPC12903CA480F", "TRKEAKG128F932797D", "TRSOVYL128C719647F", "TRXLGCU12903CF6E85", "TRRHHJQ128F42A5707"], "metrics": {"P": 98, "TP": 1, "precision": 0.02, "recall": 0.01020408163265306, "f1": 0.01351351351351351, "average precision": 0.01020408163265306, "reciprocal rank": 0.25}}