{"id": "732f88be38fae217f8ab7e24c20dd072436e3e40", "recommendations": ["TRTWLAL128E0782542", "TRKESCC128F4284485", "TRCUXDM128F425550B", "TRZULWO128F92FF0D7", "TRUUKWB128E0792985", "TRUDCDN128F92C5A7E", "TRTESAU128F1462DE9", "TRFLNKX128F9339775", "TRATGLN128F14A23DB", "TROINBI12903CDB2D8", "TRJYNEJ128F427EE2A", "TRTNFBV128F4290606", "TRZLCXX128F92CC96D", "TRVUBFM128E0792688", "TRKNFSA128F428192C", "TRBAQWQ12903CAFD15", "TRYHLWO128F42BC675", "TRYXSYH128F93510D2", "TRLNTDR128F426BE2D", "TRAVCNW128F4288396", "TRPLWAT128F4277121", "TRFHPPK128F934C17A", "TRJHJSK128F427D882", "TRIHZJH128F4262F4A", "TRNCEEI128E0799072", "TRBHGYV128F14617D9", "TRXGVYV128F1463447", "TRIYLCV128F4243D6D", "TRARYTX128F145F6AA", "TRYRZRK128F4228CD0", "TRGYRAZ12903CE17C2", "TRKJMNS128F423EEA2", "TRGTCHK128F42870F8", "TRVCFUI128F92E1D42", "TREVQOT128F42596E5", "TRHQVQZ12903CA528E", "TRJZARH128F4283F3D", "TRSGDDJ128F932CF5B", "TRBKZTU128F14520F9", "TRFBFJE12903CB5057", "TRJXKPM128F14A895E", "TRZUKSV128F4295F98", "TRKBJPL12903CED195", "TRGAEEK128F42BC5B0", "TRLGQLW128EF3453BA", "TRHXTGC128F428B6D7", "TRVGIKV12903CDED5A", "TRICSWW128F428954C", "TRRBLWC12903CDD611", "TRGMNJO128F14B1381"], "metrics": {"P": 56, "TP": 3, "precision": 0.06, "recall": 0.05357142857142857, "f1": 0.05660377358490565, "average precision": 0.10714285714285714, "reciprocal rank": 0.125}}