{"id": "77448d704c1b9acc37037d400302ce7f8a9496c7", "recommendations": ["TRLJZVN128EF3435F5", "TRWGYLJ128F92CC96A", "TRFSRBB128F934C183", "TRWZPOU128F4272605", "TREEZYR128F92E7CF5", "TRRIHBF128F428192D", "TRZUWSX128F92F491A", "TRXTDLX12903CCE2B3", "TRQUVZA12903CF5F0D", "TRIBSKV128F930A049", "TRHDEWE128F92FDBBA", "TRTFEWY128F42596E4", "TREBWYU12903CCDAA8", "TRPNQNK128F4257A07", "TRZUKSV128F4295F98", "TRUYIOW12903CD6F99", "TRBGTPK128F429E5D5", "TRHEIAI128F92C2E28", "TRYMDAA128F9322E8A", "TRJQLAF128F1492428", "TRXVZKC128F425AEEE", "TRXXXOO128F92F51FB", "TRNWEYN128E0793C6E", "TRMXLXD128F932DE3F", "TRIJOVX128F931B47F", "TRGHNPL128F14A19AA", "TRJWNBW12903D00993", "TRDUKQW128F427BDBB", "TRFTEJK12903CDB30A", "TRJHJSK128F427D882", "TRLYHUQ128F92F1089", "TRQQKHR128F9335F72", "TRGPEFG128F429BBEA", "TRXVRJG128E0789081", "TRIQYYW128F4287A0D", "TRMAQWJ128F427EC70", "TRYHLKG128F92FB330", "TRRHHJQ128F42A5707", "TRUAFFD128F4277048", "TRIYLCV128F4243D6D", "TRXGVYV128F1463447", "TROYZUQ128F930F4B1", "TROLLDV128F4266643", "TRXVUTW128F1462DF0", "TRQVSRM128F4247F61", "TRIAOVI128F425A16D", "TRDNRPM12903CFC916", "TRICFEP128F92F11FA", "TRBPDFQ128F42ADE3D", "TRXQYVP128F4216A0A"], "metrics": {"P": 40, "TP": 2, "precision": 0.04, "recall": 0.05, "f1": 0.044444444444444446, "average precision": 0.07500000000000001, "reciprocal rank": 0.06666666666666667}}