{"id": "85952991b8e3ca5803a08b0b2f9c6d71abf9bb5b", "recommendations": ["TRAEZNW12903CF04CC", "TRUDMYV128F1493BA6", "TRGGZPN128F42891DB", "TRNLHWO128F92EAABF", "TRXKDUR128F4265A59", "TRZODJZ128E0792999", "TRHJLEY128F1493564", "TRGVWJC128F93296F7", "TRWNFMW128F1465AC3", "TRNWKFE12903D0C388", "TRPZATX128F930A220", "TRAPHUO12903CC2719", "TRXVRJG128E0789081", "TRUECNT128F9309699", "TRQIPME12903CFDBB6", "TRQHEPS128F42933EF", "TRVZFVK128F42A4C3C", "TRKKSRH128F426473F", "TRPPQZW128F92C48BC", "TRBOCQJ128F425DEF4", "TRPLZBW128F14A561E", "TRYQAFJ128F42870E6", "TRLGQLW128EF3453BA", "TRXLZRG128F42836AC", "TRBOXNP128F92E713A", "TRKJMNS128F423EEA2", "TRJUPJZ128F42722B0", "TRAVCNW128F4288396", "TRJIIBZ128F148D69A", "TRJOMGO12903CC6812", "TRMCURM128F92E383C", "TRGFOHY128EF340592", "TRUZVUE128F42415EE", "TRQUVZA12903CF5F0D", "TRYRZRK128F4228CD0", "TRVAIVL128F93278E7", "TRBQWGI128E0793D38", "TRGUOYN128F428E3F1", "TRMMCBU128E0791823", "TRIWQAQ128F92D261D", "TRZWHXG128F4296B91", "TRXWMDN12903CA5BBE", "TRICJRQ128E078A18A", "TRBIVUY128F148724E", "TRQXEEW128F4265A84", "TRTVDWN128F42678A4", "TRFUAJM12903CB5042", "TRJKHDH128F147AEDC", "TRHVZYA128E07848F1", "TRZJFPI128F932B9F9"], "metrics": {"P": 47, "TP": 4, "precision": 0.08, "recall": 0.0851063829787234, "f1": 0.08247422680412371, "average precision": 0.21276595744680848, "reciprocal rank": 0.25}}