{"id": "884209a41deb55df792f074bccf8af1c1c31768b", "recommendations": ["TREVDLU128F42BCA88", "TRBNJPZ128F934D5A2", "TRJVBYA128F93434FD", "TRGCHLH12903CB7352", "TRMVUTQ128F4267E5A", "TRTEFAC128F4259E9D", "TRVUNPB128F1458F35", "TRSNHEY128EF35E2B7", "TRFHJOI128EF34BFAF", "TRSYPMO128E078D766", "TRVVTWQ128E078F1B7", "TRBPRBN128F425A0A4", "TRODWAL128F148B0F4", "TRWKQXH128F92D264E", "TRZHZZJ128E079307F", "TRRUXTC12903CE8963", "TRZFDAC128F934D57D", "TRONCPQ128F92E0666", "TRCWJKI128F429BBF2", "TRWORBU128F428C6CF", "TRWKXAR128F4285080", "TRBBCVJ128F425BE2C", "TRNTSSU128F423ED54", "TRGYBFF12903C9AF38", "TRMCTYQ128E07921DC", "TRKDBVR128F935A643", "TRUGPTB128F4248266", "TRAOMJB128F9305AB6", "TRRDARZ128F9300F56", "TRBXQAP128F9330E46", "TRALMAU128F4252947", "TRCZVRN128F428B9CA", "TRUOJJS128F145C256", "TRLSISM128F9352607", "TREADKW128F4230F0B", "TRHBGXU128F9310DB3", "TRWYIOX128F9311181", "TRJDBTK128F428A4B3", "TRLLSRB128F14520BA", "TRWXGMQ128F92E8B59", "TRTWAHJ12903CB5065", "TREGMRB12903CC5960", "TRCIOFB128F9321D3E", "TRPAEWB12903CA7356", "TRDMQMC128F9338FCD", "TRPLWAT128F4277121", "TRFHIWV128F92F587F", "TRSDFTB128F93084D2", "TRFNDHN128F426BE40", "TRUSIMU128EF3436C8"], "metrics": {"P": 53, "TP": 2, "precision": 0.04, "recall": 0.03773584905660377, "f1": 0.038834951456310676, "average precision": 0.05660377358490566, "reciprocal rank": 0.041666666666666664}}