{"id": "8dcb524ff75e0ad0f0a80aaccadf7bbaa3b89a41", "recommendations": ["TRWRGJY128F145C29F", "TRFHJOI128EF34BFAF", "TRVRUMH128F425CC64", "TRGHNPL128F14A19AA", "TRQTFUV128F426BFC7", "TRPBQHC128F93264F2", "TRNJIGS128F42A036F", "TRXSWJL128F427EEFA", "TROKQVH128F148D1C3", "TRMKIJI128F930F0AD", "TRXJRSJ128F9330D11", "TRWRJHE128F424D865", "TRALMAU128F4252947", "TRWMIAB12903CBB8AD", "TREVDQG128F9324474", "TRIQDZD12903C9A6D7", "TRGGZPN128F42891DB", "TRBBCVJ128F425BE2C", "TRDLDIO128F93115F1", "TRXAOPL128F42922A3", "TRZBDJG128F42727D2", "TRASGIZ128F9337F92", "TRFDWUS128F427EEFE", "TRNDZQZ128E079307E", "TRZPAPV128F427E8D2", "TRSZSTM128F428748C", "TRTOSOP128F14AE2D0", "TRVZFVK128F42A4C3C", "TRQVSRM128F4247F61", "TRLQXVU128F934CF2D", "TRKZCTV128E0783F29", "TRIGYDL12903D05328", "TRVRCSS128E0791821", "TRMESMD128F1458F90", "TRWBOHR128F9331033", "TRZDMLR128F42854CB", "TRGUFCB128F425AAF3", "TRDFQFJ12903CE308D", "TREXCHD128F932C2C8", "TRZFZEW128F933A950", "TRHGBRF128F92FA1B6", "TRVYYDA128F93501B9", "TRMQJPF128F14B0B95", "TRSHYNG128F423BED3", "TRVVOMR12903CD20E1", "TRPWEBU128F422B917", "TRCOBNP128F42BA577", "TRZQLBK128F4279304", "TRYYMYX12903CA7DFA", "TRRTHWD128F4259F3D"], "metrics": {"P": 53, "TP": 2, "precision": 0.04, "recall": 0.03773584905660377, "f1": 0.038834951456310676, "average precision": 0.05660377358490566, "reciprocal rank": 0.1111111111111111}}