{"id": "8e8b32a1621d2950fe9a6384d8fb594fd25525df", "recommendations": ["TRLXVHI128F1498A29", "TRUCMDD128E0784592", "TRKUSXZ128F4277AF3", "TRZYKRT128F932796C", "TRLBBTE128F42858C1", "TRUDGJY128F93557B2", "TRKDBVR128F935A643", "TRXAMWP128F9307435", "TRPWPVI128F92EB7B9", "TRYIJWH128F146948C", "TRKZVVI128F14979BC", "TRFQMSW128F426205E", "TRUMIHF12903CBE0A8", "TRIQKJM128F9335821", "TRJYOVL12903CCD311", "TRRBOAA12903CC5965", "TRKSWET128F92EB20A", "TRKGBHK128F93271AC", "TROWXJW128F14682FA", "TRTVIKO128EF344BF8", "TRIDBZZ128F14595BC", "TRAAFYL128E07856A7", "TRMVWMZ128F92F23AC", "TRZTHKS128F92EC098", "TRPBQHC128F93264F2", "TRVZFVK128F42A4C3C", "TRHBGXU128F9310DB3", "TREFSAV12903CDAA21", "TRVJSIE128F4255507", "TRYIQZA128E0786BA0", "TRQSXTX12903CCDAC2", "TRXUIFW128F9303BBD", "TRNXODJ128F428EA1C", "TRZAXFA128E0792826", "TRCMKHF128F1495E27", "TRIHWXE128F145FF9A", "TRLSISM128F9352607", "TRJSZZG128F931B3DD", "TRFBHLO128F92DE722", "TRSYQLI128F14B122A", "TRJGXED128F9305D7D", "TRSBWPS128F1458F19", "TRNEWWX128F9336A1F", "TRCUPLI128F9352959", "TRNNNLZ128F933BBBD", "TRRUXTC12903CE8963", "TRDRBUL128F4264A97", "TRHLYHQ128F145290D", "TRJEJOJ12903CAA2B2", "TRISZQR12903CB263D"], "metrics": {"P": 57, "TP": 4, "precision": 0.08, "recall": 0.07017543859649122, "f1": 0.07476635514018691, "average precision": 0.17543859649122806, "reciprocal rank": 0.16666666666666666}}