{"id": "94d5bdc37683950e90c56c9b32721edb5d347600", "recommendations": ["TRPNBQU128F427AB21", "TRJIIBZ128F148D69A", "TRHMZUL128F9335C7D", "TRXWWWB128F9305CAA", "TRLLLQK128F4294A18", "TRUECNT128F9309699", "TRYQAFJ128F42870E6", "TROINBI12903CDB2D8", "TRBUTXG128F145C1EC", "TRJDKLG128E0792558", "TRWMVFA128F428C6CE", "TRYBKPF128F93102B9", "TRHVZYA128E07848F1", "TRBOCQJ128F425DEF4", "TRXTHQI128F14623D7", "TRRANTZ128F9308FC2", "TRNTALF128EF343800", "TRWBDIT128F423714D", "TRLLQUC128F932A35B", "TRJWXMY128F42376B7", "TRJDUIU12903CE9200", "TRFDCPI128F93234B7", "TRZFEOG128E078ECBE", "TRGLEON12903D001F1", "TRAGOTA128F92F92C2", "TRYQWHS128F4237626", "TRBYSQD128F424D87E", "TRMVHHY128F935046D", "TRRRVNT128E079326C", "TRNLHWO128F92EAABF", "TRGPEFG128F429BBEA", "TRXLZRG128F42836AC", "TRYGMHK12903CED86A", "TRWKIEA128F9331D66", "TRRWGXO12903CA8481", "TRZYGSG128F9310CDB", "TRYRWWE128F427B9AA", "TRBAQWQ12903CAFD15", "TRYHLKG128F92FB330", "TRFBFJE12903CB5057", "TRNTOLY128F932CB4C", "TRKLLTX128F425FD66", "TRTKDFL128F428D3C5", "TRJYEEB128E07993C2", "TRYUBWR128E07840BA", "TRJVBYA128F93434FD", "TRHDEWE128F92FDBBA", "TRZRKRE128F42905B1", "TRNYARJ128F147F918", "TRRUXTC12903CE8963"], "metrics": {"P": 34, "TP": 3, "precision": 0.06, "recall": 0.08823529411764706, "f1": 0.07142857142857141, "average precision": 0.1764705882352941, "reciprocal rank": 0.07692307692307693}}