{"id": "95942345306393998eb3a051ae5fa3c4d5afbaa4", "recommendations": ["TRIRZLL128F4292437", "TRXVSAJ128F147AFA0", "TRUOCWY128F427B6F5", "TRQSETD128F92F6525", "TRVXCWD128F42606B3", "TRJRECT12903CBADA3", "TRLPAKN128F427CA2B", "TRSKTWO128F1462DE8", "TRXGJPO128F92D4706", "TRYHWLD128F426BF7D", "TRTQDER128F92DE72A", "TRADXNP128F92CA873", "TRPGDSP128F931DD22", "TROIYSD128F423EFFB", "TRSNHEY128EF35E2B7", "TRCOTZQ128F42AE3C0", "TRRHTLO128F9333BCE", "TRDTYHN128E079504D", "TRORCUV12903CDCA9D", "TRRJQES128EF35675B", "TRMMCBU128E0791823", "TRIVMCG128F932105E", "TRILZXV128F931C230", "TRYZNFT12903CEA9CA", "TRVYNEC128F92DCCDD", "TRGSPUQ128E0780DA5", "TRSYPMO128E078D766", "TRIMONT128F427563E", "TRGNBVA12903CA735B", "TRHZSMH128F1461B9F", "TRJMYWD128E078ED31", "TRLIZMW128F42858B7", "TRXFXLQ128F421427D", "TRTCMKQ128E079654D", "TRJHALL128F92C48B6", "TRWESXN12903CC595B", "TRBFKOV128F426DDF1", "TRFSHMA128F429867E", "TRVGNYX128F93173C3", "TRRBLWC12903CDD611", "TRLAOXU128F148B0FE", "TRPLWAT128F4277121", "TRYITZY128F429305C", "TROYTES128F148C87E", "TRWKXAR128F4285080", "TRHENNE128E0787D32", "TRMXLXD128F932DE3F", "TRKKEWB128F423B1D3", "TRESMVD128F9310D57", "TRJFFJI128F92E71E9"], "metrics": {"P": 36, "TP": 1, "precision": 0.02, "recall": 0.027777777777777776, "f1": 0.023255813953488372, "average precision": 0.027777777777777776, "reciprocal rank": 0.02}}