{"id": "97e48f0f188e04dcdb0f8e20a29dacb881d80c9e", "recommendations": ["TRJIIBZ128F148D69A", "TROIVHS128F931D5F0", "TROYZUQ128F930F4B1", "TRHUJCO128F42BA837", "TRUDGJY128F93557B2", "TRJFJEQ128F14667DB", "TRLXSNR128F429361D", "TRNXODJ128F428EA1C", "TRLFCIT128F429F792", "TRVXCWD128F42606B3", "TRUAFFD128F4277048", "TRUYIOW12903CD6F99", "TREBWYU12903CCDAA8", "TRHDJDB128F930527A", "TRSEZDY128F1455E48", "TRVULSX128F14824CD", "TRJVBYA128F93434FD", "TRLDBMO128F932A7AC", "TRXVSAJ128F147AFA0", "TROWXJW128F14682FA", "TRITNCR128F428907A", "TRIRMLP128F423E2FD", "TRKGTGW128F9300EA3", "TRXXZFV128E0792347", "TRGNIHW128E0789D37", "TRUECNT128F9309699", "TRQHIIR128F145A190", "TRCRSAS12903CC6811", "TRRBIDE128F92DC547", "TRLAEWG128F4227F4C", "TRJQLAF128F1492428", "TRCYFKM128F932C2DA", "TRVRIBZ128F426BF71", "TRXGJPO128F92D4706", "TRBLDRL128F92E2131", "TRLAWLV128F934B7B8", "TRJKHDH128F147AEDC", "TRRGASX128F931B6E7", "TRIJOVX128F931B47F", "TRNRCTJ128F9301240", "TRHJLEY128F1493564", "TRGTCHK128F42870F8", "TRBZHVK128F1460299", "TRBHGYV128F14617D9", "TRHDCQY128F423BEDF", "TRQGKFX12903CD9BEF", "TRFNFQQ128F9336583", "TRBVQRG128F425A063", "TRLEVVI128F427F174", "TRQOCSD128F42A24DB"], "metrics": {"P": 41, "TP": 1, "precision": 0.02, "recall": 0.024390243902439025, "f1": 0.021978021978021983, "average precision": 0.024390243902439025, "reciprocal rank": 0.02040816326530612}}