{"id": "9b887e10a4711486085c4fae2d2599fc0d2c484d", "recommendations": ["TREBUCN128F92D2CAC", "TRNXODJ128F428EA1C", "TRJFJEQ128F14667DB", "TRLDBMO128F932A7AC", "TRLQKZS128F4247F58", "TRBHKSW128F9339461", "TRCYFKM128F932C2DA", "TRIAOVI128F425A16D", "TROIVHS128F931D5F0", "TRZUWSX128F92F491A", "TRGYRAZ12903CE17C2", "TRLFCIT128F429F792", "TRNLXJM128F4289801", "TREBWYU12903CCDAA8", "TRFIMXE128F9302AE0", "TRHDTUG128F92E8058", "TRJQLAF128F1492428", "TRIHZJH128F4262F4A", "TRLNTDR128F426BE2D", "TRQGKFX12903CD9BEF", "TRMFCNV128F92E8B76", "TRVIGDJ128F4262CD6", "TRFDFML128F42B53E4", "TRASNUX128F425EAF2", "TRWMVFA128F428C6CE", "TRBGTPK128F429E5D5", "TRPBFWT128F92F7F1E", "TRYACDU128F1482620", "TRVWQEV128F932799A", "TRADNPB128F423AEE7", "TRPMLBC128F14A8950", "TRHTQDK128F4294A1C", "TRGXJEJ12903CB2CFD", "TRXNRKG128F425A4B8", "TRITRGV12903CEA9C4", "TRYYRJP128F4290761", "TRUGAMR128EF362305", "TRSNAYS128E0791F78", "TRWKJGH128F425BEF8", "TRZQLBK128F4279304", "TREXNVY128F92DE1E9", "TRKUUZM128F14782F0", "TROELRP128F92CDA40", "TRFWHUG128F14995B3", "TRLJZVN128EF3435F5", "TRWRGJY128F145C29F", "TRXQNKA128EF340A51", "TRYITZY128F429305C", "TRUZLUT128F92ECBC3", "TRNJLAS128F423CC6A"], "metrics": {"P": 51, "TP": 2, "precision": 0.04, "recall": 0.0392156862745098, "f1": 0.0396039603960396, "average precision": 0.058823529411764705, "reciprocal rank": 0.09090909090909091}}