{"id": "9fba771d9731561eba47216f6fbfc0023d88641b", "recommendations": ["TRWLVJO128F93266CD", "TRYEIDS12903CA2821", "TREXNVY128F92DE1E9", "TRPLWSA128F92D555C", "TRHZMUG128E0781AE5", "TRNUNTK128F428E2D4", "TRRHTLO128F9333BCE", "TRUBKJO128F421C971", "TRTESAU128F1462DE9", "TRYHNMR128F92C5DD1", "TRRJQES128EF35675B", "TRLOCIC128F14AEC53", "TRXKDUR128F4265A59", "TRYOLLV128F930682F", "TRORBYN12903CB9E31", "TRBDVDY128F4271F5C", "TRWHTGG128F1457193", "TRUYCVH128F92C2B1E", "TRGOJNK128F92F2A03", "TRDQIAH128F428B710", "TRYDUVL128F429875C", "TRHTQDK128F4294A1C", "TRMEEEV128F148B228", "TRHENNE128E0787D32", "TRPONOG128F4275608", "TRHVSIB128F1485EC2", "TRDVEDN12903CF98E0", "TRYKMQL128F4227B91", "TRYSLTT128E078FD98", "TRJFFJI128F92E71E9", "TRJZZTW128F426621D", "TRMOZVH128F148D323", "TRPXVMC128F42987CC", "TRLHPWG12903CAC946", "TRWJDTI128F424EAD6", "TRCULSJ128F429B915", "TRYZYOZ128F426ADA5", "TRJYNEJ128F427EE2A", "TRDIJIN128F145F802", "TRFLNKX128F9339775", "TRWKVRK128F9345DAC", "TRFUAJM12903CB5042", "TREQUWM128F1477E8F", "TRUDCDN128F92C5A7E", "TRVMLIA128F92DC109", "TRTWLAL128E0782542", "TRFNGJS128F92F9EEE", "TRSUIQR128F427E25E", "TRGAFMD128F148CDA3", "TRILXCN128F92F41C6"], "metrics": {"P": 16, "TP": 1, "precision": 0.02, "recall": 0.0625, "f1": 0.030303030303030304, "average precision": 0.0625, "reciprocal rank": 0.03125}}