{"id": "a520488fcf049bbb5cd847cfa4f884c740692780", "recommendations": ["TRKHLLG128EF3437B3", "TRKFFAP128F42ADE02", "TRFLVUY12903CF5438", "TRMVEUX128F423ECE9", "TREUBTU12903CC84A6", "TRLBKMN12903CD4C0B", "TRHUJCO128F42BA837", "TRZXPJT128F42BC289", "TRPTWGR128F1452734", "TRYYDSF128E07990B5", "TRJMHJZ128F4290063", "TRZJNDO128EF343498", "TRECAAG128F931C025", "TRRAOYS128F9326C07", "TRFWPIX128F423BEDA", "TRJXKPM128F14A895E", "TRGNIHW128E0789D37", "TRVQXJW128F93432EB", "TRBBANX128F429EA35", "TRBHGYV128F14617D9", "TROSTGK128F92C3BB7", "TRLYLJJ128F428FD51", "TRUGJUA128F931117C", "TRBZHVK128F1460299", "TRGTCHK128F42870F8", "TRDUOSF128F92EF905", "TRKCLJJ128E0789085", "TRROVFM128F427E187", "TROVWRV128F14B12C7", "TRSEBCD128F4289D57", "TRIRYEI128F424364D", "TRHQICJ128F427B6B5", "TRIIPXR12903CDBF1A", "TRYKAYH128F423BED8", "TRGGMDE128F1477264", "TRISILF128F92F029E", "TRCQPYE128F4259B7C", "TRFFZQK128F92EAD03", "TRQXKXL128F426E03E", "TRGNBHM128F92E1FE8", "TRUOTMN128F4293F0F", "TRWGLYQ12903CC7850", "TRPELLJ128F9321962", "TRVNAVH128F9339031", "TRWVMXK128E0784C82", "TRZULWO128F92FF0D7", "TRODUJY128F428A4A1", "TRGYRAZ12903CE17C2", "TRWJYOT128F935572B", "TRNDDXU128E0793765"], "metrics": {"P": 20, "TP": 2, "precision": 0.04, "recall": 0.1, "f1": 0.05714285714285714, "average precision": 0.15000000000000002, "reciprocal rank": 0.023255813953488372}}