{"id": "a58de017cbeda1763ea002fe027ed41b4ed53109", "recommendations": ["TRCXCZE128F4298758", "TRWZWWZ12903CA22D9", "TRHMTMJ128EF3437B6", "TRGPTPB128F92F64D7", "TROYZUQ128F930F4B1", "TRPKQOZ128F92F7443", "TREOJBZ128F428D15F", "TREAJBV12903CCDA96", "TRYEIDS12903CA2821", "TRAKKFK128F14A895A", "TRLDBMO128F932A7AC", "TRFIMXE128F9302AE0", "TRAFLIC128F423B939", "TRNNBXN128F1459E1E", "TRPLWSA128F92D555C", "TRKMBZN128F428E0C0", "TRMCMYP128F145BC3D", "TRYRFSW128F930490B", "TRHKHZK128F92FE2BE", "TRHPZIT128F148B263", "TRVPUZF128F4280C21", "TRQIPME12903CFDBB6", "TRKGBHK128F93271AC", "TRGDEII128F4299E32", "TRPHPKY128F428D304", "TRWNFMW128F1465AC3", "TRWGLYO128E078F8B8", "TRLDIGW128F93269F8", "TRMNYZQ128F1459E10", "TRGNIHW128E0789D37", "TRWRJHE128F424D865", "TRJFETP128E078FEA7", "TRYTKPJ12903CE137C", "TRLQKZS128F4247F58", "TRIWRMP12903CCDAC0", "TRAOMJB128F9305AB6", "TRNIEVN128F148D021", "TROIVHS128F931D5F0", "TRBQWGI128E0793D38", "TRRHVIC128F92F9908", "TRYQWHS128F4237626", "TRNARNI128F934B90A", "TRMWNLK12903D00F03", "TRJIIBZ128F148D69A", "TRNMSQS128F92F0DFE", "TRWMVFA128F428C6CE", "TRGELVY128F4283621", "TRFWHUG128F14995B3", "TRDYMST12903CCD314", "TRXJFNB128F92E7AC6"], "metrics": {"P": 28, "TP": 2, "precision": 0.04, "recall": 0.07142857142857142, "f1": 0.05128205128205128, "average precision": 0.10714285714285714, "reciprocal rank": 0.16666666666666666}}