{"id": "ac1cb58f839ae6773732125e99b4a7394e0661e4", "recommendations": ["TRNIZQO128C7196D13", "TRRXMOY12903CB89CE", "TRJOFPF128F932E785", "TRJFJEQ128F14667DB", "TRXFXLQ128F421427D", "TRNXODJ128F428EA1C", "TRBHYJH12903CEA8AC", "TREAUJQ128F147CC73", "TRGDEII128F4299E32", "TRUOJJS128F145C256", "TRRJENT128E07819D8", "TRPONOG128F4275608", "TRSDFTB128F93084D2", "TRQGKFX12903CD9BEF", "TRCQKWZ128F933A30C", "TRCDINK128F14A424E", "TRLHPWG12903CAC946", "TRJIBDX128F4299E1E", "TRSYQLI128F14B122A", "TRUSHHQ128E078F8B7", "TRZAXFA128E0792826", "TRIGIPE128E078EC89", "TRWGYLJ128F92CC96A", "TRWXGMQ128F92E8B59", "TRPLWSA128F92D555C", "TRTWAHJ12903CB5065", "TRFNDHN128F426BE40", "TRYHOJR12903CAF098", "TRSCDSH128F148BE9E", "TRYEIDS12903CA2821", "TRVGHNF128F42B83FB", "TRHUJCO128F42BA837", "TRKGUFM128F429E58A", "TRWGLYQ12903CC7850", "TRGELVY128F4283621", "TRJYOVL12903CCD311", "TRXQYVP128F4216A0A", "TRYSLTT128E078FD98", "TRZOWZR128F427B5F2", "TRONCPQ128F92E0666", "TRYYVKZ128F93095B3", "TRXVRJG128E0789081", "TRDOSTY128EF344191", "TRXPSPE128EF33FB50", "TRKYXBC12903CF7A88", "TRXAGOY128F147CC75", "TRHMSOG128F145A184", "TRROVFM128F427E187", "TRCWJKI128F429BBF2", "TRQWDNH128F93173BE"], "metrics": {"P": 41, "TP": 2, "precision": 0.04, "recall": 0.04878048780487805, "f1": 0.043956043956043966, "average precision": 0.07317073170731708, "reciprocal rank": 0.024390243902439025}}