{"id": "b12c786deef0e618b5f277bc337f67128f425efe", "recommendations": ["TRBAQWQ12903CAFD15", "TROWXJW128F14682FA", "TRMCTYQ128E07921DC", "TRHFWED128F4289573", "TRUDGJY128F93557B2", "TRIAFCN12903CC681D", "TREEZYR128F92E7CF5", "TRUVNIJ128F92FD67D", "TRRJDFF128F427E8D1", "TROWJJF128E0783FB0", "TRKWKUU128F92D674E", "TRHHZLB128F93293E4", "TRFMKZO128EF33FA0E", "TRGGMDE128F1477264", "TRSAEFL128E078B035", "TRKYGZA128F42365DC", "TRQSNZL128F14A49DC", "TRBNJPZ128F934D5A2", "TRFMOUZ128F4289576", "TRZUKSV128F4295F98", "TRZBJBL128F92D9B53", "TRYXSYH128F93510D2", "TRBHQUM128F9309DE1", "TRHPAGK128F148EF4B", "TRBDVDY128F4271F5C", "TRXGVYV128F1463447", "TROMXUF128EF35EE85", "TRYIVTN128F4286515", "TRPGYLT128F428AD02", "TRPGGCU128F92F8FFC", "TRQUVZA12903CF5F0D", "TRVCFUI128F92E1D42", "TRDQIAH128F428B710", "TRKRUFV12903CB7907", "TRYDUVL128F429875C", "TROOXQV128F932B6EF", "TRJBRHQ128F92F56B7", "TRROVFM128F427E187", "TRFDWTF128F42739A0", "TRXJEJP128F14595A8", "TRCFPJB128F4289566", "TRVUNPB128F1458F35", "TRLIQPF128F429F955", "TRTSIIQ128C719691B", "TRNVZRD128F424F32F", "TRBNNIL128E079268E", "TRAXBIJ128F147768B", "TRUOJJS128F145C256", "TRWIKBX128E078F037", "TRGATXL128F42480EA"], "metrics": {"P": 57, "TP": 1, "precision": 0.02, "recall": 0.017543859649122806, "f1": 0.018691588785046728, "average precision": 0.017543859649122806, "reciprocal rank": 0.037037037037037035}}