{"id": "b44a7b18e5861d6b5c0094e43239191cbe5ff4e1", "recommendations": ["TRFWGOJ128E0780C8B", "TRWLRVY128E07993C0", "TRSEDXJ128F933BCA2", "TRWCYMB12903D009F3", "TRHLTMZ128F4270948", "TRHMZUL128F9335C7D", "TRYQWHS128F4237626", "TRCWJKI128F429BBF2", "TRQIPME12903CFDBB6", "TRCMZXE128F92E232A", "TRWNFMW128F1465AC3", "TRPLWAT128F4277121", "TRHSRZI128F42598CC", "TRWKQXH128F92D264E", "TRZLLNG128F9326FFC", "TRNHZQB128F428E8A3", "TRHBQST128E07930CB", "TRHDEWE128F92FDBBA", "TREXZNI128F92C5A6F", "TRONCPQ128F92E0666", "TRSQBCK12903D080B2", "TRODWAL128F148B0F4", "TRLXSNR128F429361D", "TRKCQVL128F425963D", "TRWYIOX128F9311181", "TRRQKRU128F42634C7", "TRXNRKG128F425A4B8", "TRLIZMW128F42858B7", "TRADZXK128F429DB92", "TRDJEMZ128F93353FA", "TRFOKTF128F1477266", "TRHVOJT128F92C4A3D", "TRGGZPN128F42891DB", "TRUSHHQ128E078F8B7", "TRCRSAS12903CC6811", "TRRVJCK12903CD2DCB", "TRYEIDS12903CA2821", "TRGCHGO128F930A87E", "TRYHLWO128F42BC675", "TRFTEJK12903CDB30A", "TRGCHLH12903CB7352", "TRCZGBG128F4222F61", "TRFMLVJ128F1482A83", "TRRLDVI12903CE46C4", "TRVKTHJ128F424D875", "TRMVUTQ128F4267E5A", "TRCETGK12903CD83AA", "TRODQGV128F425FD7E", "TRQKFUN128F148D01E", "TRDXLKN12903CE824C"], "metrics": {"P": 29, "TP": 2, "precision": 0.04, "recall": 0.06896551724137931, "f1": 0.05063291139240506, "average precision": 0.10344827586206896, "reciprocal rank": 0.5}}