{"id": "baf47ed8da24d607e50d8684cde78b923538640f", "recommendations": ["TRWORBU128F428C6CF", "TROSZFU128F429EF89", "TRLDIGW128F93269F8", "TRKWXAG128EF340672", "TRMQJPF128F14B0B95", "TRQISHK128F425550E", "TRGSBYN12903D01E26", "TRXGHOC128F92EF9BA", "TRWKJGH128F425BEF8", "TRTHCXC128F92F29C7", "TRZBDJG128F42727D2", "TRKNVRW128F9309A57", "TRUGPTB128F4248266", "TRPBDNM128F932BD72", "TRCIOFB128F9321D3E", "TRQAANI128F42A7D55", "TRKEAKG128F932797D", "TRXAGOY128F147CC75", "TRPUBDM128F42B614D", "TRSWJHK128F429EA6F", "TRQVORC128E07913D5", "TRUTBWM128F92F36E3", "TRJHALL128F92C48B6", "TRYZKBN128F9312273", "TRUOUFY128F933900C", "TRLLQUC128F932A35B", "TRSKTWO128F1462DE8", "TRLUVSD128E07984A0", "TRVNAVH128F9339031", "TRPUCNU128E0786193", "TRWLGCH128F4287A0B", "TRGGMCC128E078EB15", "TRFOMMI128F42A04EE", "TRVIOPH128E079894E", "TRJZZTW128F426621D", "TRYMQDY12903CA9CCE", "TRLNBPN128F92F6FCC", "TRDYUQO128F4275193", "TRXSWJL128F427EEFA", "TRMMHKG12903CDB1B5", "TRFBHLO128F92DE722", "TRLPBAI128F9315561", "TRGKKXR128F148469E", "TRDLDIO128F93115F1", "TRULKPM128E078E167", "TROGDUH128F9330CB9", "TRCGKNB128F429726F", "TRPELLJ128F9321962", "TRMQYHM128F930527D", "TRSGNMZ128F92F8FD0"], "metrics": {"P": 39, "TP": 1, "precision": 0.02, "recall": 0.02564102564102564, "f1": 0.022471910112359553, "average precision": 0.02564102564102564, "reciprocal rank": 0.025}}