{"id": "be0a4b64e9689c46e94b5a9a9c7910ee61aeb16f", "recommendations": ["TRLNBPN128F92F6FCC", "TRQTFUV128F426BFC7", "TRWZWWZ12903CA22D9", "TRPWEBU128F422B917", "TRLIYFS128F148855B", "TRWCVOF128F42480E6", "TRMXRWO128F933A955", "TRDQIAH128F428B710", "TRIAGDA128F4296176", "TRLFCIT128F429F792", "TRZVEHE128F92F3A75", "TRYDUVL128F429875C", "TRDYYDZ128F93353F7", "TRPUFEY128F4250A32", "TREELGP128F428748B", "TRDZLYT128F4265A6F", "TRPSGSU128F93090E4", "TRZTHKS128F92EC098", "TRYZKBN128F9312273", "TRUFVIR12903D0A492", "TRCYFKM128F932C2DA", "TRADMMK12903CC5959", "TRQAOXR12903C9AA36", "TRIWRMP12903CCDAC0", "TROFZQO128F4299E21", "TRORPWW12903CCE48E", "TROBTGE128F429E591", "TRMJXVS12903CACEDC", "TRGBGVQ128F92CEAA2", "TRWJZEG12903D0820E", "TRYEIDS12903CA2821", "TRLIIKV128F9305E7A", "TRWYDVA128F92FDD86", "TRJZZTW128F426621D", "TRNMLOQ128EF340A40", "TRHOPPY128E078E5E4", "TROKNDM128F148C4C4", "TREHOGG128F428DF46", "TRPLWSA128F92D555C", "TROLXKA128F4276D81", "TREROBL128C719697E", "TRYVQUO128F145A173", "TREAJBV12903CCDA96", "TRZJNOD128F4264131", "TRWNGMD128F4292425", "TRYMQDY12903CA9CCE", "TRWVUUS128F931FF4B", "TRMNYZQ128F1459E10", "TREBWYU12903CCDAA8", "TRAGOTA128F92F92C2"], "metrics": {"P": 41, "TP": 3, "precision": 0.06, "recall": 0.07317073170731707, "f1": 0.06593406593406592, "average precision": 0.14634146341463417, "reciprocal rank": 0.14285714285714285}}