{"id": "d3284cec0f3d1f36f44e73c0e834d657ca39b61a", "recommendations": ["TRNSQQP128F425ABA3", "TRUXLWW128F14567C4", "TRMQDNB128F4263AE6", "TRRNBWZ128F4296761", "TRRLQFB128E0792F78", "TRJLNNO128F149ACCE", "TRHJLEY128F1493564", "TRRXNSP128F93321FB", "TRQWJKU128F14618D1", "TRPMCDL128F147F5C0", "TRMPOOO128F934D1A3", "TRSTLSG128E078370C", "TRFXIHX128F92D7211", "TROBYTB128F422975C", "TRBWBYD128E078E2E6", "TRCMZBO128F92E308F", "TRULNMQ128F92E1FDA", "TRGVSRU12903CC8F00", "TRMBNER128F426603A", "TREMQXM128F92E23D0", "TREAYWO128F93112F4", "TRVZFVK128F42A4C3C", "TRCDWIU128F14A228D", "TRKVHLV12903D051C2", "TRZYWCD128F425C7FD", "TRPBQHC128F93264F2", "TRKKRNJ12903D08282", "TRWAVGB128F42AF421", "TRADNPB128F423AEE7", "TRQMGKF128F42B8200", "TRHDTUG128F92E8058", "TRDPBXR12903CB5A76", "TRJCNOT128F92F992E", "TRARYZV128F92EF912", "TRTBICJ128F4293C13", "TRNBJUK12903CD9C89", "TRQOXMF128F1456F8C", "TRQXRRH128F1477261", "TRSSAGS128F92E697A", "TRBHHZZ128F4298713", "TRSUPCO128F42925B2", "TRFNUZA128F428AA28", "TRTEPKY128F4260B04", "TRUWDZO128F9339024", "TROCDLT128F931C2C8", "TRFDWUS128F427EEFE", "TRZDPAF128F92F7C1F", "TRICDNN128F92F5E85", "TRXEMBB128F14B1054", "TRGLIPW128F92DE72B"], "metrics": {"P": 19, "TP": 1, "precision": 0.02, "recall": 0.05263157894736842, "f1": 0.028985507246376812, "average precision": 0.05263157894736842, "reciprocal rank": 0.16666666666666666}}