{"id": "d9b64b85589775e7aa0ac5fbb7fbf255f8792b4b", "recommendations": ["TRRNBWZ128F4296761", "TRJFJEQ128F14667DB", "TRNXODJ128F428EA1C", "TRNMSQS128F92F0DFE", "TRWMZOQ12903CC16CB", "TRQGKFX12903CD9BEF", "TRXXXOO128F92F51FB", "TROBYTB128F422975C", "TRWTJKJ128E078FC10", "TRKEAKG128F932797D", "TRNRCTJ128F9301240", "TRKNVRW128F9309A57", "TRJVHZZ128F92F8A0B", "TREVDQG128F9324474", "TRRXNSP128F93321FB", "TRTQWAT128F42596D8", "TRVYUKA12903CEA428", "TRNRJUN128F42AE2BC", "TRXGHOC128F92EF9BA", "TRXJFNB128F92E7AC6", "TRRQDKP128F4262F4B", "TRISZDZ128F1497D8B", "TRLUVSD128E07984A0", "TRBWBYD128E078E2E6", "TRGELVY128F4283621", "TRWRGJY128F145C29F", "TRFUOKM128F9329DAA", "TRVRUMH128F425CC64", "TRHMSOG128F145A184", "TRECQND128F9323DE3", "TRTWTQH12903CEA899", "TRKQNZA128E0782CD6", "TRQSXTX12903CCDAC2", "TRHDJDB128F930527A", "TRMXTQY128F4270323", "TRYWDCP128E0784BAB", "TREFSAV12903CDAA21", "TRJYOAR128F428E9F7", "TRFNFQQ128F9336583", "TRVPAII128F42435A8", "TRSGDDJ128F932CF5B", "TRVULSX128F14824CD", "TRZSHYK128F93290E9", "TRZQLBK128F4279304", "TRGKKXR128F148469E", "TRXGVYV128F1463447", "TRFKGRL128F935F18C", "TRAVCNW128F4288396", "TRIZLKJ128F149564C", "TRVZFVK128F42A4C3C"], "metrics": {"P": 20, "TP": 2, "precision": 0.04, "recall": 0.1, "f1": 0.05714285714285714, "average precision": 0.15000000000000002, "reciprocal rank": 0.05263157894736842}}