{"id": "e21477efb83bd323205ce6f5bd662f3df9d477e5", "recommendations": ["TRZUWSX128F92F491A", "TRMHQMH128F423EB56", "TRPNBQU128F427AB21", "TRBFESF12903CD889B", "TRYYTUP128F4298472", "TRKKXKN128EF3445BE", "TRKDCXK12903CC27D8", "TRMAQWJ128F427EC70", "TRRDAMS128E0785DD3", "TRHVEUE128F4282C34", "TRHMSOG128F145A184", "TRWAJII128F4294A1E", "TRHQKZL128E0781A2C", "TRCFPJB128F4289566", "TRTGEVK12903CFDBB9", "TRHFWED128F4289573", "TRCQNKF12903CB507B", "TRKVHLV12903D051C2", "TREJKCZ128C7196DAD", "TRGWBFK128F92EE885", "TRGELVY128F4283621", "TRFSRBB128F934C183", "TRGRDUH128F42AE383", "TRYOOQS12903CCDAD0", "TRLIHOQ128F93378DE", "TROIVHS128F931D5F0", "TRBVWCA128F4249CA4", "TROINBI12903CDB2D8", "TRCSHLM128E078B891", "TRTESAU128F1462DE9", "TRREVPO128E078F5B1", "TRBQWGI128E0793D38", "TRNDWLI128EF340671", "TRYMDNB128F428AE80", "TRAPHUO12903CC2719", "TRICFEP128F92F11FA", "TRWLVJO128F93266CD", "TREXESY128F92E9B56", "TRQOXMF128F1456F8C", "TROYZUQ128F930F4B1", "TRWYUCK128F42A4C37", "TREXNVY128F92DE1E9", "TRVGHCP128F1469A87", "TRYHNMR128F92C5DD1", "TRJCBOU128F42988AC", "TRLJZVN128EF3435F5", "TRTBNWT128E078ED83", "TRPJZVC128F9308EB9", "TRIWZQE12903CB33F4", "TRJLQKV128F147A89A"], "metrics": {"P": 75, "TP": 2, "precision": 0.04, "recall": 0.02666666666666667, "f1": 0.032, "average precision": 0.04, "reciprocal rank": 0.030303030303030304}}