{"id": "e3937c7c32f5b68422808a854a4a7a824ee448a5", "recommendations": ["TRKSWET128F92EB20A", "TRJFJEQ128F14667DB", "TRSBWPS128F1458F19", "TRNXODJ128F428EA1C", "TRSNHEY128EF35E2B7", "TRGGMDE128F1477264", "TRSYPMO128E078D766", "TRYHBEW128F147DF6D", "TROGDUH128F9330CB9", "TRQGKFX12903CD9BEF", "TRNIZQO128C7196D13", "TRHUNZT128C719654E", "TREFSAV12903CDAA21", "TRGELVY128F4283621", "TRHMSOG128F145A184", "TRLEVVI128F427F174", "TRWUZCQ128F92FFC1B", "TRRJUPO128F930327A", "TRZARMV128F428E8A7", "TRRNVYI128F931B0BA", "TRZHLDH128F427D285", "TRQISHK128F425550E", "TRWFSRF12903CE12B6", "TRVQXJW128F93432EB", "TRXGJPO128F92D4706", "TRGNBHM128F92E1FE8", "TRMADOC128F9351D0C", "TRVGHNF128F42B83FB", "TRLVLJA128F426430A", "TRAIYDL128E0791583", "TRVAERJ128E07889CC", "TRBQUTX128EF35EEA1", "TRDJMFQ128F4257951", "TRONCBQ128EF3518FF", "TRQJALO128F423ECE8", "TRQXKXL128F426E03E", "TRGIZCL128F425A10A", "TREGUTF12903CED19E", "TRKYWLQ128F4233F63", "TRFOVOY12903CD43E2", "TRJVBYA128F93434FD", "TRGBGVQ128F92CEAA2", "TRUTULC128F4293712", "TRLFTUY128F4294765", "TRHOURR128F14A2E26", "TRRHULT128F4231A35", "TROFZQO128F4299E21", "TRKCNRR128F92EF918", "TRISCAT12903CFDBD0", "TRHSGST128F424AC57"], "metrics": {"P": 31, "TP": 1, "precision": 0.02, "recall": 0.03225806451612903, "f1": 0.024691358024691357, "average precision": 0.03225806451612903, "reciprocal rank": 0.021739130434782608}}