{"id": "eb1ad31d040406c6428c5f4420b0bc709b1c5350", "recommendations": ["TROOXQV128F932B6EF", "TRYKMQL128F4227B91", "TRIWRMP12903CCDAC0", "TRJLMAI128F92EBB04", "TRQHEPS128F42933EF", "TRAVCNW128F4288396", "TRXUIFW128F9303BBD", "TRMBTLY128F9300D3F", "TRMNYZQ128F1459E10", "TRKYGZA128F42365DC", "TRRIHBF128F428192D", "TRNJNJO128F423AEE9", "TRQSJOJ128F931BD15", "TRWEEEI128F92F9919", "TRRVDOF12903CA7361", "TRKYMJP128F92F2776", "TREAJBV12903CCDA96", "TRZUKSV128F4295F98", "TRKESCC128F4284485", "TRXGVYV128F1463447", "TRKRJUE128F92D3180", "TRVYYDA128F93501B9", "TRVEZBX128F423EF57", "TRSHIDL128F42255EC", "TRISZDZ128F1497D8B", "TRMAROD128F423AEF0", "TRIGDCW128E078F0F4", "TRACRRS128F1465A64", "TRBIVUY128F148724E", "TRWZPOU128F4272605", "TRNPKRK128F429831C", "TRKKSRH128F426473F", "TRTCLFS128E0799AD4", "TRWBOHR128F9331033", "TRGUFCB128F425AAF3", "TRONTHY128F4295577", "TRXTIPW128F424EAAA", "TRKZUVW128F145AF48", "TRSGDDJ128F932CF5B", "TRVAIVL128F93278E7", "TRISILF128F92F029E", "TRZXPJT128F42BC289", "TRAARZK12903D14A2D", "TROXEOE128F427D32B", "TRRIYRR128F427E090", "TRARFXO12903CE91FB", "TRBYIUL128F9305E6B", "TRWXMRO128F424DBF7", "TRJPSWP128F426E232", "TRKBBNZ128E07917B3"], "metrics": {"P": 27, "TP": 1, "precision": 0.02, "recall": 0.037037037037037035, "f1": 0.025974025974025972, "average precision": 0.037037037037037035, "reciprocal rank": 0.047619047619047616}}