{"id": "ec0bb33707cdc61a6999b41585a0e1f39d0ae6d3", "recommendations": ["TRBYSJQ128F9309AA9", "TRLDJDG128F425F36C", "TRCUXDM128F425550B", "TRHKHZK128F92FE2BE", "TROKPUH128F428E9FC", "TRWPEMR128F14520BC", "TRUUKWB128E0792985", "TRRKISY128F428BC76", "TRBOXNP128F92E713A", "TRMWNLK12903D00F03", "TRJVBYA128F93434FD", "TRGHNPL128F14A19AA", "TREVUBW128F92F91B2", "TRDRMOW12903CDB1AF", "TRYXSYH128F93510D2", "TRPIKQB128F932E46D", "TRUYIOW12903CD6F99", "TRHEIAI128F92C2E28", "TRHQTRY128F4288366", "TRUATNS128F423457D", "TRIRLZE128F148A0D2", "TRINNKH128F424BDD0", "TRASQGR128F14557AA", "TRHBQST128E07930CB", "TRFJBDW128F428AB32", "TRIESUH128F9309753", "TRLEVVI128F427F174", "TRCBOQX128F14676AA", "TRGOUNV128F4281928", "TRZCNGA128F92D0113", "TRHMSOG128F145A184", "TRMLFIC128F4228CFD", "TRIHWXE128F145FF9A", "TRVOZWL12903CD6081", "TRWEEEI128F92F9919", "TRECZBL128F146336A", "TRLSISM128F9352607", "TROCQRP128F1463538", "TRUFVIR12903D0A492", "TRGJWDV128E078EF07", "TRURIXM128F92F89C9", "TRUAFFD128F4277048", "TRQCTJY128F931117E", "TREFSAV12903CDAA21", "TRJPSWP128F426E232", "TRDKBMP128F4295548", "TROLLDV128F4266643", "TRRUXTC12903CE8963", "TRNXODJ128F428EA1C", "TRHZSMH128F1461B9F"], "metrics": {"P": 34, "TP": 2, "precision": 0.04, "recall": 0.058823529411764705, "f1": 0.04761904761904763, "average precision": 0.08823529411764705, "reciprocal rank": 0.125}}