{"id": "edc4e3b50cb4f23282a157edc7ca7cf09afcc093", "recommendations": ["TRRAOYS128F9326C07", "TRDUKQW128F427BDBB", "TRJFJEQ128F14667DB", "TRRZXOE128F4270756", "TRNBFRU128F93269F5", "TRLDIGW128F93269F8", "TRNXODJ128F428EA1C", "TRATGLN128F14A23DB", "TRBVQRG128F425A063", "TRKYMJP128F92F2776", "TRRNVYI128F931B0BA", "TRPJRZL128F4234A35", "TRVGHNF128F42B83FB", "TRWMZOQ12903CC16CB", "TRAXLZU12903D05F94", "TRQGKFX12903CD9BEF", "TRAGPXZ12903C9E880", "TRKHARN128F146DA7A", "TRUDGJY128F93557B2", "TRWMVFA128F428C6CE", "TRHKHZK128F92FE2BE", "TRWTJKJ128E078FC10", "TRCDINK128F14A424E", "TRJVHZZ128F92F8A0B", "TRZBJBL128F92D9B53", "TRXZKGS128F429E4EE", "TROWXJW128F14682FA", "TRNCEEI128E0799072", "TRONCBQ128EF3518FF", "TRNRJUN128F42AE2BC", "TRIIWCM12903CFE30D", "TRGKKXR128F148469E", "TRRQDKP128F4262F4B", "TRKCLJJ128E0789085", "TRPDJBX128F42ACF9B", "TRQJALO128F423ECE8", "TRKNFSA128F428192C", "TRPGYLT128F428AD02", "TRZSHYK128F93290E9", "TROIXIC128F427B6F6", "TREFSAV12903CDAA21", "TRVXQSK128F148D3FF", "TRKNKEF128F425FD6A", "TRENDEU128F93112E1", "TRWAVRT128E078907D", "TRRQQYY128F933D800", "TRBBAEQ128F42B18B9", "TRBHZIX128E0786671", "TRZQWLN128F426235E", "TRBKZTU128F14520F9"], "metrics": {"P": 45, "TP": 2, "precision": 0.04, "recall": 0.044444444444444446, "f1": 0.042105263157894736, "average precision": 0.06666666666666667, "reciprocal rank": 0.04}}