{"id": "f927dddfe26b0c74ada3eaadca41bfb462c37ee4", "recommendations": ["TRNIACV128F9301DC2", "TRFEZLR128F92C5A85", "TRWPEMR128F14520BC", "TRHZSMH128F1461B9F", "TRTVLCE128F92C4794", "TRWIKBF128F92DD506", "TRNBFRU128F93269F5", "TRXJMEA128F1496AC7", "TRGXDHV128F93353FB", "TRINNKH128F424BDD0", "TRPXVMC128F42987CC", "TRSNAYS128E0791F78", "TRSBWPS128F1458F19", "TRGJWDV128E078EF07", "TRTQBSZ128F425A745", "TRPNBQU128F427AB21", "TRORBYN12903CB9E31", "TRBGTPK128F429E5D5", "TRMCFBP128F4214801", "TRNUNTK128F428E2D4", "TRWKIEA128F9331D66", "TRCULSJ128F429B915", "TRHKHZK128F92FE2BE", "TRDDBAX128F14A19AE", "TRYZUSO128F42BA4E2", "TRUUKWB128E0792985", "TRCUXDM128F425550B", "TRJDUIU12903CE9200", "TRXVQGE128E07847D5", "TRKJMNS128F423EEA2", "TRKQRVO128F92D630B", "TRAXLZU12903D05F94", "TRLCWEK128F93131BE", "TRRJQES128EF35675B", "TRTEPKY128F4260B04", "TRYRZRK128F4228CD0", "TRYOLLV128F930682F", "TRELTXS128F1477265", "TRKOXUL128F1469549", "TRLGQLW128EF3453BA", "TRYGTSD128F4281B32", "TRPMLBC128F14A8950", "TRQRBOM128F425D556", "TRLQKZS128F4247F58", "TRCQNKF12903CB507B", "TRXZKGS128F429E4EE", "TRYCNIP128F42133A0", "TRSJBLT128F429EA02", "TRJFFJI128F92E71E9", "TRGOJNK128F92F2A03"], "metrics": {"P": 56, "TP": 1, "precision": 0.02, "recall": 0.017857142857142856, "f1": 0.01886792452830189, "average precision": 0.017857142857142856, "reciprocal rank": 0.07692307692307693}}