{"id": "fd13b9d49c54e00ff413fe3c095ba581c7fc611e", "recommendations": ["TRIABXW128F42727D6", "TRICDNN128F92F5E85", "TRZWEEL128F9311B10", "TROKQVH128F148D1C3", "TRREVPO128E078F5B1", "TRWRHLJ128F93489C4", "TRVIQST128F4251D45", "TRVABTY128E07860FB", "TRMBQQH128E07873D8", "TRGIAJW128F4277349", "TRKSUEH128E0787846", "TRODUVI128F4266AAD", "TRILZXV128F931C230", "TRYTKPJ12903CE137C", "TRIRLZE128F148A0D2", "TRHDEWE128F92FDBBA", "TRYHLWO128F42BC675", "TRFSHMA128F429867E", "TRBQWGI128E0793D38", "TRTESAU128F1462DE9", "TRFHPPK128F934C17A", "TRXFXLQ128F421427D", "TRHSYHH12903CB08ED", "TRFHEOU128E078E092", "TRHUNZT128C719654E", "TRHQVQZ12903CA528E", "TRVUBFM128E0792688", "TRDFQFJ12903CE308D", "TRHMZUL128F9335C7D", "TRHVEUE128F4282C34", "TRYACDU128F1482620", "TRKDCXK12903CC27D8", "TRUECNT128F9309699", "TRKGBHK128F93271AC", "TRYEINP128F1485EBF", "TRSMTAP12903CDA490", "TRJIIBZ128F148D69A", "TRJUPJZ128F42722B0", "TRKKXKN128EF3445BE", "TRBMLFZ128F1475785", "TRBUAFL128F14B12C4", "TRYQWHS128F4237626", "TRFSRBB128F934C183", "TRWVUUS128F931FF4B", "TRFSHCZ128F930BE46", "TRJRDDL128F147CBE8", "TRJYOVL12903CCD311", "TRQLZRI128F429337E", "TRXWBQL128E07860FF", "TRHBJZF128F1481A63"], "metrics": {"P": 22, "TP": 1, "precision": 0.02, "recall": 0.045454545454545456, "f1": 0.027777777777777776, "average precision": 0.045454545454545456, "reciprocal rank": 0.021739130434782608}}