{"id": "01655ae6bc52e29c9cd100a7dde4e9eeae5e4031", "recommendations": ["TRXGLTV128F423C069", "TRCOETJ128F14530AA", "TRYZYOZ128F426ADA5", "TRKNKEF128F425FD6A", "TRKHARN128F146DA7A", "TRCMKHF128F1495E27", "TRKVBNZ128F4266698", "TRQPYWK128F4289D59", "TRLLBYS12903CB653D", "TRYMDNB128F428AE80", "TRACOTR128F92E16B1", "TRAIYDL128E0791583", "TRZVPZQ128E078F0E3", "TRNBANL128F423ECE6", "TROYZUQ128F930F4B1", "TRZMYKW128F429F880", "TRGXKTQ128F933C847", "TREGUTF12903CED19E", "TRSMTSC128E0788E08", "TRSSAGS128F92E697A", "TRMBFBM128F9317154", "TRGTIIJ128F424DA28", "TRLZMVM128F92E6DD0", "TRNDZQZ128E079307E", "TRGRDUH128F42AE383", "TRGUOYN128F428E3F1", "TRWNGMD128F4292425", "TRIDUTO128F92DE1A5", "TRTWAHJ12903CB5065", "TRELTXS128F1477265", "TRVRIBZ128F426BF71", "TRSWJHK128F429EA6F", "TRHDCQY128F423BEDF", "TRYQAFJ128F42870E6", "TRIRMQT128F4289D50", "TROBYTB128F422975C", "TRCWJKI128F429BBF2", "TRYRZRK128F4228CD0", "TRJAWUY128E078DFB5", "TRIYLCV128F4243D6D", "TRXGJPO128F92D4706", "TRWJZEG12903D0820E", "TRZQKHU128F931EDA5", "TRIPDOF128EF344BF9", "TRNVZRD128F424F32F", "TRXECII128F427C71B", "TRYJSDC128EF34B5C8", "TRWAJNH128F1458F74", "TRYIVTN128F4286515", "TRHQPDN12903CEA4B1"], "metrics": {"P": 26, "TP": 1, "precision": 0.02, "recall": 0.038461538461538464, "f1": 0.026315789473684213, "average precision": 0.038461538461538464, "reciprocal rank": 0.021739130434782608}}