{"id": "019d0d1c7a01f8736ba59a124160e5fc70666db7", "recommendations": ["TRWJZEG12903D0820E", "TRHVEUE128F4282C34", "TRMHQMH128F423EB56", "TRBHHZZ128F4298713", "TRNEYTQ128F934B2AF", "TRGQVNH128F92F62A2", "TRTNUBT128F42A4C8C", "TRFBHLO128F92DE722", "TRXNRKG128F425A4B8", "TRNSQQP128F425ABA3", "TRVGDMZ128F428D313", "TROXEOE128F427D32B", "TRREVPO128E078F5B1", "TRBIJWZ128F92E0E50", "TRXVRJG128E0789081", "TRBBFSS12903D061AF", "TREVQOT128F42596E5", "TREROBL128C719697E", "TRBHZIX128E0786671", "TRVWQEV128F932799A", "TRSTRXG128E078195F", "TRCSKKY12903CA5582", "TRBGTPK128F429E5D5", "TRDBFQM128E079298B", "TRWFJOB128F4298317", "TRICFEP128F92F11FA", "TRYQWHS128F4237626", "TRMBQQH128E07873D8", "TRZQLBK128F4279304", "TRLCSDN128F426BD3D", "TRGVSRU12903CC8F00", "TRONCBQ128EF3518FF", "TRJCWGF128F9316B53", "TRJMIRF128F429A936", "TRAZORC128F426C323", "TRULNMQ128F92E1FDA", "TREJAXB128F42BC34A", "TRZEBEC128F931C02D", "TREUYJH128F429B903", "TRAZSGB128F42359DA", "TRTGSVG128E079281F", "TRCGKNB128F429726F", "TRGPTPB128F92F64D7", "TRHPDXR128F4298C6D", "TRLQXVU128F934CF2D", "TRNTOLY128F932CB4C", "TROIXIC128F427B6F6", "TRGIAJW128F4277349", "TRTYOCV128F4296173", "TRNTALF128EF343800"], "metrics": {"P": 19, "TP": 1, "precision": 0.02, "recall": 0.05263157894736842, "f1": 0.028985507246376812, "average precision": 0.05263157894736842, "reciprocal rank": 0.02631578947368421}}