{"id": "12a4a991c8b53cd6906995caed8b1f2bd3b6436a", "recommendations": ["TRCQYJE128E078FA49", "TRCULSJ128F429B915", "TRSMKQE128F42439A1", "TRXGWZE128F429DB94", "TRXVPML12903CFA062", "TRJZARH128F4283F3D", "TRCFUJE12903CF7D36", "TRTWAHJ12903CB5065", "TRIGYDL12903D05328", "TRASQGR128F14557AA", "TRHAJRY128F4272004", "TROXSKI128EF34C057", "TRISWHT128F92D3190", "TRIHLES128EF344BF3", "TRZNBQK128F9316A8D", "TRFBNZN128F9340B0E", "TRILZXV128F931C230", "TRWCEKE128F93191BE", "TRRDKDP12903C9E6B1", "TRRLDVI12903CE46C4", "TROIXIC128F427B6F6", "TRYKBSK128F429695B", "TRWAJNH128F1458F74", "TRBBAEQ128F42B18B9", "TRNNVUV128F42142CB", "TRKDBVR128F935A643", "TRKSBQY128E078EF05", "TRNBNSJ128E0784B67", "TRBWBYD128E078E2E6", "TRQHEPS128F42933EF", "TRZOWZR128F427B5F2", "TRTLSEQ128F4284E62", "TRCOTZQ128F42AE3C0", "TRVLXHK128F934B2F4", "TRRUYSE128F423EF8B", "TRCVIWD128F92FFC83", "TRKIMCO12903CC14D3", "TRMXLXD128F932DE3F", "TRYZAMO128E079125F", "TRZTHKS128F92EC098", "TRPGEDB128F933CA96", "TRVIOPH128E079894E", "TRGXKFG128F934C184", "TRFATFG128F42468A1", "TRFVLDM128F92EE889", "TRKMBZN128F428E0C0", "TRGOUNV128F4281928", "TRDRTVY128F93452BC", "TRNWEYN128E0793C6E", "TRLAWLV128F934B7B8"], "metrics": {"P": 49, "TP": 1, "precision": 0.02, "recall": 0.02040816326530612, "f1": 0.0202020202020202, "average precision": 0.02040816326530612, "reciprocal rank": 0.1111111111111111}}