{"id": "16cd9a19b5a433919b3cf86073670369e8d2e4f8", "recommendations": ["TRXEMOI12903CFEAF2", "TRYIVTN128F4286515", "TRHBQST128E07930CB", "TRBQWGI128E0793D38", "TRARBMS128F42775F8", "TRCPLWB128F147CEF1", "TRNBANL128F423ECE6", "TRNMSQS128F92F0DFE", "TRNNVUV128F42142CB", "TROHHUT128F931D024", "TRYFSJE128EF3622F9", "TRSLFZF128F426C8FD", "TRTLSEQ128F4284E62", "TRQISHK128F425550E", "TRUBKJO128F421C971", "TRNTOLY128F932CB4C", "TRHGMTE128F1488D39", "TRGXQPS12903C9AE3C", "TRGNOFL128EF34E4D5", "TRDRMOW12903CDB1AF", "TRHJJEC128F92FA041", "TRHXTGC128F428B6D7", "TRIDUTO128F92DE1A5", "TRXIKKD128F1497960", "TRIMFGO128F423706F", "TRBZHVK128F1460299", "TRTTAJO128F4285F90", "TRRUXTC12903CE8963", "TRJMHJZ128F4290063", "TRBKZTU128F14520F9", "TRZXACK128E0794EE5", "TRKVBNZ128F4266698", "TRWTMBW128F935A44D", "TRNDBSR128E0792511", "TRRJDFF128F427E8D1", "TRKJAEZ128F146E049", "TRHVOJT128F92C4A3D", "TRVULSX128F14824CD", "TRVXCWD128F42606B3", "TRXXZFV128E0792347", "TREJKCZ128C7196DAD", "TRSPZAH128F42B87D5", "TRLIYFS128F148855B", "TRLQKZS128F4247F58", "TROWJJF128E0783FB0", "TRTGSVG128E079281F", "TRPFFIA128F92E8B63", "TRDVEDN12903CF98E0", "TREYOJA128F4299262", "TRFVUIE128F932B3B9"], "metrics": {"P": 15, "TP": 1, "precision": 0.02, "recall": 0.06666666666666667, "f1": 0.030769230769230767, "average precision": 0.06666666666666667, "reciprocal rank": 0.04}}