{"id": "17aa9f6dbdf753831da8f38c71b66b64373de613", "recommendations": ["TRWLGCH128F4287A0B", "TRXUIFW128F9303BBD", "TRKGUFM128F429E58A", "TRIBZZM128E07819DF", "TRCUPLI128F9352959", "TRXURTM128F934D0A3", "TRFNFQQ128F9336583", "TRNPFZV128F4275637", "TRPKQOZ128F92F7443", "TRLUAWR128F4230F26", "TRQISHK128F425550E", "TRWIFBN128F9308699", "TRHDEWE128F92FDBBA", "TRMWSLW12903CEDD9D", "TRYIJWH128F146948C", "TRKMWHB128E078ED8A", "TRFMCJJ128EF35544B", "TRMPCGW128F92E0670", "TRISCAT12903CFDBD0", "TRBVWCA128F4249CA4", "TRFWHUG128F14995B3", "TRPJRZL128F4234A35", "TRCVIWD128F92FFC83", "TRUBXBZ128F146D63D", "TRJBRBR128F1493455", "TRELTXS128F1477265", "TRWGLYQ12903CC7850", "TRIWZQE12903CB33F4", "TRGNIHW128E0789D37", "TRQHEPS128F42933EF", "TRVVTVG128F4248395", "TRYUBWR128E07840BA", "TRPTWLU128E078584F", "TRKQRVO128F92D630B", "TRCDINK128F14A424E", "TRBQANA128F14AE2CF", "TRRJQES128EF35675B", "TRAGOTA128F92F92C2", "TRUMDHO128F148724C", "TRXIKKD128F1497960", "TREEZYR128F92E7CF5", "TRVPAII128F42435A8", "TRRHULT128F4231A35", "TRBFKOV128F426DDF1", "TRESMPW128F4281CC5", "TRTWXVY128F42A65EC", "TRXEMOI12903CFEAF2", "TRYZNFT12903CEA9CA", "TRJAZEO128E078868F", "TRQHIIR128F145A190"], "metrics": {"P": 26, "TP": 3, "precision": 0.06, "recall": 0.11538461538461539, "f1": 0.07894736842105263, "average precision": 0.23076923076923078, "reciprocal rank": 0.08333333333333333}}