{"id": "18dc95f354220b343e98ebbb7c8564291284ed9f", "recommendations": ["TRWXGMQ128F92E8B59", "TRWMIAB12903CBB8AD", "TRWAVGB128F42AF421", "TRPJRZL128F4234A35", "TRRXNSP128F93321FB", "TRYOLLV128F930682F", "TRPUBDM128F42B614D", "TRDRBUL128F4264A97", "TRZLCXX128F92CC96D", "TRLHPWG12903CAC946", "TRTOMDX128F92F64D2", "TRLCWEK128F93131BE", "TRQTFUV128F426BFC7", "TRSLLQW128E07984BB", "TREPUVB128F423ECEA", "TRCFPJB128F4289566", "TRYQAFJ128F42870E6", "TRBCJUF128F93190C2", "TREVRAJ128F42819AD", "TRMPGSG128E0788693", "TRJRDDL128F147CBE8", "TRUOBUT128F42B575D", "TRIHLES128EF344BF3", "TRERTYW128F934B2B0", "TRKWKUU128F92D674E", "TRWYZIF128F145F85F", "TRRNBWZ128F4296761", "TRIMFGO128F423706F", "TRLLLQK128F4294A18", "TRULKPM128E078E167", "TRJWZLT128F146BC4E", "TRTKBWS128F42664D1", "TRRHISM128F93145F9", "TRGRCFQ128F146DE19", "TRRISZC128F147128C", "TRPAQLC128F146E045", "TRGSBYN12903D01E26", "TRKHHRY128F14649C3", "TRXWWGB128F422B918", "TRETCRP128E0789083", "TRVSVBH128F14789CD", "TRZODJZ128E0792999", "TRHOPPY128E078E5E4", "TRRVJCK12903CD2DCB", "TRBIJWZ128F92E0E50", "TREAJBV12903CCDA96", "TRAQEFQ128F92FED2A", "TRNEWWX128F9336A1F", "TRECZBL128F146336A", "TRYZVGG128F146D706"], "metrics": {"P": 45, "TP": 2, "precision": 0.04, "recall": 0.044444444444444446, "f1": 0.042105263157894736, "average precision": 0.06666666666666667, "reciprocal rank": 0.14285714285714285}}