{"id": "1b704d4cddabea8258bd93497fcb73eab32fa592", "recommendations": ["TRBHQUM128F9309DE1", "TRRXNSP128F93321FB", "TRPKQOZ128F92F7443", "TREJKCZ128C7196DAD", "TRZSHYK128F93290E9", "TRJKHDH128F147AEDC", "TRBVWCA128F4249CA4", "TRWLGCH128F4287A0B", "TRJYNEJ128F427EE2A", "TRLKDSX128E0781C69", "TREYOJA128F4299262", "TRJCBOU128F42988AC", "TRKEKRC128F424383C", "TRTBNWT128E078ED83", "TRTGSVG128E079281F", "TRQBHMA12903CE44F9", "TRRBEIE128E0782B31", "TRQJIHH128F931B0BE", "TRLCSDN128F426BD3D", "TRSMRWN128F934CF44", "TRFNFQQ128F9336583", "TRDXLKN12903CE824C", "TRKQRVO128F92D630B", "TRSMKQE128F42439A1", "TRBQANA128F14AE2CF", "TRDZBOU128F92E43E3", "TRRBCRI128F92F12C9", "TRAMXGR128E07822CC", "TRKDRZT128F427930E", "TRKJTUV128F932BB1D", "TRUOAOC128F148018B", "TRTUUFH128F932EDD1", "TRONCPQ128F92E0666", "TRSCNGW12903CE91EB", "TREROBL128C719697E", "TRRNBWZ128F4296761", "TRLAWLV128F934B7B8", "TRCUPLI128F9352959", "TRPGDSP128F931DD22", "TROYTES128F148C87E", "TRZDYGB128F9310C23", "TRXAOPL128F42922A3", "TROYHPV128F428C6D1", "TRAACIE128F428495B", "TRIIWCM12903CFE30D", "TRAXBIJ128F147768B", "TRLAPOU12903CE8278", "TRKFFAP128F42ADE02", "TRQQEOG128F92FA05A", "TRRVFHW12903D07380"], "metrics": {"P": 59, "TP": 3, "precision": 0.06, "recall": 0.05084745762711865, "f1": 0.05504587155963303, "average precision": 0.1016949152542373, "reciprocal rank": 0.03333333333333333}}