{"id": "22d652f8891ba2186a4ce3ee8de7c192148108ef", "recommendations": ["TRAAFYL128E07856A7", "TRILGUV128F428A4C5", "TRICDNN128F92F5E85", "TRFUOKM128F9329DAA", "TRNLHWO128F92EAABF", "TREIMYW128F93366A2", "TRYEINP128F1485EBF", "TRPMCDL128F147F5C0", "TREBWYU12903CCDAA8", "TRYBELE128F427710B", "TRUTJWI128F92D3C29", "TROKQVH128F148D1C3", "TRODYIA128E0794F9E", "TRCUNTJ128F9307B4D", "TRNNCOL128F1488D34", "TRYJSDC128EF34B5C8", "TRZLVQP128E07813EB", "TRKBPYN128F92DC155", "TRRHVIC128F92F9908", "TRLDIGW128F93269F8", "TREUBKI128F42597BE", "TRWLRVY128E07993C0", "TRSQBCK12903D080B2", "TRJOFPF128F932E785", "TROKPUH128F428E9FC", "TRQGRXB128E078AA08", "TRNWKFE12903D0C388", "TRFVLDM128F92EE889", "TRSHPHX12903CD43E0", "TRMCTYQ128E07921DC", "TRGGONE128F42B6FF9", "TRRNBWZ128F4296761", "TRDNDNY128F14A2F40", "TRRLDVI12903CE46C4", "TRQVCXZ128F4298756", "TRKIMCO12903CC14D3", "TRNZUSS128F42305D3", "TRECQND128F9323DE3", "TRISILF128F92F029E", "TRCWJKI128F429BBF2", "TRUYCVH128F92C2B1E", "TRRDKDP12903C9E6B1", "TRIZLKJ128F149564C", "TRHDCQY128F423BEDF", "TRZQLBK128F4279304", "TRWVWVW128F92FA058", "TRKESCC128F4284485", "TRXNRKG128F425A4B8", "TRRHHJQ128F42A5707", "TRRQKRU128F42634C7"], "metrics": {"P": 18, "TP": 1, "precision": 0.02, "recall": 0.05555555555555555, "f1": 0.029411764705882353, "average precision": 0.05555555555555555, "reciprocal rank": 0.05555555555555555}}