{"id": "3187e658fd71be99d68d96f3a61a436c8a607365", "recommendations": ["TRBGCCF128F1492C86", "TRJREQL128F92EF09A", "TRRNBWZ128F4296761", "TRXGWZE128F429DB94", "TRSEDXJ128F933BCA2", "TRATGLN128F14A23DB", "TRAQEFQ128F92FED2A", "TRPIKQB128F932E46D", "TRODYIA128E0794F9E", "TRRQKRU128F42634C7", "TRSUPCO128F42925B2", "TRTTAJO128F4285F90", "TRNLXJM128F4289801", "TRZCNGA128F92D0113", "TRRSWEO128F429312A", "TRVBDGB128F42A75AA", "TRZYKRT128F932796C", "TRJQRAP128F9314B3F", "TRBIQPU128F429034F", "TRXQYVP128F4216A0A", "TRUAFFD128F4277048", "TRQFTEQ128F14B12BC", "TRICDNN128F92F5E85", "TRYRYCT128F92E4457", "TRFRSPE128F9333799", "TRGAEEK128F42BC5B0", "TRCMZBO128F92E308F", "TRJOFPF128F932E785", "TRVGDMZ128F428D313", "TRFOMMI128F42A04EE", "TRHVSIB128F1485EC2", "TRFVUIE128F932B3B9", "TRRVJCK12903CD2DCB", "TRQXTTC128F4264434", "TRGMNJO128F14B1381", "TRXGWMG128E0792991", "TRXZIMW128F92DE236", "TRIRULV128F42BAE52", "TRYEINP128F1485EBF", "TRAARZK12903D14A2D", "TRNRFYE128F42BC67E", "TRSFSBE128F1459AF1", "TRKHBQZ128F4272F89", "TRHPZIT128F148B263", "TRVAIVL128F93278E7", "TRBUAFL128F14B12C4", "TRBPWVZ128F4214A7E", "TREAYWO128F93112F4", "TRQVORC128E07913D5", "TRGLEON12903D001F1"], "metrics": {"P": 16, "TP": 2, "precision": 0.04, "recall": 0.125, "f1": 0.06060606060606061, "average precision": 0.1875, "reciprocal rank": 0.058823529411764705}}