{"id": "38b3d1771dfbd0d8e2391ad3749f0bd93643210b", "recommendations": ["TRWHTGG128F1457193", "TRAHVXE128F9339BAD", "TRDSXBJ12903CCA182", "TRLVPVM128F9324F10", "TROQRWN12903CA7359", "TRUELXV128E0785A80", "TRACRRS128F1465A64", "TRLONXS128F42B8BF5", "TRHIUQE128F427E268", "TRRXNSP128F93321FB", "TRTVXUZ128F1466475", "TREAJBV12903CCDA96", "TRLCWEK128F93131BE", "TRMCURM128F92E383C", "TRJCNOT128F92F992E", "TRMPOOO128F934D1A3", "TRFQUXQ128F1488D32", "TRQOXMF128F1456F8C", "TRPDJBX128F42ACF9B", "TRIQYYW128F4287A0D", "TRDBFQM128E079298B", "TROXSKI128EF34C057", "TRWWJOQ128F147395F", "TRESMVD128F9310D57", "TRKYXBC12903CF7A88", "TRYQAFJ128F42870E6", "TRNTALF128EF343800", "TRPCCDQ128F931EB27", "TRJMIRF128F429A936", "TRTCMBE128F9335CAE", "TRIEALJ12903CE0E9B", "TRJGXED128F9305D7D", "TRVRIEM128F92EB8F6", "TRJIIBZ128F148D69A", "TRCOBNP128F42BA577", "TRXVRJG128E0789081", "TRDRBUL128F4264A97", "TRIRYEI128F424364D", "TRLUVSD128E07984A0", "TRYIQZA128E0786BA0", "TRWJZEG12903D0820E", "TRQFMIO128F9310D4F", "TRDYULZ128F932BB19", "TRWWXIR128F4295415", "TROIVHS128F931D5F0", "TRKQNZA128E0782CD6", "TRIRLZE128F148A0D2", "TRONCBQ128EF3518FF", "TRONTHY128F4295577", "TRFHJOI128EF34BFAF"], "metrics": {"P": 18, "TP": 1, "precision": 0.02, "recall": 0.05555555555555555, "f1": 0.029411764705882353, "average precision": 0.05555555555555555, "reciprocal rank": 0.058823529411764705}}