{"id": "4c6e2b39891084e55a670676aecc582a7ad5eee4", "recommendations": ["TRGSBYN12903D01E26", "TRIHWXE128F145FF9A", "TRVGHCP128F1469A87", "TRRBOAA12903CC5965", "TRLHPWG12903CAC946", "TRHVSIB128F1485EC2", "TRRSWEO128F429312A", "TRFKXKB128F425AD8C", "TRJQAEN128F92E0589", "TRWJDBV128F934AEFB", "TRLLLQK128F4294A18", "TRVUBFM128E0792688", "TREPUVB128F423ECEA", "TRKJTUV128F932BB1D", "TRQXTTC128F4264434", "TRBUAFL128F14B12C4", "TRSHIDL128F42255EC", "TRPXUOS12903CC697A", "TRPIKQB128F932E46D", "TRXGWMG128E0792991", "TRRHISM128F93145F9", "TRUQHTS128F930B3B8", "TRYRYCT128F92E4457", "TRLPBAI128F9315561", "TRZSHYK128F93290E9", "TRUENYE128E078FEB5", "TRBNJPZ128F934D5A2", "TRZPAPV128F427E8D2", "TRGUOYN128F428E3F1", "TRTGEVK12903CFDBB9", "TRMKRXO128F9339628", "TRFHPPK128F934C17A", "TRSWJHK128F429EA6F", "TRVUGOX128E0784629", "TRGMNJO128F14B1381", "TRWBDIT128F423714D", "TRSSAGS128F92E697A", "TRNGQCW128F427B6E7", "TRTFEWY128F42596E4", "TRNNVUV128F42142CB", "TRVBDGB128F42A75AA", "TRQQEOG128F92FA05A", "TRWBOHR128F9331033", "TRDMQMC128F9338FCD", "TRQQKHR128F9335F72", "TRPAQLC128F146E045", "TRECAAG128F931C025", "TRRLQFB128E0792F78", "TRNWRTV128F9319822", "TRPJMKA128F4284E71"], "metrics": {"P": 28, "TP": 1, "precision": 0.02, "recall": 0.03571428571428571, "f1": 0.02564102564102564, "average precision": 0.03571428571428571, "reciprocal rank": 0.05555555555555555}}