{"id": "50e8b82d39627c1aef0df5ad97b4a66a629c8edc", "recommendations": ["TRRLQFB128E0792F78", "TRLKDSX128E0781C69", "TRLJVJC128F9302FC9", "TRNXODJ128F428EA1C", "TRJHALL128F92C48B6", "TRUXLWW128F14567C4", "TRRLDVI12903CE46C4", "TREVDLU128F42BCA88", "TRAKAMD128F146DA74", "TRNDZQZ128E079307E", "TREGMRB12903CC5960", "TROINBI12903CDB2D8", "TRZZUTD12903CADD68", "TRTNBSL128F931C0D5", "TROCQRP128F1463538", "TRCOTZQ128F42AE3C0", "TRRVFHW12903D07380", "TRQQKHR128F9335F72", "TRONCPQ128F92E0666", "TRFVLDM128F92EE889", "TRBOCQJ128F425DEF4", "TRLBBLG128F933C0E1", "TRPNQNK128F4257A07", "TRPTWGR128F1452734", "TRSZWSB128F145C13F", "TRWAJNH128F1458F74", "TRJWNBW12903D00993", "TRSWJHK128F429EA6F", "TRLAPOU12903CE8278", "TRKDBVR128F935A643", "TRUDGJY128F93557B2", "TRWJYOT128F935572B", "TRKNKEF128F425FD6A", "TRCZPQW128F429BBE8", "TRKHLLG128EF3437B3", "TRPGEDB128F933CA96", "TRKKCHY128F92C6AEA", "TRWQWEU128F14789F0", "TRJWHAE12903CD763D", "TRLIZMW128F42858B7", "TRYKBSK128F429695B", "TRDQJOA128E078FC70", "TRJYNEJ128F427EE2A", "TRLIHJA128F428199B", "TRPADGS12903D0C382", "TRQXWTY128F92C5A7A", "TRIUJRC128F14A5547", "TRSVMZM128F93592F5", "TRXFXLQ128F421427D", "TRGUOYN128F428E3F1"], "metrics": {"P": 21, "TP": 1, "precision": 0.02, "recall": 0.047619047619047616, "f1": 0.028169014084507043, "average precision": 0.047619047619047616, "reciprocal rank": 0.07692307692307693}}