{"id": "529b42cdbc379ad2e765aec6d3bad8a192038741", "recommendations": ["TRKYXBC12903CF7A88", "TREIMYW128F93366A2", "TRAJPUF128E0784808", "TRJEJOJ12903CAA2B2", "TRKDCXK12903CC27D8", "TRDZTKM128F42629E7", "TRSXDNB128F42142E5", "TRVCFUI128F92E1D42", "TRUTJWI128F92D3C29", "TRVUBFM128E0792688", "TRRQDKP128F4262F4B", "TRYQSJG128E078EC88", "TRCUNTJ128F9307B4D", "TRESMVD128F9310D57", "TRHTQFK128F427BBAA", "TROBBXX128E0793D40", "TRQRBOM128F425D556", "TRLLBYS12903CB653D", "TRFKXKB128F425AD8C", "TRGVFLA128F931F73B", "TRMBFBM128F9317154", "TRPNBQU128F427AB21", "TRGXQPS12903C9AE3C", "TRBHYJH12903CEA8AC", "TRZVPZQ128E078F0E3", "TRBFESF12903CD889B", "TROIYSD128F423EFFB", "TRSEBCD128F4289D57", "TRTLMBT128F931AFB6", "TRTGQTF128F1469913", "TRMXLMR128F425B9B1", "TRWESXN12903CC595B", "TRIZLKJ128F149564C", "TRVYXUG128F933AD8F", "TROLXKA128F4276D81", "TRBUAFL128F14B12C4", "TRGFOHY128EF340592", "TRACRRS128F1465A64", "TRVLXHK128F934B2F4", "TRLUVSD128E07984A0", "TRITNCR128F428907A", "TRZHLDH128F427D285", "TRIVMCG128F932105E", "TRVWFPD128F423BCE2", "TRROTDF128F931C028", "TRLJEFP12903CA71FB", "TREMQXM128F92E23D0", "TRDRSKI128F9313031", "TRCOETJ128F14530AA", "TRPAQLC128F146E045"], "metrics": {"P": 28, "TP": 1, "precision": 0.02, "recall": 0.03571428571428571, "f1": 0.02564102564102564, "average precision": 0.03571428571428571, "reciprocal rank": 0.020833333333333332}}