{"id": "5696bf760215a24ba6f381b8e466828131ddf13b", "recommendations": ["TREEZYR128F92E7CF5", "TRTWAHJ12903CB5065", "TRLDYLL128F42555DD", "TRNPKRK128F429831C", "TRIJIAU128E0789D41", "TRFDWTF128F42739A0", "TRWIOMZ128F93111BF", "TRRDCRT128F42ACE5C", "TROKNDM128F148C4C4", "TRKGUFM128F429E58A", "TRCQKWZ128F933A30C", "TRYNVBQ12903CE8306", "TROIXIC128F427B6F6", "TRCIOFB128F9321D3E", "TRHQPDN12903CEA4B1", "TRREVPO128E078F5B1", "TRVYUKA12903CEA428", "TRKNKEF128F425FD6A", "TRQEZSL12903CB5079", "TRHVEUE128F4282C34", "TRICSWW128F428954C", "TRWWOLZ128F427D87D", "TROOIQI128F93425A1", "TRLYHUQ128F92F1089", "TRDLNVG128E078F430", "TRXZQTU128F14B0AA3", "TRDVAWK128E07943D3", "TRWYZIF128F145F85F", "TRRJQES128EF35675B", "TRVUTVN128F1488D37", "TRNDWLI128EF340671", "TRMHQMH128F423EB56", "TRMQJPF128F14B0B95", "TRZXPJT128F42BC289", "TRJFETP128E078FEA7", "TRIVOHH128F4234BC2", "TRQHEPS128F42933EF", "TRUAFFD128F4277048", "TROGDUH128F9330CB9", "TRIZGPC128F1488B71", "TRNWRAW12903CACB8D", "TRNVZRD128F424F32F", "TRVJSSU128F92E7BE4", "TRDSPVW128F934C179", "TRNWRTV128F9319822", "TRIFWAT128F92C5A86", "TRHJLEY128F1493564", "TRSMKQE128F42439A1", "TRWBDIT128F423714D", "TRURFKD128F9331D5D"], "metrics": {"P": 29, "TP": 2, "precision": 0.04, "recall": 0.06896551724137931, "f1": 0.05063291139240506, "average precision": 0.10344827586206896, "reciprocal rank": 0.3333333333333333}}