{"id": "5a905f000fc1ff3df7ca807d57edb608863db05d", "recommendations": ["TRCGKNB128F429726F", "TRSDFTB128F93084D2", "TRLKDSX128E0781C69", "TRAFLIC128F423B939", "TRIDBZZ128F14595BC", "TRJFETP128E078FEA7", "TREEZYR128F92E7CF5", "TRNWKFE12903D0C388", "TRRQVGF128EF344BF6", "TRAOEDK128E07814F1", "TRVPJPK128F1459159", "TRWESXN12903CC595B", "TRSHIDL128F42255EC", "TRVVTVG128F4248395", "TRKMBZN128F428E0C0", "TRLEVVI128F427F174", "TRBAKKG12903CE896B", "TRHQPDN12903CEA4B1", "TRVXCWD128F42606B3", "TRSCNGW12903CE91EB", "TRFWGOJ128E0780C8B", "TRJYNEJ128F427EE2A", "TROJORG128F1488D3A", "TRYCNIP128F42133A0", "TRCIOFB128F9321D3E", "TRPKRXW128F426257C", "TRRDCRT128F42ACE5C", "TRVQXJW128F93432EB", "TRYWQKW128E0781969", "TRVPUZF128F4280C21", "TRZXACK128E0794EE5", "TRLYHUQ128F92F1089", "TRPAEWB12903CA7356", "TRQRBOM128F425D556", "TRRJOIB128F1462DED", "TRKDBVR128F935A643", "TRCOTZQ128F42AE3C0", "TRXYLKX128F148988C", "TRXQJWK128F146DF76", "TRUGJUA128F931117C", "TRXVPML12903CFA062", "TRKSBQY128E078EF05", "TRDSXBJ12903CCA182", "TRLAPOU12903CE8278", "TRKJTUV128F932BB1D", "TRIIPXR12903CDBF1A", "TRBUTXG128F145C1EC", "TRSHKBR128F4281C97", "TRPTWGR128F1452734", "TRJWHAE12903CD763D"], "metrics": {"P": 98, "TP": 2, "precision": 0.04, "recall": 0.02040816326530612, "f1": 0.02702702702702702, "average precision": 0.030612244897959183, "reciprocal rank": 0.05263157894736842}}