{"id": "5d5e0142e54c3bb7b69f548c2ee55066c90700eb", "recommendations": ["TRUATNS128F423457D", "TRLDYHH128F42482B4", "TRQGRXB128E078AA08", "TRIMJUJ12903CD43E5", "TRYOBEF128F42439B4", "TRZLVQP128E07813EB", "TRQNRBY128F145C0A7", "TRGPEFG128F429BBEA", "TRRJQES128EF35675B", "TRDVAWK128E07943D3", "TRLFTUY128F4294765", "TRAIYZW128F9330F7D", "TRYZVGG128F146D706", "TRRBLWC12903CDD611", "TRBTIFY12903CAB63C", "TRKUUZM128F14782F0", "TRIGIPE128E078EC89", "TRTNFBV128F4290606", "TRHGBRF128F92FA1B6", "TRMFSXL128F428480E", "TRVKTHJ128F424D875", "TRPPQZW128F92C48BC", "TRBBAEQ128F42B18B9", "TRGVFLA128F931F73B", "TRENQYP128F14722FD", "TRVGDUD128F146C84C", "TRTUWDQ128E078A754", "TRVGIKV12903CDED5A", "TRAKKFK128F14A895A", "TRIICFX128F42A8D16", "TRPUFEY128F4250A32", "TRUSHHQ128E078F8B7", "TRANIJQ128F4298A10", "TRXVQGE128E07847D5", "TRGRDUH128F42AE383", "TRPJMKA128F4284E71", "TRZUAKW12903CB6D3B", "TREEZYR128F92E7CF5", "TRYBKPF128F93102B9", "TRHNJTW128E0784786", "TRICSWW128F428954C", "TRIFWAT128F92C5A86", "TRAYVWN128E079120C", "TRZZUTD12903CADD68", "TRISZQR12903CB263D", "TRZDPAF128F92F7C1F", "TRLIQPF128F429F955", "TRLLQUC128F932A35B", "TRJUPJZ128F42722B0", "TRECQND128F9323DE3"], "metrics": {"P": 17, "TP": 1, "precision": 0.02, "recall": 0.058823529411764705, "f1": 0.02985074626865672, "average precision": 0.058823529411764705, "reciprocal rank": 0.02}}