{"id": "732f88be38fae217f8ab7e24c20dd072436e3e40", "recommendations": ["TRMPCGW128F92E0670", "TRRBCRI128F92F12C9", "TRDYFOK128F4289A85", "TRNPFZV128F4275637", "TRYACDU128F1482620", "TRMEEEV128F148B228", "TRUOAOC128F148018B", "TRUEWIM128F92E9743", "TRVMLIA128F92DC109", "TRYXHPR128F14595B6", "TRSJTDA128F92F9584", "TRENYZD12903CE75B6", "TRWYZIF128F145F85F", "TRFNGJS128F92F9EEE", "TRSKTWO128F1462DE8", "TRJKHDH128F147AEDC", "TRGSPUQ128E0780DA5", "TRESMPW128F4281CC5", "TRBQUTX128EF35EEA1", "TRHGBRF128F92FA1B6", "TRUOCWY128F427B6F5", "TRNKXEL128F42987C8", "TRJIPSX128F423ECE5", "TRLDJDG128F425F36C", "TRBKZTU128F14520F9", "TRYMLMM12903D05FD3", "TRDSPVW128F934C179", "TRRCXOZ128F92D25F7", "TRVESUC128F1477267", "TRTVIKO128EF344BF8", "TRUMIHF12903CBE0A8", "TRDOIUT128F92E494D", "TRBQWGI128E0793D38", "TRQQBBL12903CFCDE4", "TREJKCZ128C7196DAD", "TROKGRM128F1488B95", "TRSRHBC128F425F1A8", "TRIHLES128EF344BF3", "TRTGSVG128E079281F", "TRVDIEE128E0783217", "TRXEMOI12903CFEAF2", "TRACRRS128F1465A64", "TRDXMVA128F9335E1F", "TRVYYDA128F93501B9", "TRLUVSD128E07984A0", "TRDSQJR128F92CB66C", "TRBVQRG128F425A063", "TRIKCQI128F92DDC16", "TRYHNMR128F92C5DD1", "TRLVPVM128F9324F10"], "metrics": {"P": 56, "TP": 1, "precision": 0.02, "recall": 0.017857142857142856, "f1": 0.01886792452830189, "average precision": 0.017857142857142856, "reciprocal rank": 0.16666666666666666}}