{"id": "77448d704c1b9acc37037d400302ce7f8a9496c7", "recommendations": ["TRAKAMD128F146DA74", "TRSNHEY128EF35E2B7", "TRLAOXU128F148B0FE", "TRKCOAU128E07853F3", "TRVGIKV12903CDED5A", "TRZYKRT128F932796C", "TRJDKLG128E0792558", "TRTNUBT128F42A4C8C", "TRTWWXC12903CA37AB", "TRYWLIM128F427930B", "TRIMJUJ12903CD43E5", "TRSZWSB128F145C13F", "TRICSWW128F428954C", "TRILGUV128F428A4C5", "TRNURLL128F146CA5F", "TRWYZIF128F145F85F", "TRVXNKX128F931AF2B", "TRAPHUO12903CC2719", "TRPUCNU128E0786193", "TRBTIFY12903CAB63C", "TRNDZQZ128E079307E", "TRKCILR128F92E7CEF", "TRVSVBH128F14789CD", "TRHVEUE128F4282C34", "TRWMIAB12903CBB8AD", "TRMHQMH128F423EB56", "TROKQVH128F148D1C3", "TRLIHJA128F428199B", "TRHGBRF128F92FA1B6", "TRIAOVI128F425A16D", "TRTBNWT128E078ED83", "TRWXMRO128F424DBF7", "TRDSPVW128F934C179", "TRTOMDX128F92F64D2", "TREGMRB12903CC5960", "TRZAXFA128E0792826", "TRONTHY128F4295577", "TRZIAXW128F423AEEA", "TRVNAVH128F9339031", "TRTUSWY128F4238D8C", "TREEZYR128F92E7CF5", "TRJLMAI128F92EBB04", "TRLHVPD12903CF98D3", "TRXWBQL128E07860FF", "TRPMCDL128F147F5C0", "TRKVZCH128F145F801", "TRCSKKY12903CA5582", "TRHKLOY128F427B8D9", "TRKNKEF128F425FD6A", "TRGRCFQ128F146DE19"], "metrics": {"P": 40, "TP": 2, "precision": 0.04, "recall": 0.05, "f1": 0.044444444444444446, "average precision": 0.07500000000000001, "reciprocal rank": 0.05263157894736842}}