{"id": "77cac5c3389010b64d01b30f725c24de4a5bb626", "recommendations": ["TRITRGV12903CEA9C4", "TRSNHEY128EF35E2B7", "TRVYUKA12903CEA428", "TRRPRXH128F423F02F", "TROHHUT128F931D024", "TRVUTVN128F1488D37", "TRHBGXU128F9310DB3", "TRKKXKN128EF3445BE", "TRDIJIN128F145F802", "TREUYJH128F429B903", "TRAPHUO12903CC2719", "TRWCYMB12903D009F3", "TRWAVRT128E078907D", "TRGMNJO128F14B1381", "TRZXODB128F9310B6C", "TRJDUIU12903CE9200", "TRPOBNN12903CFCDFB", "TREVQOT128F42596E5", "TRXGJPO128F92D4706", "TRLONXS128F42B8BF5", "TRRQQYY128F933D800", "TRBGTPK128F429E5D5", "TRWAJII128F4294A1E", "TRPJZVC128F9308EB9", "TRYRYCT128F92E4457", "TRDNRPM12903CFC916", "TRXGWMG128E0792991", "TRJREQL128F92EF09A", "TRGNOFL128EF34E4D5", "TRBCMSH12903D03298", "TRVULSX128F14824CD", "TRTTAJO128F4285F90", "TRFZIKD128F1465640", "TRDSQJR128F92CB66C", "TRQXTTC128F4264434", "TRQVORC128E07913D5", "TRZOWZR128F427B5F2", "TRAARZK12903D14A2D", "TRDMQMC128F9338FCD", "TRXFXLQ128F421427D", "TRVBDGB128F42A75AA", "TRATGLN128F14A23DB", "TROWJJF128E0783FB0", "TRUJYRT128F428B095", "TRYCNIP128F42133A0", "TRRBIDE128F92DC547", "TRPFBQH128F92E7CD5", "TRWRGJY128F145C29F", "TRYDRBL128F9310CDD", "TROOSTO128F428B6F2"], "metrics": {"P": 12, "TP": 1, "precision": 0.02, "recall": 0.08333333333333333, "f1": 0.03225806451612903, "average precision": 0.08333333333333333, "reciprocal rank": 0.030303030303030304}}