{"id": "818d363c191b02180f51d8569eb65ee8f2bdf888", "recommendations": ["TRZUJFC128F92F3AA9", "TRHSGST128F424AC57", "TRKUSXZ128F4277AF3", "TRMWNLK12903D00F03", "TRZEBEC128F931C02D", "TRSTRXG128E078195F", "TRKHHRY128F14649C3", "TRUSIMU128EF3436C8", "TROIVHS128F931D5F0", "TRAZSGB128F42359DA", "TRZAQAZ128F149F9FF", "TRKWKUU128F92D674E", "TRVZFVK128F42A4C3C", "TROBBXX128E0793D40", "TRRNBWZ128F4296761", "TRTUWDQ128E078A754", "TRJWZLT128F146BC4E", "TRCRILW128F428AC12", "TRGIGOM12903CE8965", "TRKIRIG128E0791EB7", "TRHOUXO128F425B34B", "TRCFPJB128F4289566", "TRVKTHJ128F424D875", "TRJOFPF128F932E785", "TRICDNN128F92F5E85", "TRMVEUX128F423ECE9", "TRZFZEW128F933A950", "TRXCUAV128E0793B6A", "TRRXNSP128F93321FB", "TRCLJGP128E079273D", "TRAFLIC128F423B939", "TRKESCC128F4284485", "TRORDNM128F427560D", "TRKKRNJ12903D08282", "TRXLGCU12903CF6E85", "TRBQWUB128F42597B1", "TRWVMXK128E0784C82", "TRYEINP128F1485EBF", "TRAHBQT128F4213403", "TRFUOKM128F9329DAA", "TRBFESF12903CD889B", "TREVQOT128F42596E5", "TREBUCN128F92D2CAC", "TRENDEU128F93112E1", "TRJUPJZ128F42722B0", "TROGDUH128F9330CB9", "TRPPQZW128F92C48BC", "TRONTHY128F4295577", "TRKNVRW128F9309A57", "TRXQYVP128F4216A0A"], "metrics": {"P": 37, "TP": 1, "precision": 0.02, "recall": 0.02702702702702703, "f1": 0.022988505747126433, "average precision": 0.02702702702702703, "reciprocal rank": 0.07142857142857142}}