{"id": "85952991b8e3ca5803a08b0b2f9c6d71abf9bb5b", "recommendations": ["TRKUSXZ128F4277AF3", "TRNNCOL128F1488D34", "TRTMSPH128F92DF139", "TRLDYHH128F42482B4", "TRQGRXB128E078AA08", "TRZYGSG128F9310CDB", "TRGSNKQ128F425A06A", "TRYOBEF128F42439B4", "TRGOXCG128E078A891", "TRZLVQP128E07813EB", "TRMWNLK12903D00F03", "TRTIGWA128E0785A84", "TRKHLLG128EF3437B3", "TRWHTGG128F1457193", "TRSGNMZ128F92F8FD0", "TRXTHQI128F14623D7", "TRILXCN128F92F41C6", "TRJZZTW128F426621D", "TRDSXBJ12903CCA182", "TRDVAWK128E07943D3", "TRAIYZW128F9330F7D", "TRNZIOV128F42ACE89", "TRCQNKF12903CB507B", "TRAHVXE128F9339BAD", "TRIWSNC128F932FC8C", "TRAJPIQ128F14819A8", "TRKUUZM128F14782F0", "TRNIACV128F9301DC2", "TRPUBDM128F42B614D", "TRVKTHJ128F424D875", "TRPPQZW128F92C48BC", "TRCUEAD128F92FFC39", "TRPMLBC128F14A8950", "TRNPVWX128F93353F9", "TROQRWN12903CA7359", "TRNCEEI128E0799072", "TRZJNDO128EF343498", "TRYGCJM128E07813B3", "TRLVPVM128F9324F10", "TRCETGK12903CD83AA", "TRZQKHU128F931EDA5", "TRHHZLB128F93293E4", "TRRIHBF128F428192D", "TRFIMXE128F9302AE0", "TRGRDUH128F42AE383", "TRLUQEN128F1455E51", "TRUELXV128E0785A80", "TRFDCPI128F93234B7", "TRZJFPI128F932B9F9", "TRMBTLY128F9300D3F"], "metrics": {"P": 47, "TP": 2, "precision": 0.04, "recall": 0.0425531914893617, "f1": 0.041237113402061855, "average precision": 0.06382978723404255, "reciprocal rank": 0.16666666666666666}}