{"id": "85de112e63c6c3b4272ae71fa2ba2c5fd9e3032c", "recommendations": ["TRCPLWB128F147CEF1", "TRMMHKG12903CDB1B5", "TRCLAMQ128F9329354", "TRLXSNR128F429361D", "TRVABTY128E07860FB", "TRYIVTN128F4286515", "TROIYSD128F423EFFB", "TRLIHKL128F92F5E79", "TRBUAFL128F14B12C4", "TRMCFBP128F4214801", "TRLJEFP12903CA71FB", "TRICFEP128F92F11FA", "TRZSOKH128F92FED73", "TRCSKKY12903CA5582", "TRYHLWO128F42BC675", "TRBUTXG128F145C1EC", "TRJEJOJ12903CAA2B2", "TRHVEUE128F4282C34", "TROOIQI128F93425A1", "TRPXUOS12903CC697A", "TRFHIWV128F92F587F", "TRCDWIU128F14A228D", "TRJCWGF128F9316B53", "TRVBDGB128F42A75AA", "TREAYWO128F93112F4", "TRXGHOC128F92EF9BA", "TRCMZBO128F92E308F", "TRNBANL128F423ECE6", "TRXVUTW128F1462DF0", "TRPIKQB128F932E46D", "TRQJALO128F423ECE8", "TRXXZFV128E0792347", "TRTONWC128F92DC338", "TRZXACK128E0794EE5", "TRRNFHH128F92D262D", "TROPMEE128F4247FCB", "TRAQEFQ128F92FED2A", "TRIAOVI128F425A16D", "TRGKQSJ128F42597A0", "TRMAEHV128F427ECE6", "TRMHQMH128F423EB56", "TRXTIPW128F424EAAA", "TRBWBYD128E078E2E6", "TRSFSBE128F1459AF1", "TRUQHTS128F930B3B8", "TRATGLN128F14A23DB", "TRTUSWY128F4238D8C", "TRCYFKM128F932C2DA", "TRDIJIN128F145F802", "TRVLXHK128F934B2F4"], "metrics": {"P": 39, "TP": 2, "precision": 0.04, "recall": 0.05128205128205128, "f1": 0.04494382022471911, "average precision": 0.07692307692307693, "reciprocal rank": 0.1111111111111111}}