{"id": "884209a41deb55df792f074bccf8af1c1c31768b", "recommendations": ["TRYZYOZ128F426ADA5", "TRPKRXW128F426257C", "TRBNJPZ128F934D5A2", "TRFCWVP12903CDBF19", "TROIXIC128F427B6F6", "TRREVPO128E078F5B1", "TRKNKEF128F425FD6A", "TRSLMFQ128F146976B", "TRCMKHF128F1495E27", "TRKVBNZ128F4266698", "TRHVEUE128F4282C34", "TRQPYWK128F4289D59", "TRBUTXG128F145C1EC", "TRDQAWQ128F93379DF", "TRRHISM128F93145F9", "TRWBOHR128F9331033", "TRNBANL128F423ECE6", "TROYZUQ128F930F4B1", "TRMHQMH128F423EB56", "TRZMYKW128F429F880", "TRDMQMC128F9338FCD", "TRRZHLQ128F427EC84", "TRIVSTV12903CAE6BE", "TREGUTF12903CED19E", "TRLLLQK128F4294A18", "TREPUVB128F423ECEA", "TRYMDNB128F428AE80", "TRSSAGS128F92E697A", "TRAOMJB128F9305AB6", "TRSMKQE128F42439A1", "TRNDZQZ128E079307E", "TRGLURC128F145A6A3", "TRAIYDL128E0791583", "TRGUOYN128F428E3F1", "TRSXTPX128F9352025", "TRIDUTO128F92DE1A5", "TRTWAHJ12903CB5065", "TRIZIPB128F4278389", "TRELTXS128F1477265", "TRSWJHK128F429EA6F", "TRRDKDP12903C9E6B1", "TRGVTBE128F42870E1", "TRHDCQY128F423BEDF", "TRFMKZO128EF33FA0E", "TRSCUBC128E0782224", "TRFUAJM12903CB5042", "TRMCSDZ128F424C5AA", "TRIRMQT128F4289D50", "TROBYTB128F422975C", "TRJAWUY128E078DFB5"], "metrics": {"P": 53, "TP": 2, "precision": 0.04, "recall": 0.03773584905660377, "f1": 0.038834951456310676, "average precision": 0.05660377358490566, "reciprocal rank": 0.029411764705882353}}