{"id": "8ce5dde3941dfc039a6384de713cc287f645412a", "recommendations": ["TRQGRXB128E078AA08", "TRHKLOY128F427B8D9", "TRZLVQP128E07813EB", "TRILXCN128F92F41C6", "TRPAEWB12903CA7356", "TRWJZEG12903D0820E", "TRKEAKG128F932797D", "TRPUBDM128F42B614D", "TRXQJWK128F146DF76", "TRERTYW128F934B2B0", "TRSYQLI128F14B122A", "TRIUJRC128F14A5547", "TRHHZLB128F93293E4", "TRZHZZJ128E079307F", "TRDIXXS128F4281320", "TRJQAEN128F92E0589", "TRXVZKC128F425AEEE", "TRYQSJG128E078EC88", "TRRNBWZ128F4296761", "TRMBTLY128F9300D3F", "TRKJTUV128F932BB1D", "TRWCYMB12903D009F3", "TRMBQQH128E07873D8", "TRPXUOS12903CC697A", "TREFSAV12903CDAA21", "TRHVSIB128F1485EC2", "TRUWYFM128F423F000", "TRTLSEQ128F4284E62", "TRZKJFH128E0793EAC", "TRJQRAP128F9314B3F", "TRCNVAA128F148B070", "TRHBPMP128F1488D35", "TRZFDAC128F934D57D", "TRRSWEO128F429312A", "TRKVEHF128E078221D", "TRFKXKB128F425AD8C", "TRIVMCG128F932105E", "TRWIHVQ128F1469328", "TRWVWVW128F92FA058", "TRTQWAT128F42596D8", "TRTEPKY128F4260B04", "TRVUBFM128E0792688", "TRXQYVP128F4216A0A", "TRUENYE128E078FEB5", "TRZLCXX128F92CC96D", "TRLYLJJ128F428FD51", "TRBZHVK128F1460299", "TRGXQPS12903C9AE3C", "TRZYWCD128F425C7FD", "TRUQHTS128F930B3B8"], "metrics": {"P": 14, "TP": 1, "precision": 0.02, "recall": 0.07142857142857142, "f1": 0.03125, "average precision": 0.07142857142857142, "reciprocal rank": 0.16666666666666666}}