{"id": "8dcb524ff75e0ad0f0a80aaccadf7bbaa3b89a41", "recommendations": ["TREYOJA128F4299262", "TRWJDBV128F934AEFB", "TRAQHNX128E07822A7", "TRJNFGC12903CB3E1E", "TRTGBTJ128E0793EB2", "TRKCILR128F92E7CEF", "TRUZLMI12903D0C380", "TRBUAFL128F14B12C4", "TRRBEIE128E0782B31", "TRYIVTN128F4286515", "TRWHCZK128F931822E", "TROXSKI128EF34C057", "TRVYYDA128F93501B9", "TRXFWYF128F1491D07", "TRGHNPL128F14A19AA", "TRUEWIM128F92E9743", "TRGWBFK128F92EE885", "TRWYZIF128F145F85F", "TRYFSJE128EF3622F9", "TRUQHTS128F930B3B8", "TROVGHA128F146CC2D", "TRDRTVY128F93452BC", "TROSNGZ128F42705AB", "TRTPSRD12903CF78F1", "TRQLZRI128F429337E", "TRKKCHY128F92C6AEA", "TRDSPVW128F934C179", "TRSGDDJ128F932CF5B", "TRWXVQL128E079156A", "TRNBANL128F423ECE6", "TRNGQCW128F427B6E7", "TROQRWN12903CA7359", "TRDBFQM128E079298B", "TRLEONG128E0788640", "TRDKIPF128F4255066", "TRKXYWE128F4286516", "TRLAWLV128F934B7B8", "TRLVPVM128F9324F10", "TRIDUTO128F92DE1A5", "TRVXCWD128F42606B3", "TRIRLYL128F42539D1", "TRPIKQB128F932E46D", "TRJWNBW12903D00993", "TRLIHJA128F428199B", "TRLZFMO128F4281C89", "TRWDPTD12903D018B5", "TRQGKFX12903CD9BEF", "TRDSQJR128F92CB66C", "TRHGMTE128F1488D39", "TRUENYE128E078FEB5"], "metrics": {"P": 53, "TP": 1, "precision": 0.02, "recall": 0.018867924528301886, "f1": 0.019417475728155338, "average precision": 0.018867924528301886, "reciprocal rank": 0.03125}}