{"id": "8e8b32a1621d2950fe9a6384d8fb594fd25525df", "recommendations": ["TRLXVHI128F1498A29", "TRIFHVJ128F4286790", "TRSXDNB128F42142E5", "TRFUAJM12903CB5042", "TRAEOHW128F42A52D9", "TRKFFAP128F42ADE02", "TRURFKD128F9331D5D", "TRGLURC128F145A6A3", "TRBVWCA128F4249CA4", "TROWXJW128F14682FA", "TRVSVBH128F14789CD", "TRNWRTV128F9319822", "TRECAAG128F931C025", "TRXWBQL128E07860FF", "TRADKAX128E0786B92", "TRXNRKG128F425A4B8", "TRUGPTB128F4248266", "TRYZYOZ128F426ADA5", "TRCRJHK128F423DBC9", "TRPKQOZ128F92F7443", "TRNBANL128F423ECE6", "TROQRWN12903CA7359", "TRRHTLO128F9333BCE", "TRJOFPF128F932E785", "TRLLQUC128F932A35B", "TRICSWW128F428954C", "TRRJQES128EF35675B", "TRISCAT12903CFDBD0", "TRCUPLI128F9352959", "TRBQANA128F14AE2CF", "TRPBQHC128F93264F2", "TRCYFKM128F932C2DA", "TRSPZAH128F42B87D5", "TRYYDSF128E07990B5", "TRGRTGW12903CD479A", "TRYIVTN128F4286515", "TRQPYWK128F4289D59", "TRXURTM128F934D0A3", "TRFNFQQ128F9336583", "TRSMIXL128F42A52E2", "TRNURLL128F146CA5F", "TRREVPO128E078F5B1", "TRXWWGB128F422B918", "TRMCFBP128F4214801", "TRGNIHW128E0789D37", "TRPAEWB12903CA7356", "TRHBJZF128F1481A63", "TRKVBNZ128F4266698", "TRLUAWR128F4230F26", "TRUDGJY128F93557B2"], "metrics": {"P": 57, "TP": 3, "precision": 0.06, "recall": 0.05263157894736842, "f1": 0.05607476635514018, "average precision": 0.10526315789473684, "reciprocal rank": 0.2}}