{"id": "9012fdca7eee0b946329367498a578adb5271ed8", "recommendations": ["TRZSOKH128F92FED73", "TRHQKZL128E0781A2C", "TRVAGQR128E0792479", "TRMAEHV128F427ECE6", "TRCUPLI128F9352959", "TROIVHS128F931D5F0", "TRUMDHO128F148724C", "TRTXWWG128F930F282", "TRVPAII128F42435A8", "TRMMHKG12903CDB1B5", "TRHOUXO128F425B34B", "TRZXIRJ128E0781337", "TRCUEAD128F92FFC39", "TRVABTY128E07860FB", "TRRHHJQ128F42A5707", "TRYACDU128F1482620", "TRBAQWQ12903CAFD15", "TRRJDFF128F427E8D1", "TRZIMNJ128F934D692", "TRZWFVY128F92FDBBB", "TRCXIGZ128E07816E0", "TRJUPJZ128F42722B0", "TROIQMT128E0792994", "TRQVSRM128F4247F61", "TRSGNMZ128F92F8FD0", "TRGGMCC128E078EB15", "TRJSQQT128F149F9B4", "TRVGDUD128F146C84C", "TRUOAOC128F148018B", "TRRBCRI128F92F12C9", "TRLNSAU128F14A67FC", "TRWSWXC128E0793080", "TRHTQDK128F4294A1C", "TRAXYGR128EF3456B5", "TRZUBVA128F1469484", "TRYGTSD128F4281B32", "TRFNFQQ128F9336583", "TRFDFML128F42B53E4", "TRVWQEV128F932799A", "TRCIZPC12903CA480F", "TRSNYWZ128F148E0E1", "TRRIYRR128F427E090", "TRNJIGS128F42A036F", "TRONCBQ128EF3518FF", "TRPJRZL128F4234A35", "TRURIXM128F92F89C9", "TRJPSWP128F426E232", "TRBKZTU128F14520F9", "TRADMMK12903CC5959", "TRQLJDU12903CB6367"], "metrics": {"P": 24, "TP": 1, "precision": 0.02, "recall": 0.041666666666666664, "f1": 0.02702702702702703, "average precision": 0.041666666666666664, "reciprocal rank": 0.02857142857142857}}