{"id": "95b2ebf54cd69d732fa433ee8994be5818793efb", "recommendations": ["TROWXJW128F14682FA", "TRVSVBH128F14789CD", "TRSMKQE128F42439A1", "TRXWBQL128E07860FF", "TRADKAX128E0786B92", "TRXNRKG128F425A4B8", "TRTOMDX128F92F64D2", "TRCRJHK128F423DBC9", "TROQRWN12903CA7359", "TRRHTLO128F9333BCE", "TRYVQUO128F145A173", "TRLLQUC128F932A35B", "TRVBDGB128F42A75AA", "TRKGUFM128F429E58A", "TRZYKRT128F932796C", "TRCFUJE12903CF7D36", "TRYYDSF128E07990B5", "TREKBQV128F931DFD5", "TRVYXUG128F933AD8F", "TREFSAV12903CDAA21", "TRHBJZF128F1481A63", "TRUDGJY128F93557B2", "TRWHTGG128F1457193", "TRHPDXR128F4298C6D", "TRTCMBE128F9335CAE", "TRIQYYW128F4287A0D", "TRRDKDP12903C9E6B1", "TRTEPKY128F4260B04", "TRLVPVM128F9324F10", "TRKIRIG128E0791EB7", "TRXVRJG128E0789081", "TRVBDKL12903D0DE8E", "TRBYDXB128F425A68E", "TRENDEU128F93112E1", "TRHHZLB128F93293E4", "TRDBFQM128E079298B", "TROIXIC128F427B6F6", "TRXEMBB128F14B1054", "TRILDNT128F1451F15", "TRZJNOD128F4264131", "TRAQEFQ128F92FED2A", "TRSPKDL128F427E8D7", "TRANPQR128F932C2DF", "TRBFKOV128F426DDF1", "TRIGTIQ128F14979A3", "TRQQKHR128F9335F72", "TRRISZC128F147128C", "TRIJOVX128F931B47F", "TRHEIIH128F9314FC8", "TRXGHOC128F92EF9BA"], "metrics": {"P": 13, "TP": 1, "precision": 0.02, "recall": 0.07692307692307693, "f1": 0.03174603174603175, "average precision": 0.07692307692307693, "reciprocal rank": 0.07142857142857142}}