{"id": "98f6ec3ec16c5bcb3f37a6dc01ebb1110fb42f97", "recommendations": ["TRLAPOU12903CE8278", "TRRVFHW12903D07380", "TRTKWUO12903CE9E30", "TREFSAV12903CDAA21", "TRIQYYW128F4287A0D", "TRFCTAQ128E078EBF8", "TRBRLNJ128F92F622E", "TRUADHX128F422555D", "TRONCBQ128EF3518FF", "TRNDZQZ128E079307E", "TRLVPVM128F9324F10", "TRKNKEF128F425FD6A", "TRYRFSW128F930490B", "TRJHALL128F92C48B6", "TRMHHPP128E0785853", "TRQIPME12903CFDBB6", "TRUDGJY128F93557B2", "TROQRWN12903CA7359", "TRYHOJR12903CAF098", "TREVQOT128F42596E5", "TRKSEEY12903CCD312", "TRKIRIG128E0791EB7", "TRHQICJ128F427B6B5", "TRFOMMI128F42A04EE", "TRSTRXG128E078195F", "TRFKLYC128F4297F0B", "TRJCBOU128F42988AC", "TRTUQFU128F42A1F1E", "TRBUTXG128F145C1EC", "TRPGEDB128F933CA96", "TRWGLYO128E078F8B8", "TRJYNEJ128F427EE2A", "TRWHTGG128F1457193", "TRLEVVI128F427F174", "TRXVRJG128E0789081", "TRNLXJM128F4289801", "TRUHIHJ128F424F5BC", "TRBHHZZ128F4298713", "TRCQNKF12903CB507B", "TRWAJNH128F1458F74", "TRBGTPK128F429E5D5", "TRZEBEC128F931C02D", "TRAHVXE128F9339BAD", "TRILXCN128F92F41C6", "TRCETGK12903CD83AA", "TRTUEPW128F9306179", "TRMCURM128F92E383C", "TRCOBNP128F42BA577", "TRLKDSX128E0781C69", "TRGZYSG128F42AB2DD"], "metrics": {"P": 37, "TP": 1, "precision": 0.02, "recall": 0.02702702702702703, "f1": 0.022988505747126433, "average precision": 0.02702702702702703, "reciprocal rank": 0.3333333333333333}}