{"id": "9b887e10a4711486085c4fae2d2599fc0d2c484d", "recommendations": ["TRVGDUD128F146C84C", "TRBGCCF128F1492C86", "TRRQVGF128EF344BF6", "TROIQMT128E0792994", "TRAARZK12903D14A2D", "TRGMNJO128F14B1381", "TRJUPJZ128F42722B0", "TRKDCXK12903CC27D8", "TROVHGG128F93181C9", "TRXGJPO128F92D4706", "TRPSFSJ128F1492171", "TRWLGCH128F4287A0B", "TRGFOHY128EF340592", "TRSEDXJ128F933BCA2", "TRAHVXE128F9339BAD", "TRBBCVJ128F425BE2C", "TRACRRS128F1465A64", "TRDZLYT128F4265A6F", "TROATCD128F4247F59", "TRELTXS128F1477265", "TRYIJWH128F146948C", "TRLCWEK128F93131BE", "TRZJRJZ128F149BC3D", "TREXZNI128F92C5A6F", "TRFQUXQ128F1488D32", "TRMPOOO128F934D1A3", "TRATKVY128EF35F97A", "TRYRYCT128F92E4457", "TRDZTKM128F42629E7", "TRHOUXO128F425B34B", "TRXDYUE128F429FC3F", "TRTTAJO128F4285F90", "TRBKZTU128F14520F9", "TRJBRBR128F1493455", "TRUELXV128E0785A80", "TROIVHS128F931D5F0", "TRKTRKM128F4280BB6", "TRWHTGG128F1457193", "TREAJBV12903CCDA96", "TRLIHKL128F92F5E79", "TRXVQGE128E07847D5", "TRYMDNB128F428AE80", "TRQOXMF128F1456F8C", "TRWWJOQ128F147395F", "TRVCFUI128F92E1D42", "TREJGVP128EF3436BE", "TRWXGMQ128F92E8B59", "TREHOGG128F428DF46", "TRKXCXJ128F4293091", "TRLVPVM128F9324F10"], "metrics": {"P": 51, "TP": 2, "precision": 0.04, "recall": 0.0392156862745098, "f1": 0.0396039603960396, "average precision": 0.058823529411764705, "reciprocal rank": 0.07142857142857142}}