{"id": "a36834ff1c3910e685a9787e4d16aade6f4d3294", "recommendations": ["TRCOETJ128F14530AA", "TRYHLWO128F42BC675", "TRUEWIM128F92E9743", "TREIMYW128F93366A2", "TRTNUBT128F42A4C8C", "TRRVDOF12903CA7361", "TRZQLBK128F4279304", "TRLLBYS12903CB653D", "TRFHEOU128E078E092", "TRWARXP128F42B44AE", "TRUTJWI128F92D3C29", "TRZULWO128F92FF0D7", "TRMHQMH128F423EB56", "TRDVUST128F4280D13", "TRFUJDX128F931E5C4", "TRTONWC128F92DC338", "TRCUNTJ128F9307B4D", "TRSFSBE128F1459AF1", "TRPJZVC128F9308EB9", "TRZVPZQ128E078F0E3", "TRKSBMC12903C980AC", "TRRQQYY128F933D800", "TRGPEFG128F429BBEA", "TRVHQQB12903CC8BE6", "TRGKKXR128F148469E", "TRRHTLO128F9333BCE", "TRRXNSP128F93321FB", "TRCLAMQ128F9329354", "TRHVEUE128F4282C34", "TRIDBZZ128F14595BC", "TRZUAKW12903CB6D3B", "TRGTIIJ128F424DA28", "TRMBFBM128F9317154", "TRRXLGC128F92F9A37", "TRLXSNR128F429361D", "TRREVPO128E078F5B1", "TRXGHOC128F92EF9BA", "TRXXXOO128F92F51FB", "TRUOJJS128F145C256", "TRIZLKJ128F149564C", "TRZCNGA128F92D0113", "TRTVIKO128EF344BF8", "TRSVPZR128F4252653", "TRGSPUQ128E0780DA5", "TRVBDKL12903D0DE8E", "TRFXNFG128F423F5CF", "TRGXKTQ128F933C847", "TRXVUTW128F1462DF0", "TRUSHHQ128E078F8B7", "TRNWRAW12903CACB8D"], "metrics": {"P": 13, "TP": 1, "precision": 0.02, "recall": 0.07692307692307693, "f1": 0.03174603174603175, "average precision": 0.07692307692307693, "reciprocal rank": 0.03125}}