{"id": "a520488fcf049bbb5cd847cfa4f884c740692780", "recommendations": ["TRJMHJZ128F4290063", "TRSHIDL128F42255EC", "TRKVBNZ128F4266698", "TRWZFIC128F933BCA3", "TRGYBFF12903C9AF38", "TRSWJHK128F429EA6F", "TRODUJY128F428A4A1", "TRGUOYN128F428E3F1", "TRRNFHH128F92D262D", "TRNBANL128F423ECE6", "TRGEUXA128E07842A7", "TRBCJUF128F93190C2", "TRLMTSL128F93501C4", "TRWJYOT128F935572B", "TRADXNP128F92CA873", "TRSCNGW12903CE91EB", "TRVQXJW128F93432EB", "TRJDBTK128F428A4B3", "TRYZVGG128F146D706", "TRSHKBR128F4281C97", "TRPIKQB128F932E46D", "TRIDUTO128F92DE1A5", "TRNXODJ128F428EA1C", "TRJHALL128F92C48B6", "TRJXFXI128F9310DA3", "TRTMSPH128F92DF139", "TRWMZOQ12903CC16CB", "TRCQNKF12903CB507B", "TRCIOVJ128F429EB51", "TRRBOAA12903CC5965", "TRLXSNR128F429361D", "TRPVCMB128F4248B24", "TRLPBAI128F9315561", "TRWARXP128F42B44AE", "TRIBIFT128F1499457", "TRYVQUO128F145A173", "TRWJDBV128F934AEFB", "TRILXCN128F92F41C6", "TRCLAMQ128F9329354", "TRDCOWK128F92C5047", "TRWJDTI128F424EAD6", "TRSPZAH128F42B87D5", "TRCRSAS12903CC6811", "TRLAWLV128F934B7B8", "TRRLQFB128E0792F78", "TRQUVZA12903CF5F0D", "TRKKSRH128F426473F", "TRKBVZL128F42134BA", "TRUDGJY128F93557B2", "TRQQKHR128F9335F72"], "metrics": {"P": 20, "TP": 2, "precision": 0.04, "recall": 0.1, "f1": 0.05714285714285714, "average precision": 0.15000000000000002, "reciprocal rank": 0.14285714285714285}}