{"id": "a5684a503fb4e1079e0aa4ea223cdfa566bc1579", "recommendations": ["TRTKDFL128F428D3C5", "TRKSBMC12903C980AC", "TROINBI12903CDB2D8", "TRHPAGK128F148EF4B", "TRSSAAP128F14979B6", "TRCZVRN128F428B9CA", "TRYJSDC128EF34B5C8", "TRAIYZW128F9330F7D", "TRBHHZZ128F4298713", "TREVWKL12903CD9D32", "TRNRCTJ128F9301240", "TRMESMD128F1458F90", "TRGPEFG128F429BBEA", "TRLIHOQ128F93378DE", "TRASGIZ128F9337F92", "TRXUIFW128F9303BBD", "TRKABMK128F426BF72", "TRMWSLW12903CEDD9D", "TRVHRIT128E0782986", "TRUSHHQ128E078F8B7", "TRQHEPS128F42933EF", "TRKTRKM128F4280BB6", "TRHDCQY128F423BEDF", "TRGRDUH128F42AE383", "TRAKAMD128F146DA74", "TROUSOR128F92D3C14", "TRHNJTW128E0784786", "TRKZCTV128E0783F29", "TRCIPFM128F425C8D3", "TRJHALL128F92C48B6", "TREVQOT128F42596E5", "TREEUZP128F9350BC0", "TREROBL128C719697E", "TROZWIT128F4231A37", "TRQWJKU128F14618D1", "TRLAOXU128F148B0FE", "TRSVPZR128F4252653", "TRSTRXG128E078195F", "TREGMRB12903CC5960", "TRTVLCE128F92C4794", "TRBGTPK128F429E5D5", "TRNXODJ128F428EA1C", "TRBAQWQ12903CAFD15", "TRDRMOW12903CDB1AF", "TRFUJDX128F931E5C4", "TRNIZQO128C7196D13", "TRQUYPL128E0796508", "TRRDKDP12903C9E6B1", "TRLCSDN128F426BD3D", "TRNUGUX128F425B7DB"], "metrics": {"P": 16, "TP": 1, "precision": 0.02, "recall": 0.0625, "f1": 0.030303030303030304, "average precision": 0.0625, "reciprocal rank": 0.03225806451612903}}