{"id": "ac1cb58f839ae6773732125e99b4a7394e0661e4", "recommendations": ["TRUEWIM128F92E9743", "TRKSTEJ128F4281CC9", "TRXEMOI12903CFEAF2", "TRIZLKJ128F149564C", "TRSGDDJ128F932CF5B", "TRJLMSU128F932BB3A", "TRSSAAP128F14979B6", "TREIMYW128F93366A2", "TRBQWGI128E0793D38", "TRQAANI128F42A7D55", "TRHTQDK128F4294A1C", "TRTHNWV128F427C6C0", "TRKOXUL128F1469549", "TRQRBOM128F425D556", "TRUTJWI128F92D3C29", "TRNJIGS128F42A036F", "TRAKAMD128F146DA74", "TRVYYDA128F93501B9", "TRLXVHI128F1498A29", "TRLKDSX128E0781C69", "TRVQCVF128F9342F6F", "TROVKCT128F932F7E5", "TRIWDKR128F429D9EE", "TRLSISM128F9352607", "TRNKXEL128F42987C8", "TRTKWUO12903CE9E30", "TRZRKRE128F42905B1", "TRTGQTF128F1469913", "TRMXLMR128F425B9B1", "TRXXZFV128E0792347", "TRDSQJR128F92CB66C", "TRSKTWO128F1462DE8", "TRMHHPP128E0785853", "TRRVFHW12903D07380", "TRMAEHV128F427ECE6", "TRDSPVW128F934C179", "TREGMRB12903CC5960", "TRJWHAE12903CD763D", "TRCIZPC12903CA480F", "TRICRJU12903CC463E", "TRDKIPF128F4255066", "TRKGUFM128F429E58A", "TRZSOKH128F92FED73", "TRCUNTJ128F9307B4D", "TRLZYNB128F930A779", "TROOSTO128F428B6F2", "TRQQGNY128F92E7F58", "TRXHYNW128E078EDF9", "TRGRCFQ128F146DE19", "TRCPLWB128F147CEF1"], "metrics": {"P": 41, "TP": 3, "precision": 0.06, "recall": 0.07317073170731707, "f1": 0.06593406593406592, "average precision": 0.14634146341463417, "reciprocal rank": 0.08333333333333333}}