{"id": "b12c786deef0e618b5f277bc337f67128f425efe", "recommendations": ["TRMOWOJ128E07818C8", "TRACZWR128F92FFA26", "TRJFETP128E078FEA7", "TREEZYR128F92E7CF5", "TRUGAMR128EF362305", "TRAXYGR128EF3456B5", "TRAOEDK128E07814F1", "TRNNBXN128F1459E1E", "TRLEVVI128F427F174", "TREVCRI128F1477268", "TRCIOFB128F9321D3E", "TRNDZQZ128E079307E", "TRKZUVW128F145AF48", "TRMHUPX128F4286774", "TRDJEMZ128F93353FA", "TRKEICN12903CE499C", "TRKNKEF128F425FD6A", "TRDSXBJ12903CCA182", "TRNRJUN128F42AE2BC", "TRBFKOV128F426DDF1", "TRSVMZM128F93592F5", "TRSJIJK128E07823A3", "TRLSLJP128F145F988", "TRHPZIT128F148B263", "TRYJSDC128EF34B5C8", "TRVYUKA12903CEA428", "TRQGKFX12903CD9BEF", "TRFQMSW128F426205E", "TRHDCQY128F423BEDF", "TRKFFAP128F42ADE02", "TRUMIHF12903CBE0A8", "TROJORG128F1488D3A", "TRFOMMI128F42A04EE", "TRIRLYL128F42539D1", "TRBFESF12903CD889B", "TRBBUHB128F4282729", "TRWKXAR128F4285080", "TRFJEPW128F148D155", "TRSMRWN128F934CF44", "TRFKLYC128F4297F0B", "TRKYGZA128F42365DC", "TRBUGXE128F428CD28", "TRAEOHW128F42A52D9", "TRICSWW128F428954C", "TRUGYZP128F148EF4C", "TRUOTMN128F4293F0F", "TRFRBUP128F4294A15", "TRBUTXG128F145C1EC", "TRRXLGC128F92F9A37", "TRRKYRO128F93537F9"], "metrics": {"P": 57, "TP": 2, "precision": 0.04, "recall": 0.03508771929824561, "f1": 0.037383177570093455, "average precision": 0.05263157894736842, "reciprocal rank": 0.058823529411764705}}