{"id": "b61afb42335287239bd40e1dea50d849cbf8a9a9", "recommendations": ["TRETCRP128E0789083", "TRCIOVJ128F429EB51", "TRLEVVI128F427F174", "TRFMCJJ128EF35544B", "TRBFESF12903CD889B", "TRLLQUJ128F92C2E34", "TROKGRM128F1488B95", "TRAICNK128F1452021", "TRWESXN12903CC595B", "TRRKYRO128F93537F9", "TRTHNWV128F427C6C0", "TRDBQXT128F4289423", "TRJCVFN128E078DF63", "TRWMVFA128F428C6CE", "TRAJPIQ128F14819A8", "TRKVBNZ128F4266698", "TRFJEPW128F148D155", "TRWAJII128F4294A1E", "TRJWHAE12903CD763D", "TRTPHVB128F426E044", "TROJORG128F1488D3A", "TRHZMUG128E0781AE5", "TRIGTIQ128F14979A3", "TRUMXQQ128F932C290", "TRNBANL128F423ECE6", "TRLSISM128F9352607", "TRTBBEW128F42813F6", "TRIWPKY128F92E4D6F", "TRECQND128F9323DE3", "TRGIROZ128F429480A", "TRWAVRT128E078907D", "TRMXTQY128F4270323", "TRYZKBN128F9312273", "TRNTOLY128F932CB4C", "TRESBHR128F427AF42", "TRQDTSP128F92EFEB1", "TRKDBVR128F935A643", "TRJYOAR128F428E9F7", "TRSUNLB128E078180C", "TRHGBRF128F92FA1B6", "TRPWEBU128F422B917", "TRMFSXL128F428480E", "TRINNKH128F424BDD0", "TRKKXKN128EF3445BE", "TRKSUEH128E0787846", "TRWDPTD12903D018B5", "TRCGKNB128F429726F", "TRVVTVG128F4248395", "TRZOWZR128F427B5F2", "TROKYVE128F1461E5D"], "metrics": {"P": 37, "TP": 1, "precision": 0.02, "recall": 0.02702702702702703, "f1": 0.022988505747126433, "average precision": 0.02702702702702703, "reciprocal rank": 0.06666666666666667}}