{"id": "be0a4b64e9689c46e94b5a9a9c7910ee61aeb16f", "recommendations": ["TRRRBQI128F146ABDE", "TRRLQFB128E0792F78", "TRLEONG128E0788640", "TRWLGCH128F4287A0B", "TRIGDCW128E078F0F4", "TRMCFBP128F4214801", "TRIJOVX128F931B47F", "TRPAQLC128F146E045", "TRDFNWO128F92DFBA5", "TRLSBGG128F42B7E15", "TRPAEWB12903CA7356", "TRWJZEG12903D0820E", "TRUZVUE128F42415EE", "TRBTIFY12903CAB63C", "TROHHUT128F931D024", "TRERTYW128F934B2B0", "TRYWAHM128F14ADC9F", "TRARLCN128F92D7218", "TREVCRI128F1477268", "TRQQKHR128F9335F72", "TRZHZZJ128E079307F", "TRXGWZE128F429DB94", "TRWTMBW128F935A44D", "TRJAWUY128E078DFB5", "TRQJALO128F423ECE8", "TRZYGSG128F9310CDB", "TRADKAX128E0786B92", "TRWLVJO128F93266CD", "TRTGBTJ128E0793EB2", "TRYBKPF128F93102B9", "TRYQSJG128E078EC88", "TRPFBQH128F92E7CD5", "TRGACBD128F4284836", "TRISZQR12903CB263D", "TRTTAJO128F4285F90", "TRJJEQF128F427D284", "TRGXQPS12903C9AE3C", "TRITNCR128F428907A", "TRMBQQH128E07873D8", "TROVGHA128F146CC2D", "TRCYFKM128F932C2DA", "TRBYSJQ128F9309AA9", "TRSYLIP128F92F0244", "TRJHIKI128F42539D8", "TRJDKLG128E0792558", "TRPTWGR128F1452734", "TRVULSX128F14824CD", "TRWLRVY128E07993C0", "TRVNAVH128F9339031", "TRUENYE128E078FEB5"], "metrics": {"P": 41, "TP": 3, "precision": 0.06, "recall": 0.07317073170731707, "f1": 0.06593406593406592, "average precision": 0.14634146341463417, "reciprocal rank": 0.5}}