{"id": "c6c57f27fed3cf897daa4f830a0e2a17e65ba77d", "recommendations": ["TRCIOVJ128F429EB51", "TRQCHIU128F146DA72", "TRWAZFN128F423BB1D", "TRODUJY128F428A4A1", "TRWXJKQ128F429EA73", "TRHUJCO128F42BA837", "TRUWDZO128F9339024", "TRQAFCZ128F42A52C8", "TRLMTSL128F93501C4", "TREEUZP128F9350BC0", "TRRTVCE128F93112E6", "TRKGTGW128F9300EA3", "TRPAEWB12903CA7356", "TROKYVE128F1461E5D", "TRDKIPF128F4255066", "TRLQKJI128E07900B1", "TRYYOWT128F42B6558", "TRJXKPM128F14A895E", "TRZJNOD128F4264131", "TRMPGSG128E0788693", "TRAWHNK128F4267933", "TRECQND128F9323DE3", "TRXSWJL128F427EEFA", "TRWTJKJ128E078FC10", "TRXAOPL128F42922A3", "TREADKW128F4230F0B", "TRMFSXL128F428480E", "TRUTULC128F4293712", "TRDZBOU128F92E43E3", "TRPSRUP12903CFE921", "TRLEVVI128F427F174", "TRINNKH128F424BDD0", "TRJXFXI128F9310DA3", "TRYHLKG128F92FB330", "TRFFZQK128F92EAD03", "TRBHQUM128F9309DE1", "TREMERW128F429EA31", "TRROTDF128F931C028", "TRAPHUO12903CC2719", "TRXMTPQ128F4281C82", "TRLHVPD12903CF98D3", "TRXURTM128F934D0A3", "TRDSPVW128F934C179", "TRQDTSP128F92EFEB1", "TRAKKFK128F14A895A", "TRANPQR128F932C2DF", "TRGUSXC128F14617DD", "TRNURLL128F146CA5F", "TRQUVZA12903CF5F0D", "TRWRRSL128F9330E26"], "metrics": {"P": 21, "TP": 2, "precision": 0.04, "recall": 0.09523809523809523, "f1": 0.056338028169014086, "average precision": 0.14285714285714285, "reciprocal rank": 0.023255813953488372}}