{"id": "cc62e608a1a21353e1673817973235cde4116bad", "recommendations": ["TRRVJCK12903CD2DCB", "TRICSWW128F428954C", "TRGLIPW128F92DE72B", "TRCUPLI128F9352959", "TRAVCNW128F4288396", "TRNURLL128F146CA5F", "TRQSNZL128F14A49DC", "TRUAFFD128F4277048", "TRESMPW128F4281CC5", "TRRJQES128EF35675B", "TRYNMOX128F1497D91", "TRFNFQQ128F9336583", "TRJCBOU128F42988AC", "TRCNVAA128F148B070", "TREEZYR128F92E7CF5", "TRQQEOG128F92FA05A", "TRAKKFK128F14A895A", "TRXXZFV128E0792347", "TRPJRZL128F4234A35", "TRZTHKS128F92EC098", "TRKGUFM128F429E58A", "TRORCUV12903CDCA9D", "TRPUBDM128F42B614D", "TRUYCVH128F92C2B1E", "TRYRFSW128F930490B", "TRWRIXW128F92DE485", "TRCPLWB128F147CEF1", "TRCTYHN128F92FE2D2", "TRDSEJJ128F42947D5", "TRTHCXC128F92F29C7", "TRIGYDL12903D05328", "TRXZIMW128F92DE236", "TRMPCGW128F92E0670", "TRXNSHK128E078B710", "TRRUXTC12903CE8963", "TRQLRYB128E079506A", "TRBQUTX128EF35EEA1", "TRAGOTA128F92F92C2", "TRUMDHO128F148724C", "TRWCYMB12903D009F3", "TRPUFEY128F4250A32", "TRTQWAT128F42596D8", "TRJQAEN128F92E0589", "TRSKTWO128F1462DE8", "TRVPAII128F42435A8", "TRPBDNM128F932BD72", "TRIUJRC128F14A5547", "TRMFSXL128F428480E", "TRKXYWE128F4286516", "TREXNVY128F92DE1E9"], "metrics": {"P": 47, "TP": 1, "precision": 0.02, "recall": 0.02127659574468085, "f1": 0.020618556701030927, "average precision": 0.02127659574468085, "reciprocal rank": 0.02}}