{"id": "cd4566f790e053cccf8448fe1d126f3c4ef2e996", "recommendations": ["TRAXYGR128EF3456B5", "TRQAANI128F42A7D55", "TRGHNPL128F14A19AA", "TRUWYFM128F423F000", "TREJAXB128F42BC34A", "TRGIAJW128F4277349", "TROYTES128F148C87E", "TROYHPV128F428C6D1", "TRYUHKT128F42393D9", "TRDAOOB128F932E752", "TRHSGST128F424AC57", "TRBOXNP128F92E713A", "TRPRWYP128F146DE1D", "TRTPXBU128F42A154E", "TRLUXWO128F14618D6", "TRROTDF128F931C028", "TRILXCN128F92F41C6", "TRDFNWO128F92DFBA5", "TRGQVNH128F92F62A2", "TRCOTZQ128F42AE3C0", "TRAJPIQ128F14819A8", "TRURTNZ128F9311AD3", "TRTPSRD12903CF78F1", "TRZYKRT128F932796C", "TRRLDVI12903CE46C4", "TRHDTUG128F92E8058", "TRQFTEQ128F14B12BC", "TRYGMHK12903CED86A", "TRPUBDM128F42B614D", "TRTOMDX128F92F64D2", "TRUZLOH128F146D76A", "TRFJCYV12903CB6526", "TRPBDNM128F932BD72", "TRRKISY128F428BC76", "TRQXWTY128F92C5A7A", "TRTGBTJ128E0793EB2", "TRUDMYV128F1493BA6", "TRYQWHS128F4237626", "TRCVVIE128F93131C7", "TRBIJWZ128F92E0E50", "TRUXLWW128F14567C4", "TRAJPUF128E0784808", "TRJVBYA128F93434FD", "TRRISZC128F147128C", "TRQJFSO128F147A54B", "TRAZUOJ128F92EB81F", "TRGNBHM128F92E1FE8", "TRFVLDM128F92EE889", "TRVDIEE128E0783217", "TROFPUA128F147EF05"], "metrics": {"P": 17, "TP": 1, "precision": 0.02, "recall": 0.058823529411764705, "f1": 0.02985074626865672, "average precision": 0.058823529411764705, "reciprocal rank": 0.020833333333333332}}