{"id": "d9b64b85589775e7aa0ac5fbb7fbf255f8792b4b", "recommendations": ["TRHBQST128E07930CB", "TRVGIKV12903CDED5A", "TRVQXJW128F93432EB", "TRTWTQH12903CEA899", "TRADKAX128E0786B92", "TRYWLIM128F427930B", "TRQRBOM128F425D556", "TRIMJUJ12903CD43E5", "TRRYVGX128F428A58E", "TRZSHYK128F93290E9", "TRKJTUV128F932BB1D", "TRNRJUN128F42AE2BC", "TRIJOVX128F931B47F", "TRBFESF12903CD889B", "TRTGQTF128F1469913", "TRMXLMR128F425B9B1", "TRHGBRF128F92FA1B6", "TRJIBDX128F4299E1E", "TRSHYNG128F423BED3", "TRHVSIB128F1485EC2", "TRAFLIC128F423B939", "TRFPCZI128E078EC13", "TRYYDSF128E07990B5", "TRJAWUY128E078DFB5", "TROZCED12903CE1382", "TRRSWEO128F429312A", "TRFKXKB128F425AD8C", "TRZUAKW12903CB6D3B", "TRJHJSK128F427D882", "TRZUBVA128F1469484", "TRTEPKY128F4260B04", "TRMQJPF128F14B0B95", "TRXEMBB128F14B1054", "TRGWBFK128F92EE885", "TRKYMJP128F92F2776", "TRJQAEN128F92E0589", "TRTUQFU128F42A1F1E", "TRVUBFM128E0792688", "TRFWGOJ128E0780C8B", "TRHCNQW128F149626E", "TRAZSGB128F42359DA", "TRIQDZD12903C9A6D7", "TRROVFM128F427E187", "TRBAKKG12903CE896B", "TRQXTTC128F4264434", "TRRMRGL128EF344BF4", "TROKGRM128F1488B95", "TRSEBCD128F4289D57", "TRXLGCU12903CF6E85", "TRBUAFL128F14B12C4"], "metrics": {"P": 20, "TP": 1, "precision": 0.02, "recall": 0.05, "f1": 0.02857142857142857, "average precision": 0.05, "reciprocal rank": 0.034482758620689655}}