{"id": "e21477efb83bd323205ce6f5bd662f3df9d477e5", "recommendations": ["TRWMIAB12903CBB8AD", "TRNKXEL128F42987C8", "TRIRMLP128F423E2FD", "TRMBTLY128F9300D3F", "TRBHKXX128F4252D02", "TRTNUBT128F42A4C8C", "TRJQAEN128F92E0589", "TRHTQDK128F4294A1C", "TRJIPSX128F423ECE5", "TRNJIGS128F42A036F", "TRBFESF12903CD889B", "TREUYJH128F429B903", "TRTGSVG128E079281F", "TRVGNYX128F93173C3", "TRLCSDN128F426BD3D", "TRBGTPK128F429E5D5", "TRJWZLT128F146BC4E", "TRWYUCK128F42A4C37", "TRMXTQY128F4270323", "TRMHQMH128F423EB56", "TRMAQWJ128F427EC70", "TRHSGST128F424AC57", "TRVIOPH128E079894E", "TRHQICJ128F427B6B5", "TRDBQXT128F4289423", "TRVZFVK128F42A4C3C", "TRWUZCQ128F92FFC1B", "TRJMIRF128F429A936", "TREVRAJ128F42819AD", "TRHVEUE128F4282C34", "TRSKTWO128F1462DE8", "TRDEZCI12903C9A6AD", "TRSZWSB128F145C13F", "TRNPWOO128F14A2188", "TRXAOPL128F42922A3", "TRCMKHF128F1495E27", "TRMVUTQ128F4267E5A", "TRJWHAE12903CD763D", "TREBIJJ128F92E7D2F", "TRYIQZA128E0786BA0", "TREJKCZ128C7196DAD", "TRUOTMN128F4293F0F", "TRMCSDZ128F424C5AA", "TRHZMUG128E0781AE5", "TRYMDNB128F428AE80", "TRZUWSX128F92F491A", "TRNBNSJ128E0784B67", "TRNDZQZ128E079307E", "TRDDHZS128E07893AB", "TRRXLGC128F92F9A37"], "metrics": {"P": 75, "TP": 1, "precision": 0.02, "recall": 0.013333333333333334, "f1": 0.016, "average precision": 0.013333333333333334, "reciprocal rank": 0.02040816326530612}}