{"id": "e3937c7c32f5b68422808a854a4a7a824ee448a5", "recommendations": ["TRKSWET128F92EB20A", "TRSVPZR128F4252653", "TRWLGCH128F4287A0B", "TRYHLKG128F92FB330", "TRSCMBY128F9311188", "TRAEGEA128F1486047", "TRVIVYJ128F4261B0A", "TRRTVCE128F93112E6", "TRFUJDX128F931E5C4", "TRYIJWH128F146948C", "TRHOMAF128F42607D4", "TRKSBMC12903C980AC", "TRYXSYH128F93510D2", "TRJBRBR128F1493455", "TRELTXS128F1477265", "TRHUJCO128F42BA837", "TRILZXV128F931C230", "TRPXVMC128F42987CC", "TRAEZNW12903CF04CC", "TRWFWWS128F145B78F", "TRFEZLR128F92C5A85", "TREELGP128F428748B", "TRZUAKW12903CB6D3B", "TRDIXXS128F4281320", "TRWTJKJ128E078FC10", "TRCEVAI128E0791A76", "TRUUUMU128F4277908", "TRTVLCE128F92C4794", "TRLLQUJ128F92C2E34", "TRDNDNY128F14A2F40", "TRJYNEJ128F427EE2A", "TRWMFMK128F424EA34", "TRIESUH128F9309753", "TRQAFCZ128F42A52C8", "TRNMSQS128F92F0DFE", "TRYHBEW128F147DF6D", "TRKVZCH128F145F801", "TRGOUNV128F4281928", "TRHLYHQ128F145290D", "TRQIPME12903CFDBB6", "TRQHPJY128F1486A7E", "TRJPQML12903CDFF83", "TRWOMMO128E07944B2", "TRYMJZX128E078F53B", "TRGMWUO128F42902B4", "TRDZBOU128F92E43E3", "TROKGRM128F1488B95", "TRSYPMO128E078D766", "TRGPEFG128F429BBEA", "TRIWZQE12903CB33F4"], "metrics": {"P": 31, "TP": 2, "precision": 0.04, "recall": 0.06451612903225806, "f1": 0.04938271604938271, "average precision": 0.0967741935483871, "reciprocal rank": 0.047619047619047616}}