{"id": "e4c05157f8cebdf3b9d689c441ba97c5ed5db05b", "recommendations": ["TRYXHPR128F14595B6", "TRJIPSX128F423ECE5", "TRNLHWO128F92EAABF", "TRSJTDA128F92F9584", "TRGOXCG128E078A891", "TRDUOSF128F92EF905", "TRGLEON12903D001F1", "TRYBELE128F427710B", "TRGBGVQ128F92CEAA2", "TRGXJEJ12903CB2CFD", "TRVIOPH128E079894E", "TRXAOPL128F42922A3", "TRVERVH128F1476D69", "TRBQUTX128EF35EEA1", "TRETCRP128E0789083", "TRKHHRY128F14649C3", "TRHHZLB128F93293E4", "TRADNPB128F423AEE7", "TRUMIHF12903CBE0A8", "TRNBNSJ128E0784B67", "TRBHQUM128F9309DE1", "TRGSPUQ128E0780DA5", "TRIWDKR128F429D9EE", "TRNXTBZ128F92E4EE6", "TRTVIKO128EF344BF8", "TRSKTWO128F1462DE8", "TRFCWVP12903CDBF19", "TRSAVRV128E0784602", "TRGIGOM12903CE8965", "TRMVEUX128F423ECE9", "TRYCNIP128F42133A0", "TREFSAV12903CDAA21", "TRJRECT12903CBADA3", "TRFBNZN128F9340B0E", "TRRWRKG12903CF0601", "TRCFUJE12903CF7D36", "TRLHJXQ128E0781AE6", "TRBUGXE128F428CD28", "TRNKXEL128F42987C8", "TRYKBSK128F429695B", "TRJCVFN128E078DF63", "TRKRUFV12903CB7907", "TRMUUVS12903CDBC29", "TRTOSOP128F14AE2D0", "TREGUTF12903CED19E", "TRHPZIT128F148B263", "TRUAUMO128F92F66BC", "TRFCTAQ128E078EBF8", "TRWHCBT128F4226AA5", "TRWVMXK128E0784C82"], "metrics": {"P": 21, "TP": 2, "precision": 0.04, "recall": 0.09523809523809523, "f1": 0.056338028169014086, "average precision": 0.14285714285714285, "reciprocal rank": 0.02631578947368421}}