{"id": "e9b86ca8cd62f072419112174f1a9427dd40aed7", "recommendations": ["TRIDBZZ128F14595BC", "TRYZNFT12903CEA9CA", "TRYHLWO128F42BC675", "TRICDNN128F92F5E85", "TRTKBWS128F42664D1", "TREIMYW128F93366A2", "TRKZUVW128F145AF48", "TRUTULC128F4293712", "TRPGEDB128F933CA96", "TRUFVIR12903D0A492", "TRMHUPX128F4286774", "TRKEKRC128F424383C", "TRFBNZN128F9340B0E", "TRALMAU128F4252947", "TRKEICN12903CE499C", "TRWAVRT128E078907D", "TRFATFG128F42468A1", "TRBFKOV128F426DDF1", "TRYEINP128F1485EBF", "TRUTJWI128F92D3C29", "TRYKBSK128F429695B", "TRGCHLH12903CB7352", "TRYOLLV128F930682F", "TRTESAU128F1462DE9", "TRCPLWB128F147CEF1", "TRHIUQE128F427E268", "TRBTIFY12903CAB63C", "TRGXWSQ128F9319F0F", "TRMESMD128F1458F90", "TRTONWC128F92DC338", "TRCUNTJ128F9307B4D", "TRSFSBE128F1459AF1", "TRKDBVR128F935A643", "TRNBNSJ128E0784B67", "TRXURTM128F934D0A3", "TRLIHOQ128F93378DE", "TRASGIZ128F9337F92", "TRTNUBT128F42A4C8C", "TRDSXBJ12903CCA182", "TRWAJNH128F1458F74", "TRCIOVJ128F429EB51", "TRXVUTW128F1462DF0", "TRIYLCV128F4243D6D", "TRVIOPH128E079894E", "TRFHEOU128E078E092", "TRTPHVB128F426E044", "TRKMWHB128E078ED8A", "TRRXNSP128F93321FB", "TRBYSQD128F424D87E", "TRDRTVY128F93452BC"], "metrics": {"P": 33, "TP": 1, "precision": 0.02, "recall": 0.030303030303030304, "f1": 0.024096385542168672, "average precision": 0.030303030303030304, "reciprocal rank": 0.023809523809523808}}