{"id": "ec25e3d78ea8374869a772dc58bb903528a3c9cc", "recommendations": ["TRSDFTB128F93084D2", "TRBBFSS12903D061AF", "TRVGJLN128F9301089", "TRMVUTQ128F4267E5A", "TRWHCBT128F4226AA5", "TRVPAII128F42435A8", "TRQVCXZ128F4298756", "TRILGUV128F428A4C5", "TRJPSWP128F426E232", "TRNRJUN128F42AE2BC", "TRYXSYH128F93510D2", "TRJRECT12903CBADA3", "TRDNDNY128F14A2F40", "TRHOMAF128F42607D4", "TRYGTSD128F4281B32", "TRUMDHO128F148724C", "TRNBFRU128F93269F5", "TRKEMPP128EF35F4EE", "TRWMIAB12903CBB8AD", "TROOXQV128F932B6EF", "TRZIMNJ128F934D692", "TROKQVH128F148D1C3", "TRESBHR128F427AF42", "TRWNGMD128F4292425", "TRHLTMZ128F4270948", "TRKIHNF128F147AFBC", "TRLLQUJ128F92C2E34", "TRJNFGC12903CB3E1E", "TRRWBPJ128F423DF80", "TRSVPZR128F4252653", "TRBIJWZ128F92E0E50", "TRLONXS128F42B8BF5", "TRPLZBW128F14A561E", "TRQAOXR12903C9AA36", "TRMICAY128F425A06B", "TRWGLYO128E078F8B8", "TRSQBCK12903D080B2", "TRJYOVL12903CCD311", "TRKCQVL128F425963D", "TRONTHY128F4295577", "TRJGKAW128F147D9B9", "TRQLJDU12903CB6367", "TRXVPML12903CFA062", "TRWPEMR128F14520BC", "TRKBBNZ128E07917B3", "TRKBJPL12903CED195", "TRRQQYY128F933D800", "TRYZKBN128F9312273", "TRJBRHQ128F92F56B7", "TREBWYU12903CCDAA8"], "metrics": {"P": 30, "TP": 1, "precision": 0.02, "recall": 0.03333333333333333, "f1": 0.025, "average precision": 0.03333333333333333, "reciprocal rank": 0.14285714285714285}}