{"id": "edc4e3b50cb4f23282a157edc7ca7cf09afcc093", "recommendations": ["TRGWBFK128F92EE885", "TRLLQUJ128F92C2E34", "TRBTIFY12903CAB63C", "TRTNBSL128F931C0D5", "TRACRRS128F1465A64", "TRWLGCH128F4287A0B", "TRCZVRN128F428B9CA", "TRODQGV128F425FD7E", "TRVAGQR128E0792479", "TRCUEAD128F92FFC39", "TRUWYFM128F423F000", "TRJDKLG128E0792558", "TRIFHVJ128F4286790", "TRHSGST128F424AC57", "TRZDYGB128F9310C23", "TRECAAG128F931C025", "TRHGMTE128F1488D39", "TRQRBOM128F425D556", "TRFJEPW128F148D155", "TRIRYEI128F424364D", "TRFWSKZ128F4294C6A", "TRGHNPL128F14A19AA", "TRNRJUN128F42AE2BC", "TRNWRTV128F9319822", "TREYOJA128F4299262", "TRRKYRO128F93537F9", "TRRBEIE128E0782B31", "TRBHKXX128F4252D02", "TRSHYNG128F423BED3", "TRYFSJE128EF3622F9", "TRURFKD128F9331D5D", "TRESMVD128F9310D57", "TRYXSYH128F93510D2", "TRTGQTF128F1469913", "TRMXLMR128F425B9B1", "TRAHVXE128F9339BAD", "TRHQKZL128E0781A2C", "TRSGNMZ128F92F8FD0", "TRAHBQT128F4213403", "TRYIJWH128F146948C", "TRTGEVK12903CFDBB9", "TRILXCN128F92F41C6", "TRLUXWO128F14618D6", "TRBOXNP128F92E713A", "TROJORG128F1488D3A", "TRMPOOO128F934D1A3", "TROBTGE128F429E591", "TRRJDFF128F427E8D1", "TRQOXMF128F1456F8C", "TRPADGS12903D0C382"], "metrics": {"P": 45, "TP": 1, "precision": 0.02, "recall": 0.022222222222222223, "f1": 0.021052631578947368, "average precision": 0.022222222222222223, "reciprocal rank": 0.034482758620689655}}