{"id": "f927dddfe26b0c74ada3eaadca41bfb462c37ee4", "recommendations": ["TRHNJTW128E0784786", "TRUSHHQ128E078F8B7", "TRIHLES128EF344BF3", "TREADKW128F4230F0B", "TRGSPUQ128E0780DA5", "TRKGUFM128F429E58A", "TRRGASX128F931B6E7", "TRYOLLV128F930682F", "TRHAJRY128F4272004", "TRGQVNH128F92F62A2", "TROYTES128F148C87E", "TRUTBWM128F92F36E3", "TROYHPV128F428C6D1", "TRXNRKG128F425A4B8", "TRKSMKQ128E07918F8", "TRYGMHK12903CED86A", "TRTVIKO128EF344BF8", "TRGPEFG128F429BBEA", "TRYUHKT128F42393D9", "TRBCMSH12903D03298", "TRIQYYW128F4287A0D", "TRXVRJG128E0789081", "TRBLDRL128F92E2131", "TRMXLXD128F932DE3F", "TRNNVUV128F42142CB", "TRMAQWJ128F427EC70", "TRSJTDA128F92F9584", "TRDAEMU128F92C5A76", "TRTCMBE128F9335CAE", "TRUEWIM128F92E9743", "TRFLNKX128F9339775", "TRPGYLT128F428AD02", "TRJZARH128F4283F3D", "TRHJJEC128F92FA041", "TRMCURM128F92E383C", "TRROTDF128F931C028", "TRGGMDE128F1477264", "TRKSBMC12903C980AC", "TRYQWHS128F4237626", "TRLQXVU128F934CF2D", "TRPONOG128F4275608", "TRCULSJ128F429B915", "TRCOTZQ128F42AE3C0", "TRVUNPB128F1458F35", "TRNTALF128EF343800", "TRHSGST128F424AC57", "TRKCNRR128F92EF918", "TRUDCDN128F92C5A7E", "TRDYFOK128F4289A85", "TRYZKBN128F9312273"], "metrics": {"P": 56, "TP": 2, "precision": 0.04, "recall": 0.03571428571428571, "f1": 0.03773584905660378, "average precision": 0.05357142857142857, "reciprocal rank": 0.03571428571428571}}