{"id": "fd13b9d49c54e00ff413fe3c095ba581c7fc611e", "recommendations": ["TRHVEUE128F4282C34", "TROHHUT128F931D024", "TRMEEEV128F148B228", "TRBOCQJ128F425DEF4", "TRUDGJY128F93557B2", "TRKVZCH128F145F801", "TRTJRMK128F932578A", "TRVMLIA128F92DC109", "TROKQVH128F148D1C3", "TRMHQMH128F423EB56", "TRMAROD128F423AEF0", "TRMESMD128F1458F90", "TRGCHLH12903CB7352", "TRSLLQW128E07984BB", "TRKIMCO12903CC14D3", "TRYKAYH128F423BED8", "TRPXVMC128F42987CC", "TRGXWSQ128F9319F0F", "TRYWEYV12903CBA002", "TRVULSX128F14824CD", "TREKYBL128F146DE24", "TRZOWZR128F427B5F2", "TROCQRP128F1463538", "TRDJQCZ128F423D135", "TRWCEKE128F93191BE", "TRSYQLI128F14B122A", "TRASGIZ128F9337F92", "TRFNGJS128F92F9EEE", "TRTNUBT128F42A4C8C", "TRCOBNP128F42BA577", "TRNBFRU128F93269F5", "TROWXJW128F14682FA", "TRSDFTB128F93084D2", "TRBYSQD128F424D87E", "TREVDLU128F42BCA88", "TRBWBYD128E078E2E6", "TRLIHOQ128F93378DE", "TRPTWLU128E078584F", "TRREVPO128E078F5B1", "TRSPKDL128F427E8D7", "TROZWIT128F4231A37", "TRTXSNK128F14989DB", "TRIBZZM128E07819DF", "TRYZAMO128E079125F", "TRGNHBI128E078B709", "TRYYFKC128E07984A5", "TRJHALL128F92C48B6", "TRYKYFR12903D01E25", "TRRNBWZ128F4296761", "TRWYIOX128F9311181"], "metrics": {"P": 22, "TP": 1, "precision": 0.02, "recall": 0.045454545454545456, "f1": 0.027777777777777776, "average precision": 0.045454545454545456, "reciprocal rank": 0.037037037037037035}}