{"id": "fe76c9d535c5834e4a9b91c13e29be6460cb79c4", "recommendations": ["TRXGLTV128F423C069", "TRUSIMU128EF3436C8", "TREEZYR128F92E7CF5", "TRICSWW128F428954C", "TRRUYSE128F423EF8B", "TRIRLZE128F148A0D2", "TRTNBSL128F931C0D5", "TRNURLL128F146CA5F", "TRXAOPL128F42922A3", "TRTLSEQ128F4284E62", "TRZJNDO128EF343498", "TRZUJFC128F92F3AA9", "TRWLGCH128F4287A0B", "TRKVZCH128F145F801", "TRPXVMC128F42987CC", "TRBHQUM128F9309DE1", "TRAHBQT128F4213403", "TRRDAMS128E0785DD3", "TRGSNKQ128F425A06A", "TRTVXUZ128F1466475", "TRIGTIQ128F14979A3", "TRCTYHN128F92FE2D2", "TRPPQZW128F92C48BC", "TRNTSSU128F423ED54", "TRFWSKZ128F4294C6A", "TRIZGPC128F1488B71", "TRYFHNG128F1466477", "TROWJJF128E0783FB0", "TRDZBOU128F92E43E3", "TRDVEDN12903CF98E0", "TRVXNKX128F931AF2B", "TRRJQES128EF35675B", "TRVTOKP128F42AEB2D", "TRTGBTJ128E0793EB2", "TRNRJUN128F42AE2BC", "TRPNASU128E078B702", "TRTXWWG128F930F282", "TRXDGSO12903CD6D4F", "TRGNOFL128EF34E4D5", "TRALMAU128F4252947", "TRBCJUF128F93190C2", "TRZAQAZ128F149F9FF", "TRILZXV128F931C230", "TRCFPJB128F4289566", "TRVKTHJ128F424D875", "TRFATFG128F42468A1", "TRZHLDH128F427D285", "TRUATNS128F423457D", "TRXNSHK128E078B710", "TRZAXFA128E0792826"], "metrics": {"P": 36, "TP": 1, "precision": 0.02, "recall": 0.027777777777777776, "f1": 0.023255813953488372, "average precision": 0.027777777777777776, "reciprocal rank": 0.03571428571428571}}