{"id": "01655ae6bc52e29c9cd100a7dde4e9eeae5e4031", "recommendations": ["TRUYCVH128F92C2B1E", "TRFQMSW128F426205E", "TRUFVIR12903D0A492", "TRDTMRW128F9325CB1", "TRLUQEN128F1455E51", "TRKRUFV12903CB7907", "TRDNRPM12903CFC916", "TRGOEVS128F42288A5", "TRGMWUO128F42902B4", "TRKKRNJ12903D08282", "TRYOOQS12903CCDAD0", "TRKBBKW128F4267344", "TRAMXGR128E07822CC", "TRYYOWT128F42B6558", "TRMWPNK128F93471E5", "TRKOHVA128F426BF70", "TRXFWYF128F1491D07", "TRZLLBF12903CE711F", "TRQVSRM128F4247F61", "TRVKCRJ128F9347F05", "TRWVUUS128F931FF4B", "TROLLDV128F4266643", "TRIMFGK128F42BAC92", "TRIWRMP12903CCDAC0", "TREVDLU128F42BCA88", "TRERMWV128F92F991F", "TRIBVFM128F932E029", "TRPOBNN12903CFCDFB", "TRSMIXL128F42A52E2", "TRXTIPW128F424EAAA", "TRRSWEO128F429312A", "TREYOJA128F4299262", "TRTBICJ128F4293C13", "TRIAHBB128F930136B", "TRQAUIE128F14531EB", "TRAPJFL128F42AA7B4", "TRZBJBL128F92D9B53", "TRSVVXJ128F9325CA9", "TRZIAXW128F423AEEA", "TRWRGJY128F145C29F", "TRHOAVJ128F428B4D2", "TRSLFZF128F426C8FD", "TRDUALP128F42380B9", "TRSTGGL128F4285F98", "TRKNFSA128F428192C", "TRLETZJ128E078F040", "TREADKW128F4230F0B", "TRJTJAO128F42ACE87", "TRWAZFN128F423BB1D", "TRDAOOB128F932E752"], "metrics": {"P": 26, "TP": 7, "precision": 0.14, "recall": 0.2692307692307692, "f1": 0.18421052631578946, "average precision": 1.0769230769230769, "reciprocal rank": 0.25}}