{"id": "019d0d1c7a01f8736ba59a124160e5fc70666db7", "recommendations": ["TRCIPFM128F425C8D3", "TRMAQWJ128F427EC70", "TRNNCOL128F1488D34", "TRLDIGW128F93269F8", "TRVGHCP128F1469A87", "TRSTLSG128E078370C", "TRYRFSW128F930490B", "TRJFFJI128F92E71E9", "TRZUBVA128F1469484", "TRGWMVP128F42B53DE", "TRBGTPK128F429E5D5", "TRGIAJW128F4277349", "TRVXQSK128F148D3FF", "TRPGEDB128F933CA96", "TRKBVZL128F42134BA", "TRLIYFS128F148855B", "TREJKCZ128C7196DAD", "TRGLIPW128F92DE72B", "TRDCPMV128F424350F", "TRFLVUY12903CF5438", "TRQLRYB128E079506A", "TRLDYLL128F42555DD", "TRYWDCP128E0784BAB", "TRWRGJY128F145C29F", "TRNDWLI128EF340671", "TRARLCN128F92D7218", "TRIHLES128EF344BF3", "TRAGOTA128F92F92C2", "TRTXSNK128F14989DB", "TRYCNIP128F42133A0", "TRTNUBT128F42A4C8C", "TRQHIIR128F145A190", "TRHBQST128E07930CB", "TRWPEMR128F14520BC", "TRKRJTO128F934259F", "TRTKDFL128F428D3C5", "TRVCFUI128F92E1D42", "TRQWJKU128F14618D1", "TRYVQUO128F145A173", "TRSLMMM128F930490F", "TROYMTB128F4260720", "TRIRMQT128F4289D50", "TRQXRRH128F1477261", "TRILDNT128F1451F15", "TRLQXVU128F934CF2D", "TRNTALF128EF343800", "TRNRJUN128F42AE2BC", "TRDZTKM128F42629E7", "TRDFGDH128F424BDD3", "TRDADBO128C7196C2E"], "metrics": {"P": 19, "TP": 1, "precision": 0.02, "recall": 0.05263157894736842, "f1": 0.028985507246376812, "average precision": 0.05263157894736842, "reciprocal rank": 0.030303030303030304}}