{"id": "0e68e0821495382c78fbb91758c250c8edf0cfbb", "recommendations": ["TRUATNS128F423457D", "TRBROFZ128E07917F6", "TRFQUXQ128F1488D32", "TRAMQXC128F14A2378", "TRWFFFY128F14B0EBE", "TRIJOVX128F931B47F", "TRVABTY128E07860FB", "TROLXKA128F4276D81", "TRJDUIU12903CE9200", "TRFOMMI128F42A04EE", "TRHBPMP128F1488D35", "TRTCMYC128EF340675", "TRNNCOL128F1488D34", "TRJIPSX128F423ECE5", "TRPAQLC128F146E045", "TRLUXWO128F14618D6", "TRDJQCZ128F423D135", "TRNUNTK128F428E2D4", "TRXKYSS128F92D2624", "TRAEZNW12903CF04CC", "TRDNYWA128F42813F3", "TRQAFCZ128F42A52C8", "TRMCSDZ128F424C5AA", "TRWIFBN128F9308699", "TREJKCZ128C7196DAD", "TRHZSMH128F1461B9F", "TRICRJU12903CC463E", "TRUYCVH128F92C2B1E", "TRYGMHK12903CED86A", "TRAGACS128E078E74D", "TRHFWED128F4289573", "TRGNIHW128E0789D37", "TRXVQGE128E07847D5", "TRLLLQK128F4294A18", "TRWAJII128F4294A1E", "TRQPYHG128F4293089", "TRCPCFS128F427C459", "TRKQQLC128F93032DA", "TRQJALO128F423ECE8", "TRAHVXE128F9339BAD", "TRMPCGW128F92E0670", "TRPFFIA128F92E8B63", "TRAGOTA128F92F92C2", "TRSUNLB128E078180C", "TRHDEWE128F92FDBBA", "TRSXDNB128F42142E5", "TRJXFXI128F9310DA3", "TROJORG128F1488D3A", "TRGOEVS128F42288A5", "TRIRMQT128F4289D50"], "metrics": {"P": 23, "TP": 6, "precision": 0.12, "recall": 0.2608695652173913, "f1": 0.1643835616438356, "average precision": 0.9130434782608696, "reciprocal rank": 0.3333333333333333}}