{"id": "10e1c96eeaf82f3076fe31bed9a67bb733ef9ff5", "recommendations": ["TRDCPMV128F424350F", "TRDADBO128C7196C2E", "TRBROFZ128E07917F6", "TRAGOTA128F92F92C2", "TRBLXFZ128F42AA792", "TRDJQCZ128F423D135", "TRJIBDX128F4299E1E", "TRAHVXE128F9339BAD", "TRGWMVP128F42B53DE", "TRYRFSW128F930490B", "TRSLMMM128F930490F", "TRDNYWA128F42813F3", "TRGGONE128F42B6FF9", "TRTCMYC128EF340675", "TRQXRRH128F1477261", "TRPFFIA128F92E8B63", "TRWAJII128F4294A1E", "TRQLRYB128E079506A", "TRSMIXL128F42A52E2", "TRPNZPG128F149BCE8", "TRCQYJE128E078FA49", "TRXSWJL128F427EEFA", "TRBTIFY12903CAB63C", "TRDFGDH128F424BDD3", "TRGNIHW128E0789D37", "TRHBPMP128F1488D35", "TRTNBSL128F931C0D5", "TRINTFS12903CF7876", "TRQPYHG128F4293089", "TRAMQXC128F14A2378", "TRLLLQK128F4294A18", "TRRQYZN128F426D0AD", "TRKVHLV12903D051C2", "TRZUKSV128F4295F98", "TRFOKTF128F1477266", "TRTPHVB128F426E044", "TRBHYJH12903CEA8AC", "TRMCSDZ128F424C5AA", "TRQIMLL128F42A04F4", "TRHNXJT128F145A8B2", "TRHBGXU128F9310DB3", "TRGNOFL128EF34E4D5", "TRIDPWO128F423DBC6", "TROFZQO128F4299E21", "TRQWOSG128F93048F2", "TRXTDLX12903CCE2B3", "TRJWDKW128F9319AD1", "TREPUVB128F423ECEA", "TRSGNMZ128F92F8FD0", "TRKGUFM128F429E58A"], "metrics": {"P": 14, "TP": 3, "precision": 0.06, "recall": 0.21428571428571427, "f1": 0.09375, "average precision": 0.42857142857142855, "reciprocal rank": 1.0}}