{"id": "12497e138741a0b94bb36a14bef32c9d0ee20fec", "recommendations": ["TRRSWEO128F429312A", "TRAACIE128F428495B", "TRQZPIE128F1455E47", "TRLDIGW128F93269F8", "TRDFVAD128F426B366", "TRYRFSW128F930490B", "TRSHYNG128F423BED3", "TRGWMVP128F42B53DE", "TRWXVQL128E079156A", "TRNWRAW12903CACB8D", "TRKRUFV12903CB7907", "TREPUVB128F423ECEA", "TRBYDXB128F425A68E", "TRDCPMV128F424350F", "TRZAQAZ128F149F9FF", "TRFRBUP128F4294A15", "TRIQDZD12903C9A6D7", "TRQLRYB128E079506A", "TRIVMCG128F932105E", "TRKRJTO128F934259F", "TRDEZCI12903C9A6AD", "TRDNQXO128F931F363", "TRAGOTA128F92F92C2", "TRGMWUO128F42902B4", "TRYBKPF128F93102B9", "TROIXIC128F427B6F6", "TRJIPSX128F423ECE5", "TRPJMKA128F4284E71", "TRPONOG128F4275608", "TRKABMK128F426BF72", "TRNKXEL128F42987C8", "TRQJALO128F423ECE8", "TRQLZRI128F429337E", "TREMPRJ128F423715E", "TRYVQUO128F145A173", "TROKQVH128F148D1C3", "TRSLMMM128F930490F", "TRUTULC128F4293712", "TRPLZBW128F14A561E", "TRQXRRH128F1477261", "TRUOJJS128F145C256", "TRASNPB128F92F9A0B", "TRUWYFM128F423F000", "TRDFGDH128F424BDD3", "TRDADBO128C7196C2E", "TRYHLKG128F92FB330", "TRTQBSZ128F425A745", "TRONTHY128F4295577", "TRYYOWT128F42B6558", "TRKOHVA128F426BF70"], "metrics": {"P": 19, "TP": 1, "precision": 0.02, "recall": 0.05263157894736842, "f1": 0.028985507246376812, "average precision": 0.05263157894736842, "reciprocal rank": 0.02857142857142857}}