{"id": "12a4a991c8b53cd6906995caed8b1f2bd3b6436a", "recommendations": ["TRSLMMM128F930490F", "TRQXTTC128F4264434", "TRYWDCP128E0784BAB", "TRYZYOZ128F426ADA5", "TRYZAMO128E079125F", "TRDADBO128C7196C2E", "TRILGUV128F428A4C5", "TRAGOTA128F92F92C2", "TRVAGQR128E0792479", "TRHBPMP128F1488D35", "TRDVUST128F4280D13", "TRPNZPG128F149BCE8", "TRADKAX128E0786B92", "TRTRPCL128F9310BA8", "TRRJOIB128F1462DED", "TRRQKRU128F42634C7", "TRKCOAU128E07853F3", "TRVYXUG128F933AD8F", "TRCXIGZ128E07816E0", "TRWFFFY128F14B0EBE", "TRCQYJE128E078FA49", "TRQLRYB128E079506A", "TRFWGOJ128E0780C8B", "TRLLSRB128F14520BA", "TRQXKXL128F426E03E", "TRNIIFM128E078E1CD", "TRXSWJL128F427EEFA", "TRKQQLC128F93032DA", "TRLXSNR128F429361D", "TRFLNKX128F9339775", "TRVDHXR128E0782B63", "TRJSZZG128F931B3DD", "TRKWXAG128EF340672", "TRJQRAP128F9314B3F", "TREJGVP128EF3436BE", "TRKABMK128F426BF72", "TRISZQR12903CB263D", "TRHPDXR128F4298C6D", "TRSUNLB128E078180C", "TRBNNIL128E079268E", "TRQAFCZ128F42A52C8", "TRFDGFW128F4286BFF", "TRBHYJH12903CEA8AC", "TRDQAWQ128F93379DF", "TRJLNNO128F149ACCE", "TRMHHPP128E0785853", "TRJIBDX128F4299E1E", "TRGOEVS128F42288A5", "TRGWMVP128F42B53DE", "TRYBKPF128F93102B9"], "metrics": {"P": 49, "TP": 2, "precision": 0.04, "recall": 0.04081632653061224, "f1": 0.0404040404040404, "average precision": 0.061224489795918366, "reciprocal rank": 0.0625}}