{"id": "16cd9a19b5a433919b3cf86073670369e8d2e4f8", "recommendations": ["TRINTFS12903CF7876", "TRBROFZ128E07917F6", "TRQHPJY128F1486A7E", "TRQPYHG128F4293089", "TRHNXJT128F145A8B2", "TRDJQCZ128F423D135", "TRYWDCP128E0784BAB", "TRTPHVB128F426E044", "TRJSZZG128F931B3DD", "TRAMQXC128F14A2378", "TRFOKTF128F1477266", "TRXFWYF128F1491D07", "TRGRDUH128F42AE383", "TRAMXGR128E07822CC", "TRFOMMI128F42A04EE", "TRDRMOW12903CDB1AF", "TRHBPMP128F1488D35", "TRTCMYC128EF340675", "TRTQDGL128E0780C94", "TRDNYWA128F42813F3", "TRLGQLW128EF3453BA", "TRHBGXU128F9310DB3", "TRHPDXR128F4298C6D", "TRQBZSQ128F42782DC", "TRMCSDZ128F424C5AA", "TRXVUTW128F1462DF0", "TRSCWIA128E0785B05", "TRQLZQH128E0792691", "TRSGEAR128F92DD6DB", "TRCUXDM128F425550B", "TRBTPVL128E078FC36", "TRPFFIA128F92E8B63", "TRKMWHB128E078ED8A", "TRWAJII128F4294A1E", "TROKPAZ128E078114A", "TRAHVXE128F9339BAD", "TRUMDHO128F148724C", "TRRTVCE128F93112E6", "TRAGOTA128F92F92C2", "TRSUNLB128E078180C", "TRFRJAY128F1465267", "TRWFFFY128F14B0EBE", "TRFNDHN128F426BE40", "TRYEIDS12903CA2821", "TRTQBSZ128F425A745", "TRQXKXL128F426E03E", "TRQZPIE128F1455E47", "TRXTDLX12903CCE2B3", "TRSMIXL128F42A52E2", "TRNUGUX128F425B7DB"], "metrics": {"P": 15, "TP": 3, "precision": 0.06, "recall": 0.2, "f1": 0.09230769230769231, "average precision": 0.4, "reciprocal rank": 0.14285714285714285}}