{"id": "17aa9f6dbdf753831da8f38c71b66b64373de613", "recommendations": ["TRPFFIA128F92E8B63", "TRKQQLC128F93032DA", "TRCBOQX128F14676AA", "TRUOCWY128F427B6F5", "TRXENFI128E078BDFD", "TRNBANL128F423ECE6", "TRDVUST128F4280D13", "TRLBUYT128F429E9F3", "TRTPHVB128F426E044", "TRLSBGG128F42B7E15", "TRZJNDO128EF343498", "TRAMXGR128E07822CC", "TRIWQAQ128F92D261D", "TRWPEMR128F14520BC", "TRISCAT12903CFDBD0", "TRWVUUS128F931FF4B", "TRXTDLX12903CCE2B3", "TRSCWIA128E0785B05", "TRVRKIS12903D07703", "TRVSPZH128F932133E", "TRPUFEY128F4250A32", "TRQIMLL128F42A04F4", "TRTFTZF128F429C835", "TRSXDNB128F42142E5", "TROEVBD128F92DC10D", "TRVCFUI128F92E1D42", "TRYZAMO128E079125F", "TRGGONE128F42B6FF9", "TRHMSOG128F145A184", "TRJSEXD128F423DBC4", "TRJLVOB128F931EB19", "TRCSKKY12903CA5582", "TRXPSPE128EF33FB50", "TRBHYJH12903CEA8AC", "TRGNHBI128E078B709", "TRGOEVS128F42288A5", "TRISILF128F92F029E", "TRAEZNW12903CF04CC", "TRNCZUO128F427C2A0", "TRFEZLR128F92C5A85", "TRJHSKL128F92E4EC7", "TRBTIFY12903CAB63C", "TRJLNNO128F149ACCE", "TRSBDSN128F92F91BE", "TRJSZZG128F931B3DD", "TRDFGDH128F424BDD3", "TRSVVXJ128F9325CA9", "TRMPGSG128E0788693", "TRGSPUQ128E0780DA5", "TRHBGXU128F9310DB3"], "metrics": {"P": 26, "TP": 1, "precision": 0.02, "recall": 0.038461538461538464, "f1": 0.026315789473684213, "average precision": 0.038461538461538464, "reciprocal rank": 0.06666666666666667}}