{"id": "18dc95f354220b343e98ebbb7c8564291284ed9f", "recommendations": ["TRHNXJT128F145A8B2", "TRXFWYF128F1491D07", "TRJQLLH128F4217810", "TRLIHKL128F92F5E79", "TRILGUV128F428A4C5", "TRPUFEY128F4250A32", "TRSVMZM128F93592F5", "TROIQMT128E0792994", "TRZMYKW128F429F880", "TRXGWMG128E0792991", "TRDBFQM128E079298B", "TRDJQCZ128F423D135", "TROSNGZ128F42705AB", "TRRIYRR128F427E090", "TRTPHVB128F426E044", "TRJXBKU128E07842AA", "TRUUKWB128E0792985", "TRYXYZU128E0792987", "TRXEAZB128E078EDCE", "TRQPYHG128F4293089", "TRPTWLU128E078584F", "TRPSFSJ128F1492171", "TRQMZCQ128EF3453BF", "TRVDIEE128E0783217", "TRFNDHN128F426BE40", "TRBIFGK128F92F23A2", "TRFWGOJ128E0780C8B", "TRTEPKY128F4260B04", "TRFFHKA128F42213A4", "TRBROFZ128E07917F6", "TRSMIXL128F42A52E2", "TRVQXJW128F93432EB", "TRTQRAL128E0781135", "TRHBGXU128F9310DB3", "TRLLLQK128F4294A18", "TROVKCT128F932F7E5", "TREMQXM128F92E23D0", "TRJCNOT128F92F992E", "TRVAGQR128E0792479", "TRANIJQ128F4298A10", "TRXTDLX12903CCE2B3", "TRIZIPB128F4278389", "TRXEMBB128F14B1054", "TRERTYW128F934B2B0", "TRGOEVS128F42288A5", "TRQVCXZ128F4298756", "TREXNVY128F92DE1E9", "TREUBTU12903CC84A6", "TRKWXAG128EF340672", "TRZLCXX128F92CC96D"], "metrics": {"P": 45, "TP": 12, "precision": 0.24, "recall": 0.26666666666666666, "f1": 0.2526315789473685, "average precision": 1.7333333333333334, "reciprocal rank": 0.25}}