{"id": "1b704d4cddabea8258bd93497fcb73eab32fa592", "recommendations": ["TRGDEII128F4299E32", "TRJIBDX128F4299E1E", "TRSLMMM128F930490F", "TRBLXFZ128F42AA792", "TRQWOSG128F93048F2", "TRXSWJL128F427EEFA", "TRAHVXE128F9339BAD", "TRTRPCL128F9310BA8", "TRDADBO128C7196C2E", "TRTNBSL128F931C0D5", "TRYZYOZ128F426ADA5", "TRQLRYB128E079506A", "TRSPLHG128F4299E23", "TRYRFSW128F930490B", "TRCQYJE128E078FA49", "TRGGONE128F42B6FF9", "TRAGOTA128F92F92C2", "TRTQBSZ128F425A745", "TRINTFS12903CF7876", "TRSCWIA128E0785B05", "TRDJQCZ128F423D135", "TRKLLTX128F425FD66", "TRDCPMV128F424350F", "TRQXRRH128F1477261", "TRWGYLJ128F92CC96A", "TRDFGDH128F424BDD3", "TRGWMVP128F42B53DE", "TRAMQXC128F14A2378", "TRDMVUZ128F1492745", "TRHVSIB128F1485EC2", "TRBHYJH12903CEA8AC", "TROFZQO128F4299E21", "TRACZWR128F92FFA26", "TRSGNMZ128F92F8FD0", "TRAGPXZ12903C9E880", "TRBTIFY12903CAB63C", "TRQEMRN128F933B4B2", "TRBVSQT128F427A82F", "TRRQYZN128F426D0AD", "TRHNXJT128F145A8B2", "TRKDBVR128F935A643", "TRXXXOO128F92F51FB", "TRASGTI128F9326514", "TRIYXMY128F9339B9F", "TRLIHKL128F92F5E79", "TRPNZPG128F149BCE8", "TRNUGUX128F425B7DB", "TROLUYY128F4282832", "TRNEJRG128F425FD88", "TRGUOYN128F428E3F1"], "metrics": {"P": 59, "TP": 5, "precision": 0.1, "recall": 0.0847457627118644, "f1": 0.09174311926605505, "average precision": 0.2542372881355932, "reciprocal rank": 0.3333333333333333}}