{"id": "22d652f8891ba2186a4ce3ee8de7c192148108ef", "recommendations": ["TRGNOFL128EF34E4D5", "TRNBANL128F423ECE6", "TRXGWZE128F429DB94", "TRZUJFC128F92F3AA9", "TRAHVXE128F9339BAD", "TREVRAJ128F42819AD", "TRDWQHL128F147BD31", "TRFRJAY128F1465267", "TRNUGUX128F425B7DB", "TRIGYDL12903D05328", "TRPFFIA128F92E8B63", "TRVABTY128E07860FB", "TRDWHEL128F42289F6", "TREJOUZ128F4278FCE", "TRQIMLL128F42A04F4", "TRGSPUQ128E0780DA5", "TRLLLQK128F4294A18", "TRXFWYF128F1491D07", "TRDJQCZ128F423D135", "TRBROFZ128E07917F6", "TRYZYOZ128F426ADA5", "TRYZAMO128E079125F", "TRKWXAG128EF340672", "TRINTFS12903CF7876", "TRVIGDJ128F4262CD6", "TRWAJII128F4294A1E", "TRWKQXH128F92D264E", "TRHBPMP128F1488D35", "TRBHYJH12903CEA8AC", "TRYHWLD128F426BF7D", "TRXSWJL128F427EEFA", "TRSCWIA128E0785B05", "TRAPHUO12903CC2719", "TRTGBTJ128E0793EB2", "TRIWQAQ128F92D261D", "TRUOJJS128F145C256", "TRHMSOG128F145A184", "TRHPOIX12903CE895D", "TRACEHO128F1488CEA", "TRPWPVI128F92EB7B9", "TRERTZY128F1487259", "TRTQBSZ128F425A745", "TRMMHKG12903CDB1B5", "TRNLXJM128F4289801", "TRBHGYV128F14617D9", "TRIDPWO128F423DBC6", "TRQAOXR12903C9AA36", "TRFOKTF128F1477266", "TRJMHJZ128F4290063", "TRWFFFY128F14B0EBE"], "metrics": {"P": 18, "TP": 3, "precision": 0.06, "recall": 0.16666666666666666, "f1": 0.08823529411764705, "average precision": 0.3333333333333333, "reciprocal rank": 0.16666666666666666}}