{"id": "25918b59c1b7ff80dff2e7ca5fd88912193b0503", "recommendations": ["TRLDBMO128F932A7AC", "TRRJUPO128F930327A", "TRXVPML12903CFA062", "TREBUCN128F92D2CAC", "TRQXEEW128F4265A84", "TRTEPKY128F4260B04", "TRKODWS128F9324F0D", "TRUYIOW12903CD6F99", "TROIDDH128E0786BC1", "TRDRMOW12903CDB1AF", "TRRYLYK128F92F89F6", "TRNTOLY128F932CB4C", "TRVJSSU128F92E7BE4", "TRCOOYB128E078ED95", "TRUMDHO128F148724C", "TRPHPKY128F428D304", "TRFHJOI128EF34BFAF", "TRTCMKQ128E079654D", "TRERMWV128F92F991F", "TRJKHDH128F147AEDC", "TRXLDMN128F4265DC9", "TRMMHKG12903CDB1B5", "TRGXJEJ12903CB2CFD", "TRRTVCE128F93112E6", "TROWXJW128F14682FA", "TRFMKZO128EF33FA0E", "TRTFRMJ128F93043F9", "TREMPRJ128F423715E", "TRVSDNO12903CC37B0", "TRSPZAH128F42B87D5", "TRTKWUO12903CE9E30", "TRPDJBX128F42ACF9B", "TRXHYNW128E078EDF9", "TRTNFBV128F4290606", "TRVNRMG128F1470ACE", "TRPSFSJ128F1492171", "TRKTRKM128F4280BB6", "TRVDHXR128E0782B63", "TROBOAI128E078480D", "TRDSHHR128F92C700E", "TROVKCT128F932F7E5", "TRODUVI128F4266AAD", "TRCUKLZ128F427AAE2", "TRXVQGE128E07847D5", "TRUDCDN128F92C5A7E", "TRBCJUF128F93190C2", "TRZDYGB128F9310C23", "TRVKCRJ128F9347F05", "TRBBFSS12903D061AF", "TRPSGSU128F93090E4"], "metrics": {"P": 19, "TP": 1, "precision": 0.02, "recall": 0.05263157894736842, "f1": 0.028985507246376812, "average precision": 0.05263157894736842, "reciprocal rank": 0.03125}}