{"id": "2a8a8f48fd4eb5ca4b64874162df4fdf584d89c4", "recommendations": ["TRWWGYN128E078470F", "TRYFSJE128EF3622F9", "TRTKDFL128F428D3C5", "TRVXQSK128F148D3FF", "TRJFFJI128F92E71E9", "TRZFEOG128E078ECBE", "TRFNRLO128E079236C", "TREHOGG128F428DF46", "TRKBVZL128F42134BA", "TRHBQST128E07930CB", "TRSTLSG128E078370C", "TRTCMKQ128E079654D", "TRCIOFB128F9321D3E", "TRHQTRY128F4288366", "TRFHJOI128EF34BFAF", "TRLFTUY128F4294765", "TRDXOZM128E0793855", "TRBDVDY128F4271F5C", "TRVAIVL128F93278E7", "TRJDKLG128E0792558", "TRBGTPK128F429E5D5", "TRTNUBT128F42A4C8C", "TRJOMGO12903CC6812", "TRUATNS128F423457D", "TRDTYHN128E079504D", "TRPFUKY128F9327C9D", "TRFPCZI128E078EC13", "TRNUNTK128F428E2D4", "TRVGHCP128F1469A87", "TRTVLCE128F92C4794", "TRIGWNQ128F92EB1C7", "TRULKPM128E078E167", "TRTGSVG128E079281F", "TRVEMSD128E078F351", "TREBUCN128F92D2CAC", "TRCIPFM128F425C8D3", "TROYMTB128F4260720", "TRRJUPO128F930327A", "TRQBHMA12903CE44F9", "TRNWRTV128F9319822", "TRCHQIO128F425C8DB", "TRQWJKU128F14618D1", "TRPPQZW128F92C48BC", "TRLUXWO128F14618D6", "TRJVBYA128F93434FD", "TRLDBMO128F932A7AC", "TRPLWSA128F92D555C", "TRAZORC128F426C323", "TREMPRJ128F423715E", "TRGIAJW128F4277349"], "metrics": {"P": 15, "TP": 1, "precision": 0.02, "recall": 0.06666666666666667, "f1": 0.030769230769230767, "average precision": 0.06666666666666667, "reciprocal rank": 0.029411764705882353}}