{"id": "2aa991d816553f172338ba4834193aba92abb4c3", "recommendations": ["TRLFCIT128F429F792", "TRQVCXZ128F4298756", "TRGNIHW128E0789D37", "TRYBKPF128F93102B9", "TRVRIBZ128F426BF71", "TRNBANL128F423ECE6", "TRISZQR12903CB263D", "TRFWGOJ128E0780C8B", "TRXYLKX128F148988C", "TRUTJWI128F92D3C29", "TRHBPMP128F1488D35", "TRGUOYN128F428E3F1", "TRLXSNR128F429361D", "TRDXLKN12903CE824C", "TRIAOVI128F425A16D", "TRWIFBN128F9308699", "TRDVRIY128F424CDD0", "TRXWBQL128E07860FF", "TRQXKXL128F426E03E", "TRVYXUG128F933AD8F", "TRBYSQD128F424D87E", "TRKDBVR128F935A643", "TRZUJFC128F92F3AA9", "TRPLZBW128F14A561E", "TRJCSLS128F1470ACF", "TRJQAEN128F92E0589", "TRXDYUE128F429FC3F", "TRDVUST128F4280D13", "TROVKCT128F932F7E5", "TRKKSRH128F426473F", "TRODMLN128F4221247", "TRBROFZ128E07917F6", "TRIGIPE128E078EC89", "TRAACIE128F428495B", "TRJKZTC128F14676A9", "TRKABMK128F426BF72", "TRSCNGW12903CE91EB", "TRHZJBP128F92C3BC0", "TRYZAMO128E079125F", "TRJIPSX128F423ECE5", "TRWAJII128F4294A1E", "TRDQAWQ128F93379DF", "TRARBMS128F42775F8", "TRYHWLD128F426BF7D", "TRJSZZG128F931B3DD", "TRPJRZL128F4234A35", "TRXJRSJ128F9330D11", "TRYRZRK128F4228CD0", "TRJLMSU128F932BB3A", "TRFNDHN128F426BE40"], "metrics": {"P": 21, "TP": 8, "precision": 0.16, "recall": 0.38095238095238093, "f1": 0.22535211267605634, "average precision": 1.7142857142857142, "reciprocal rank": 0.2}}