{"id": "2e37aa820994c7e8465721a6a6ee78f48fc4df7a", "recommendations": ["TRRPRXH128F423F02F", "TRDBFQM128E079298B", "TRHHOOK128F42632FB", "TRJCNOT128F92F992E", "TRVQXJW128F93432EB", "TRPUBDM128F42B614D", "TRLIHKL128F92F5E79", "TRDBQXT128F4289423", "TRSVMZM128F93592F5", "TRZMYKW128F429F880", "TRKZDGC128F428B0AD", "TRYDCVA128F4260325", "TRNIKXX128F4233FDB", "TRMXTQY128F4270323", "TRGCHGO128F930A87E", "TRKEICN12903CE499C", "TRDWEAT128F149242F", "TRIAGDA128F4296176", "TRVDIEE128E0783217", "TRLCQJQ128F14A46BA", "TRICSWW128F428954C", "TRGELVY128F4283621", "TRIZLKJ128F149564C", "TRUJYRT128F428B095", "TROIQMT128E0792994", "TRZALGW128F4296174", "TRIKCQI128F92DDC16", "TRQHEPS128F42933EF", "TRYXYZU128E0792987", "TRVAGQR128E0792479", "TRWWJOQ128F147395F", "TRLKDSX128E0781C69", "TRJQLLH128F4217810", "TRXAGOY128F147CC75", "TRRBCRI128F92F12C9", "TRVBDGB128F42A75AA", "TRIHZJH128F4262F4A", "TRFMOUZ128F4289576", "TRVXCWD128F42606B3", "TRPFBQH128F92E7CD5", "TRVSVBH128F14789CD", "TRDZBOU128F92E43E3", "TRVXZJI128F92E9746", "TRNVAFT128F428AFF4", "TRTGBTJ128E0793EB2", "TROFBXV128F9326CD8", "TRHFWED128F4289573", "TRMXLMR128F425B9B1", "TRMHHPP128E0785853", "TRDYSLC128F428AB78"], "metrics": {"P": 18, "TP": 4, "precision": 0.08, "recall": 0.2222222222222222, "f1": 0.11764705882352941, "average precision": 0.5555555555555556, "reciprocal rank": 0.09090909090909091}}