{"id": "3187e658fd71be99d68d96f3a61a436c8a607365", "recommendations": ["TRJXBKU128E07842AA", "TRXGWMG128E0792991", "TRKEAKG128F932797D", "TRZYKRT128F932796C", "TRGEUXA128E07842A7", "TRJBRHQ128F92F56B7", "TRTEPKY128F4260B04", "TRVQCVF128F9342F6F", "TRGBGVQ128F92CEAA2", "TRCOBNP128F42BA577", "TRWYDVA128F92FDD86", "TRZODJZ128E0792999", "TRDLWOO128F932E729", "TRJPSWP128F426E232", "TRBZHVK128F1460299", "TRVESUC128F1477267", "TRMOZVH128F148D323", "TRVHRIT128E0782986", "TRXJRSJ128F9330D11", "TRWZPOU128F4272605", "TRQIMLL128F42A04F4", "TRSUNLB128E078180C", "TRUYIOW12903CD6F99", "TRQAOXR12903C9AA36", "TREAUJQ128F147CC73", "TRGOEVS128F42288A5", "TRQPYHG128F4293089", "TROBOAI128E078480D", "TRPFFIA128F92E8B63", "TRESMVD128F9310D57", "TRLETZJ128E078F040", "TRSNHEY128EF35E2B7", "TRGTCHK128F42870F8", "TRBZVBW128F1470ACB", "TRODYIA128E0794F9E", "TRPJMKA128F4284E71", "TRANIJQ128F4298A10", "TRSSAGS128F92E697A", "TROSNGZ128F42705AB", "TRVGDUD128F146C84C", "TRGLEON12903D001F1", "TRKTRKM128F4280BB6", "TRLDYHH128F42482B4", "TRKEIZP12903D05324", "TRQGRXB128E078AA08", "TRERTZY128F1487259", "TRAEOHW128F42A52D9", "TRJLMSU128F932BB3A", "TRJMHJZ128F4290063", "TRXYLKX128F148988C"], "metrics": {"P": 16, "TP": 3, "precision": 0.06, "recall": 0.1875, "f1": 0.09090909090909091, "average precision": 0.375, "reciprocal rank": 0.3333333333333333}}