{"id": "37a8e0d8e4fc8cc03be56671e063af20237d6019", "recommendations": ["TROZGWG12903CE6C5B", "TRQFTEQ128F14B12BC", "TRRXNSP128F93321FB", "TRXIKKD128F1497960", "TRTBCVS128F42AD1E5", "TRUHUNN128F92E58B5", "TRSGEAR128F92DD6DB", "TRITNCR128F428907A", "TRASQGR128F14557AA", "TRNNNLZ128F933BBBD", "TRAVCNW128F4288396", "TRTUSWY128F4238D8C", "TRCDAIU128F92C77DF", "TROVKCT128F932F7E5", "TRGVWJC128F93296F7", "TRFFHKA128F42213A4", "TRMCSDZ128F424C5AA", "TRODYIA128E0794F9E", "TRCXCZE128F4298758", "TRHPZIT128F148B263", "TRETCRP128E0789083", "TRKUUZM128F14782F0", "TRLIYFS128F148855B", "TRJQRAP128F9314B3F", "TRVYXUG128F933AD8F", "TRUYIOW12903CD6F99", "TRVRKIS12903D07703", "TRXTDLX12903CCE2B3", "TRQLZQH128E0792691", "TRYTKPJ12903CE137C", "TREJPXI128F92E58AD", "TRWXGMQ128F92E8B59", "TRFWPIX128F423BEDA", "TRAPHUO12903CC2719", "TRXZIMW128F92DE236", "TRPWPVI128F92EB7B9", "TREJOUZ128F4278FCE", "TRMWNLK12903D00F03", "TRQAOXR12903C9AA36", "TRWHTGG128F1457193", "TRDRBUL128F4264A97", "TRYNMOX128F1497D91", "TRIZRJX128E0794D82", "TRJLTZJ12903CCBC23", "TRPTWGR128F1452734", "TRTOSOP128F14AE2D0", "TRKYGZA128F42365DC", "TREXNVY128F92DE1E9", "TRDLNVG128E078F430", "TRHQENS128E0784814"], "metrics": {"P": 14, "TP": 4, "precision": 0.08, "recall": 0.2857142857142857, "f1": 0.125, "average precision": 0.7142857142857142, "reciprocal rank": 0.2}}