{"id": "38b3d1771dfbd0d8e2391ad3749f0bd93643210b", "recommendations": ["TRFQUXQ128F1488D32", "TRNNCOL128F1488D34", "TRCPCFS128F427C459", "TRZUBVA128F1469484", "TROJORG128F1488D3A", "TRWIFBN128F9308699", "TRCXFCK128F931EAF9", "TRYHWLD128F426BF7D", "TRZRKRE128F42905B1", "TRZUJFC128F92F3AA9", "TRFDFML128F42B53E4", "TRAEZNW12903CF04CC", "TRNDWLI128EF340671", "TRHBPMP128F1488D35", "TRCAJOM128F1488559", "TRQAOXR12903C9AA36", "TRVTOKP128F42AEB2D", "TRGMNJO128F14B1381", "TRTWXVY128F42A65EC", "TRVYNEC128F92DCCDD", "TRWXGMQ128F92E8B59", "TRNDTAS128F148D716", "TRIGYDL12903D05328", "TRHPZIT128F148B263", "TRRQYZN128F426D0AD", "TRSTMBW128F424ECBC", "TRJVDZZ128E078FA46", "TRJQRAP128F9314B3F", "TRGSPUQ128E0780DA5", "TRUUUMU128F4277908", "TRFLNKX128F9339775", "TREJKCZ128C7196DAD", "TRYDUVL128F429875C", "TRPPQZW128F92C48BC", "TREXNVY128F92DE1E9", "TRDUALP128F42380B9", "TRSWJHK128F429EA6F", "TRYZAMO128E079125F", "TRUOJJS128F145C256", "TRBHYJH12903CEA8AC", "TRBROFZ128E07917F6", "TRILXCN128F92F41C6", "TRWAJII128F4294A1E", "TRLJZVN128EF3435F5", "TROBYTB128F422975C", "TRDVUST128F4280D13", "TRXVZKC128F425AEEE", "TRGLEPF128F93379E9", "TRDWQHL128F147BD31", "TRLLLQK128F4294A18"], "metrics": {"P": 18, "TP": 4, "precision": 0.08, "recall": 0.2222222222222222, "f1": 0.11764705882352941, "average precision": 0.5555555555555556, "reciprocal rank": 1.0}}