{"id": "390c2e81bc9cf885608a0891c0a7eb13f1fd3336", "recommendations": ["TRXENFI128E078BDFD", "TRGOEVS128F42288A5", "TRBIFGK128F92F23A2", "TRUOCWY128F427B6F5", "TRKRUFV12903CB7907", "TRLUQEN128F1455E51", "TRRSWEO128F429312A", "TRAZSGB128F42359DA", "TRXFWYF128F1491D07", "TRGMWUO128F42902B4", "TRTPHVB128F426E044", "TRIJIAU128E0789D41", "TRSAVRV128E0784602", "TRFQMSW128F426205E", "TRZLLBF12903CE711F", "TRSMIXL128F42A52E2", "TRGNHBI128E078B709", "TRFEZLR128F92C5A85", "TRWVUUS128F931FF4B", "TRCSKKY12903CA5582", "TRIBVFM128F932E029", "TRWBDIT128F423714D", "TRHBGXU128F9310DB3", "TRPONOG128F4275608", "TRSYQLI128F14B122A", "TRAMXGR128E07822CC", "TRRGMPU128F42B8BF6", "TRGVSRU12903CC8F00", "TRDTMRW128F9325CB1", "TRPUFEY128F4250A32", "TRPFFIA128F92E8B63", "TRPLZBW128F14A561E", "TRBBANX128F429EA35", "TRUYCVH128F92C2B1E", "TRLETZJ128E078F040", "TRFOMMI128F42A04EE", "TRGNOFL128EF34E4D5", "TRKKRNJ12903D08282", "TRCFOSH128E07938D5", "TRCVVIE128F93131C7", "TRVIVYJ128F4261B0A", "TRBGCCF128F1492C86", "TRRTHWD128F4259F3D", "TRKNFSA128F428192C", "TRXGHOC128F92EF9BA", "TRBIVUY128F148724E", "TRBHKXX128F4252D02", "TRDRSKI128F9313031", "TRYDRBL128F9310CDD", "TRACEHO128F1488CEA"], "metrics": {"P": 13, "TP": 1, "precision": 0.02, "recall": 0.07692307692307693, "f1": 0.03174603174603175, "average precision": 0.07692307692307693, "reciprocal rank": 0.02564102564102564}}