{"id": "3cffdcdc03294b3712ad65df7d9701a655b4b735", "recommendations": ["TRAMXGR128E07822CC", "TRINTFS12903CF7876", "TRERMWV128F92F991F", "TRTQBSZ128F425A745", "TRADKAX128E0786B92", "TRBROFZ128E07917F6", "TRTQDGL128E0780C94", "TRTNBSL128F931C0D5", "TRLLSRB128F14520BA", "TRBNZPP128F428E6F9", "TRAPJFL128F42AA7B4", "TRJXIEL128F1465555", "TRYYOWT128F42B6558", "TRILXCN128F92F41C6", "TRKOHVA128F426BF70", "TRLGQLW128EF3453BA", "TRTPHVB128F426E044", "TRIDPWO128F423DBC6", "TRUZLMI12903D0C380", "TRTXSNK128F14989DB", "TRFOKTF128F1477266", "TRBTPVL128E078FC36", "TRWTWZD128F9306865", "TRJSZZG128F931B3DD", "TRGOEVS128F42288A5", "TRBTIFY12903CAB63C", "TRDTMRW128F9325CB1", "TREUYJH128F429B903", "TRITNCR128F428907A", "TRUKLEK128F145AD15", "TRKODWS128F9324F0D", "TRNLXJM128F4289801", "TRJTJAO128F42ACE87", "TRRWGXO12903CA8481", "TRNBANL128F423ECE6", "TRFHJOI128EF34BFAF", "TRLNSAU128F14A67FC", "TRSMIXL128F42A52E2", "TROKPAZ128E078114A", "TROLUYY128F4282832", "TRZXPJT128F42BC289", "TRDWBCU128F426C536", "TREQOIZ128F42BCE96", "TRYHWLD128F426BF7D", "TRTYOCV128F4296173", "TRXFKGZ12903CEE34B", "TRFMSLA128F92F99F3", "TRKQQLC128F93032DA", "TRSCWIA128E0785B05", "TRGLIPW128F92DE72B"], "metrics": {"P": 12, "TP": 1, "precision": 0.02, "recall": 0.08333333333333333, "f1": 0.03225806451612903, "average precision": 0.08333333333333333, "reciprocal rank": 0.05263157894736842}}