{"id": "3f152d355d53865a2ca27ac5ceeffb7ebaea0a26", "recommendations": ["TRTQBSZ128F425A745", "TRSMIXL128F42A52E2", "TRBTIFY12903CAB63C", "TRQIMLL128F42A04F4", "TRAGPXZ12903C9E880", "TRYWDCP128E0784BAB", "TROBOAI128E078480D", "TRVXQSK128F148D3FF", "TRWVUUS128F931FF4B", "TRXEAZB128E078EDCE", "TRAPJFL128F42AA7B4", "TRGOEVS128F42288A5", "TRAHVXE128F9339BAD", "TRBTPVL128E078FC36", "TRFNGJS128F92F9EEE", "TRIDPWO128F423DBC6", "TRVIGDJ128F4262CD6", "TRBLXFZ128F42AA792", "TRZUBVA128F1469484", "TRDJQCZ128F423D135", "TRSUIQR128F427E25E", "TRBIFGK128F92F23A2", "TRBNZPP128F428E6F9", "TRTPHVB128F426E044", "TRCLBXD128F932472C", "TRXFWYF128F1491D07", "TROYMTB128F4260720", "TROSNGZ128F42705AB", "TRRVGFB128F4265816", "TRIYXMY128F9339B9F", "TRGGONE128F42B6FF9", "TRQWOSG128F93048F2", "TRCBOQX128F14676AA", "TRPNZPG128F149BCE8", "TRZFZEW128F933A950", "TRBROFZ128E07917F6", "TRQLRYB128E079506A", "TRPLWAT128F4277121", "TRPXUOS12903CC697A", "TRUOAOC128F148018B", "TRIPDOF128EF344BF9", "TRGNHBI128E078B709", "TRMCSDZ128F424C5AA", "TRQQBBL12903CFCDE4", "TRWIKBF128F92DD506", "TRWIFBN128F9308699", "TRIBVFM128F932E029", "TRUZLUT128F92ECBC3", "TRPUFEY128F4250A32", "TRSCWIA128E0785B05"], "metrics": {"P": 14, "TP": 1, "precision": 0.02, "recall": 0.07142857142857142, "f1": 0.03125, "average precision": 0.07142857142857142, "reciprocal rank": 0.09090909090909091}}