{"id": "484b69dd013df1ec0cfd504886d4f647cb32b08f", "recommendations": ["TRLGQLW128EF3453BA", "TRINTFS12903CF7876", "TRDXLKN12903CE824C", "TRFOKTF128F1477266", "TRBROFZ128E07917F6", "TRAGOTA128F92F92C2", "TRXXXOO128F92F51FB", "TRAMXGR128E07822CC", "TRTRPCL128F9310BA8", "TRFRJAY128F1465267", "TRQZPIE128F1455E47", "TRHZJBP128F92C3BC0", "TRURAHF128F426A3C4", "TRSMIXL128F42A52E2", "TRDJQCZ128F423D135", "TRCQYJE128E078FA49", "TRHNXJT128F145A8B2", "TRTQBSZ128F425A745", "TRTQDGL128E0780C94", "TRJSZZG128F931B3DD", "TRAHVXE128F9339BAD", "TRYZYOZ128F426ADA5", "TRGMWUO128F42902B4", "TRTBBEW128F42813F6", "TRPVCMB128F4248B24", "TRXFWYF128F1491D07", "TRMMHKG12903CDB1B5", "TRQXRRH128F1477261", "TRTCMYC128EF340675", "TRGWMVP128F42B53DE", "TRGXWSQ128F9319F0F", "TRTPHVB128F426E044", "TRQPYHG128F4293089", "TRVIGDJ128F4262CD6", "TRNZIOV128F42ACE89", "TRBYSQD128F424D87E", "TRKQQLC128F93032DA", "TRACZWR128F92FFA26", "TRPZATX128F930A220", "TRBNZPP128F428E6F9", "TRJIBDX128F4299E1E", "TRMCSDZ128F424C5AA", "TRVHRIT128E0782986", "TRWJDTI128F424EAD6", "TRQLZRI128F429337E", "TRSCWIA128E0785B05", "TRJGXED128F9305D7D", "TRPONOG128F4275608", "TRQBZSQ128F42782DC", "TRDVUST128F4280D13"], "metrics": {"P": 19, "TP": 1, "precision": 0.02, "recall": 0.05263157894736842, "f1": 0.028985507246376812, "average precision": 0.05263157894736842, "reciprocal rank": 0.3333333333333333}}