{"id": "4c6e2b39891084e55a670676aecc582a7ad5eee4", "recommendations": ["TRQQEOG128F92FA05A", "TREMPRJ128F423715E", "TRJSZZG128F931B3DD", "TRVYYDA128F93501B9", "TRVXCWD128F42606B3", "TRDOIUT128F92E494D", "TRIPESE128F92F1F13", "TRPXVMC128F42987CC", "TRJYEEB128E07993C2", "TRMQJPF128F14B0B95", "TRSJTDA128F92F9584", "TRRYLYK128F92F89F6", "TRYHWLD128F426BF7D", "TRKNFSA128F428192C", "TRDZTKM128F42629E7", "TRVRIBZ128F426BF71", "TRVXZJI128F92E9746", "TRQXKXL128F426E03E", "TRPMCDL128F147F5C0", "TRAKAMD128F146DA74", "TRFOKTF128F1477266", "TRBAQWQ12903CAFD15", "TRTBBEW128F42813F6", "TRJPQML12903CDFF83", "TRYNVBQ12903CE8306", "TRGMWUO128F42902B4", "TRGXJEJ12903CB2CFD", "TRYYVKZ128F93095B3", "TRTKWUO12903CE9E30", "TRLUQEN128F1455E51", "TRTOXZS128F425F19D", "TRENYZD12903CE75B6", "TRRKYRO128F93537F9", "TRQQKHR128F9335F72", "TRZIAXW128F423AEEA", "TRUBKJO128F421C971", "TROINBI12903CDB2D8", "TRZYWCD128F425C7FD", "TRDMVUZ128F1492745", "TROKPAZ128E078114A", "TRLBPMV128F92FAABB", "TRJQRAP128F9314B3F", "TROZCED12903CE1382", "TRWBDIT128F423714D", "TRKKRNJ12903D08282", "TRFDWUS128F427EEFE", "TRZUKSV128F4295F98", "TRRQYZN128F426D0AD", "TRYGCJM128E07813B3", "TRDRMOW12903CDB1AF"], "metrics": {"P": 28, "TP": 3, "precision": 0.06, "recall": 0.10714285714285714, "f1": 0.07692307692307691, "average precision": 0.21428571428571427, "reciprocal rank": 0.2}}