{"id": "50e8b82d39627c1aef0df5ad97b4a66a629c8edc", "recommendations": ["TRSGNMZ128F92F8FD0", "TREHOGG128F428DF46", "TRVXQSK128F148D3FF", "TRPFUKY128F9327C9D", "TRVAIVL128F93278E7", "TRFPCZI128E078EC13", "TROINBI12903CDB2D8", "TRICSWW128F428954C", "TRHIZWH128F4243B2A", "TRWAVGB128F42AF421", "TRLFTUY128F4294765", "TRZUCIS128F92F91B9", "TROCQRP128F1463538", "TRWWGYN128E078470F", "TRKBVZL128F42134BA", "TRJLMAI128F92EBB04", "TRBQIKR128F148BE55", "TRMVEUX128F423ECE9", "TRPKXET128F92ED656", "TRBDVDY128F4271F5C", "TRJVBYA128F93434FD", "TRYFSJE128EF3622F9", "TRIXKCB128F424EA32", "TRHQTRY128F4288366", "TRHFWED128F4289573", "TRRMRGL128EF344BF4", "TRDTYHN128E079504D", "TRNUNTK128F428E2D4", "TRTNUBT128F42A4C8C", "TRFLNKX128F9339775", "TRUATNS128F423457D", "TRSCDSH128F148BE9E", "TRLJVJC128F9302FC9", "TRDQJOA128E078FC70", "TRHBQST128E07930CB", "TRHVOJT128F92C4A3D", "TRZFEOG128E078ECBE", "TRSTLSG128E078370C", "TRRKISY128F428BC76", "TRFMOUZ128F4289576", "TRESMPW128F4281CC5", "TRDZBOU128F92E43E3", "TRJMHJZ128F4290063", "TRYIVTN128F4286515", "TRPCCDQ128F931EB27", "TRFGZSS12903CAC442", "TRIHLES128EF344BF3", "TREVUBW128F92F91B2", "TRCETGK12903CD83AA", "TRBWBYD128E078E2E6"], "metrics": {"P": 21, "TP": 3, "precision": 0.06, "recall": 0.14285714285714285, "f1": 0.08450704225352111, "average precision": 0.2857142857142857, "reciprocal rank": 0.1}}