{"id": "529b42cdbc379ad2e765aec6d3bad8a192038741", "recommendations": ["TRCRJHK128F423DBC9", "TRIHZJH128F4262F4A", "TRJLMAI128F92EBB04", "TRDWBCU128F426C536", "TRICRJU12903CC463E", "TREPUVB128F423ECEA", "TRJIPSX128F423ECE5", "TROYMTB128F4260720", "TRRQKRU128F42634C7", "TRLUXWO128F14618D6", "TRLIHKL128F92F5E79", "TRKGUFM128F429E58A", "TRBVVZX128F14618CD", "TRHQICJ128F427B6B5", "TRVZFVK128F42A4C3C", "TRIJIAU128E0789D41", "TRTQDER128F92DE72A", "TRHBQST128E07930CB", "TRTXSNK128F14989DB", "TRBQANA128F14AE2CF", "TRUATNS128F423457D", "TRWYZIF128F145F85F", "TRNARNI128F934B90A", "TRVXQSK128F148D3FF", "TRQJALO128F423ECE8", "TRIAOVI128F425A16D", "TRNTALF128EF343800", "TRGNIHW128E0789D37", "TRJKHDH128F147AEDC", "TRPJMKA128F4284E71", "TRTHGPK128F147DF90", "TRVENIG128F42762C5", "TRMVEUX128F423ECE9", "TRYOOQS12903CCDAD0", "TRKDRZT128F427930E", "TRQMGKF128F42B8200", "TRRMRGL128EF344BF4", "TRWRJHE128F424D865", "TRTNUBT128F42A4C8C", "TRFPCZI128E078EC13", "TRKBVZL128F42134BA", "TRWYUCK128F42A4C37", "TRFLNKX128F9339775", "TRCBRTN12903CC4BD1", "TRVULSX128F14824CD", "TRZDYGB128F9310C23", "TRLDYLL128F42555DD", "TRXGWZE128F429DB94", "TRQXTTC128F4264434", "TRJFFJI128F92E71E9"], "metrics": {"P": 28, "TP": 1, "precision": 0.02, "recall": 0.03571428571428571, "f1": 0.02564102564102564, "average precision": 0.03571428571428571, "reciprocal rank": 0.05263157894736842}}