{"id": "530d2b9883106d185d2ce0e2069b89a90a63c55f", "recommendations": ["TRVIGDJ128F4262CD6", "TRAMXGR128E07822CC", "TRQZPIE128F1455E47", "TRKQQLC128F93032DA", "TRUYCVH128F92C2B1E", "TRSMIXL128F42A52E2", "TRZUCIS128F92F91B9", "TRAGOTA128F92F92C2", "TRDJQCZ128F423D135", "TRTRPCL128F9310BA8", "TRAHVXE128F9339BAD", "TRLGQLW128EF3453BA", "TRLHHWD12903CDB311", "TRQPYHG128F4293089", "TRQLZRI128F429337E", "TRWVUUS128F931FF4B", "TRTPHVB128F426E044", "TRWNFMW128F1465AC3", "TRYQWHS128F4237626", "TRHHMYG128F42988C8", "TRBQWUB128F42597B1", "TRSGNMZ128F92F8FD0", "TRRGTXK128F92F991B", "TRINTFS12903CF7876", "TRQEMRN128F933B4B2", "TRAGPXZ12903C9E880", "TRHNXJT128F145A8B2", "TRAPJFL128F42AA7B4", "TRHZJBP128F92C3BC0", "TRXFWYF128F1491D07", "TRFHJOI128EF34BFAF", "TRJIBDX128F4299E1E", "TRYYOWT128F42B6558", "TRKKXKN128EF3445BE", "TRGOEVS128F42288A5", "TRMCSDZ128F424C5AA", "TRUXLWW128F14567C4", "TRPZATX128F930A220", "TRXEAZB128E078EDCE", "TROEVBD128F92DC10D", "TRCQYJE128E078FA49", "TRTCMKQ128E079654D", "TRYZYOZ128F426ADA5", "TRTQBSZ128F425A745", "TROKPAZ128E078114A", "TRWFFFY128F14B0EBE", "TRGWMVP128F42B53DE", "TRURAHF128F426A3C4", "TRJHSKL128F92E4EC7", "TRGGONE128F42B6FF9"], "metrics": {"P": 27, "TP": 3, "precision": 0.06, "recall": 0.1111111111111111, "f1": 0.07792207792207792, "average precision": 0.2222222222222222, "reciprocal rank": 0.14285714285714285}}