{"id": "5696bf760215a24ba6f381b8e466828131ddf13b", "recommendations": ["TRBRLNJ128F92F622E", "TRTXSNK128F14989DB", "TRJREQL128F92EF09A", "TROINBI12903CDB2D8", "TRLIYFS128F148855B", "TRZAQAZ128F149F9FF", "TRMAQWJ128F427EC70", "TRQAOXR12903C9AA36", "TRJLNNO128F149ACCE", "TRRQKRU128F42634C7", "TREXNVY128F92DE1E9", "TRDUALP128F42380B9", "TRWLRVY128E07993C0", "TRNRFYE128F42BC67E", "TRYHLWO128F42BC675", "TREROBL128C719697E", "TRQQBBL12903CFCDE4", "TRRHVIC128F92F9908", "TRGLIPW128F92DE72B", "TRTQDER128F92DE72A", "TRTCMYC128EF340675", "TRENDEU128F93112E1", "TREJKCZ128C7196DAD", "TREJGVP128EF3436BE", "TRENYZD12903CE75B6", "TRFRBUP128F4294A15", "TRSFSBE128F1459AF1", "TRBOCQJ128F425DEF4", "TRDZTKM128F42629E7", "TRIAOVI128F425A16D", "TRUMDRI128F424FEFC", "TRFHPPK128F934C17A", "TRFLNKX128F9339775", "TROKNDM128F148C4C4", "TRVESUC128F1477267", "TRCXCZE128F4298758", "TRRAAFE128E0785C5D", "TRYITZY128F429305C", "TRKWXAG128EF340672", "TRDVUST128F4280D13", "TRUTULC128F4293712", "TRRJQES128EF35675B", "TRFOVOY12903CD43E2", "TRJIPSX128F423ECE5", "TRSSAAP128F14979B6", "TRADXNP128F92CA873", "TROMXUF128EF35EE85", "TRVGDMZ128F428D313", "TRPXVMC128F42987CC", "TRYQSJG128E078EC88"], "metrics": {"P": 29, "TP": 1, "precision": 0.02, "recall": 0.034482758620689655, "f1": 0.02531645569620253, "average precision": 0.034482758620689655, "reciprocal rank": 0.03225806451612903}}