{"id": "57e32b0cf88d1e3344dab420971ba46d08dd34bd", "recommendations": ["TROIXIC128F427B6F6", "TRODMLN128F4221247", "TRZDYGB128F9310C23", "TRIHZJH128F4262F4A", "TRZUUKG128F145F98A", "TRDQAWQ128F93379DF", "TRQRACN12903C9CE1D", "TRMFCNV128F92E8B76", "TROOXQV128F932B6EF", "TRLSLJP128F145F988", "TRBNNIL128E079268E", "TRLNBPN128F92F6FCC", "TRLVTYG128F145F98C", "TRJIIBZ128F148D69A", "TRDYUQO128F4275193", "TRTAQVQ128F427B9A5", "TRNIIFM128E078E1CD", "TRVPUZF128F4280C21", "TRWJDTI128F424EAD6", "TRDVUST128F4280D13", "TROKQVH128F148D1C3", "TRXKDUR128F4265A59", "TRBUAFL128F14B12C4", "TRVCFUI128F92E1D42", "TRSAEFL128E078B035", "TRFDGFW128F4286BFF", "TRXXXOO128F92F51FB", "TRYCNEZ128F427B8D4", "TRNWRAW12903CACB8D", "TRGUJRG128E079290A", "TRRIYRR128F427E090", "TRDFVAD128F426B366", "TRQVORC128E07913D5", "TRZVXWG128F9366EAC", "TRLLSRB128F14520BA", "TRRXLGC128F92F9A37", "TRJCSLS128F1470ACF", "TRRBIDE128F92DC547", "TRJLMSU128F932BB3A", "TRVAGQR128E0792479", "TRKEICN12903CE499C", "TRVDHXR128E0782B63", "TRAVVMB128F148D1C1", "TRUOTMN128F4293F0F", "TRFBHLO128F92DE722", "TRIVSTV12903CAE6BE", "TRAEGEA128F1486047", "TRMXLMR128F425B9B1", "TRYIVTN128F4286515", "TRRQDKP128F4262F4B"], "metrics": {"P": 24, "TP": 11, "precision": 0.22, "recall": 0.4583333333333333, "f1": 0.29729729729729726, "average precision": 2.75, "reciprocal rank": 0.2}}