{"id": "5a905f000fc1ff3df7ca807d57edb608863db05d", "recommendations": ["TRNBANL128F423ECE6", "TREPUVB128F423ECEA", "TROLLDV128F4266643", "TRGMWUO128F42902B4", "TRLUQEN128F1455E51", "TRVIVYJ128F4261B0A", "TRHDEWE128F92FDBBA", "TRFWGOJ128E0780C8B", "TRGSPUQ128E0780DA5", "TRIANNP128F4229392", "TRICSWW128F428954C", "TRKLLTX128F425FD66", "TRYOOQS12903CCDAD0", "TRRQKRU128F42634C7", "TRQXKXL128F426E03E", "TRENTGL128E0780C8E", "TRDRSKI128F9313031", "TRGUOYN128F428E3F1", "TRJQRAP128F9314B3F", "TRWKQXH128F92D264E", "TRXENFI128E078BDFD", "TRPLZBW128F14A561E", "TRUMDHO128F148724C", "TRLLLQK128F4294A18", "TRLATHU128F92FC275", "TRGNOFL128EF34E4D5", "TRIDPWO128F423DBC6", "TRTBICJ128F4293C13", "TRGXWSQ128F9319F0F", "TRJQAEN128F92E0589", "TRIJOVX128F931B47F", "TRGLEPF128F93379E9", "TRCRJHK128F423DBC9", "TRDJQCZ128F423D135", "TRKWXAG128EF340672", "TRJDUIU12903CE9200", "TRFOKTF128F1477266", "TRFEZLR128F92C5A85", "TRSCNGW12903CE91EB", "TRMKFPN128F42858C3", "TRCUEAD128F92FFC39", "TRUSIMU128EF3436C8", "TRTQBSZ128F425A745", "TRHFWED128F4289573", "TRLIYFS128F148855B", "TRUMDRI128F424FEFC", "TRTNBSL128F931C0D5", "TRJREQL128F92EF09A", "TRILXCN128F92F41C6", "TRJIPSX128F423ECE5"], "metrics": {"P": 98, "TP": 10, "precision": 0.2, "recall": 0.10204081632653061, "f1": 0.13513513513513514, "average precision": 0.5612244897959183, "reciprocal rank": 0.25}}