{"id": "5d5e0142e54c3bb7b69f548c2ee55066c90700eb", "recommendations": ["TRUATNS128F423457D", "TROSNGZ128F42705AB", "TRTOSOP128F14AE2D0", "TRCDAIU128F92C77DF", "TRSLFZF128F426C8FD", "TRXZIMW128F92DE236", "TRFPCZI128E078EC13", "TRYZYOZ128F426ADA5", "TRAHVXE128F9339BAD", "TRHNXJT128F145A8B2", "TRNUNTK128F428E2D4", "TRXTDLX12903CCE2B3", "TRDQAWQ128F93379DF", "TRQXTTC128F4264434", "TRJAZEO128E078868F", "TRYKAYH128F423BED8", "TRQPYHG128F4293089", "TRDFNWO128F92DFBA5", "TRWPEMR128F14520BC", "TRWXGMQ128F92E8B59", "TRDJQCZ128F423D135", "TRNIACV128F9301DC2", "TRSGEAR128F92DD6DB", "TRGVWJC128F93296F7", "TRTMQXU128F14895BA", "TRLUXWO128F14618D6", "TRTQLIW128F14676B0", "TRQLZQH128E0792691", "TRVCFUI128F92E1D42", "TRULNMQ128F92E1FDA", "TRYIOWV128F92DE2D1", "TRFDCPI128F93234B7", "TRDVUST128F4280D13", "TRYFHYV128F9351A6C", "TRACZWR128F92FFA26", "TRHZJBP128F92C3BC0", "TRVULSX128F14824CD", "TRXGJPO128F92D4706", "TRWVUUS128F931FF4B", "TRGMNJO128F14B1381", "TRUUKWB128E0792985", "TREJOUZ128F4278FCE", "TRKUUZM128F14782F0", "TRDYYDZ128F93353F7", "TRBOXNP128F92E713A", "TRCDINK128F14A424E", "TRWGYLJ128F92CC96A", "TRUAFFD128F4277048", "TRWNGMD128F4292425", "TRHBGXU128F9310DB3"], "metrics": {"P": 17, "TP": 3, "precision": 0.06, "recall": 0.17647058823529413, "f1": 0.08955223880597014, "average precision": 0.3529411764705882, "reciprocal rank": 0.3333333333333333}}