{"id": "6beb4699102775dab57aa406c5ea1217c4ff4869", "recommendations": ["TRGNOFL128EF34E4D5", "TRQIMLL128F42A04F4", "TRDVUST128F4280D13", "TRJMHJZ128F4290063", "TRVUBFM128E0792688", "TRQLZRI128F429337E", "TRPFFIA128F92E8B63", "TRILXCN128F92F41C6", "TRTQBSZ128F425A745", "TRCBOQX128F14676AA", "TRGOEVS128F42288A5", "TRQLRYB128E079506A", "TROOXQV128F932B6EF", "TRWVUUS128F931FF4B", "TRERTZY128F1487259", "TRLXSNR128F429361D", "TRSGNMZ128F92F8FD0", "TRJOWFP128F92C3F7E", "TRNIIFM128E078E1CD", "TRBNNIL128E079268E", "TRMQEYI128F1485B6A", "TRVAGQR128E0792479", "TRIWQAQ128F92D261D", "TRDJQCZ128F423D135", "TRBLXFZ128F42AA792", "TRXTDLX12903CCE2B3", "TRTAQVQ128F427B9A5", "TRZUCIS128F92F91B9", "TRPNZPG128F149BCE8", "TRSMIXL128F42A52E2", "TRAGOTA128F92F92C2", "TRMCMYP128F145BC3D", "TRWQWEU128F14789F0", "TRTFTZF128F429C835", "TRTQLIW128F14676B0", "TRKVHLV12903D051C2", "TRPWPVI128F92EB7B9", "TRSCWIA128E0785B05", "TRQVSRM128F4247F61", "TRFDGFW128F4286BFF", "TRGGONE128F42B6FF9", "TRZLCXX128F92CC96D", "TRBYSQD128F424D87E", "TRVCFUI128F92E1D42", "TRHBGXU128F9310DB3", "TRZJNDO128EF343498", "TRRXLGC128F92F9A37", "TRKABMK128F426BF72", "TRBROFZ128E07917F6", "TRIZIPB128F4278389"], "metrics": {"P": 25, "TP": 5, "precision": 0.1, "recall": 0.2, "f1": 0.13333333333333333, "average precision": 0.6000000000000001, "reciprocal rank": 1.0}}