{"id": "732f88be38fae217f8ab7e24c20dd072436e3e40", "recommendations": ["TROIQMT128E0792994", "TRXGWZE128F429DB94", "TRVCFUI128F92E1D42", "TREJKCZ128C7196DAD", "TRWXJOD128F92E58BD", "TRAACIE128F428495B", "TRIKVNZ128F422CFE0", "TRQXTTC128F4264434", "TRDWBCU128F426C536", "TRYXYZU128E0792987", "TRBRLNJ128F92F622E", "TRHDTUG128F92E8058", "TRDVUST128F4280D13", "TRFZIKD128F1465640", "TRXGWMG128E0792991", "TRLXSNR128F429361D", "TRYLITA128F429BC02", "TRJCSLS128F1470ACF", "TRVQXJW128F93432EB", "TRMOWOJ128E07818C8", "TRUTULC128F4293712", "TRSASLP128F935A666", "TRWNFMW128F1465AC3", "TRSHYNG128F423BED3", "TRTUVRE128F422BC73", "TRQQBBL12903CFCDE4", "TRFRJAY128F1465267", "TRTXSNK128F14989DB", "TRULNMQ128F92E1FDA", "TRRQKRU128F42634C7", "TRYZYOZ128F426ADA5", "TRWWOLZ128F427D87D", "TRSEZDY128F1455E48", "TRLDYLL128F42555DD", "TRVGDMZ128F428D313", "TRASNPB128F92F9A0B", "TRWARXP128F42B44AE", "TRJFETP128E078FEA7", "TRYHLWO128F42BC675", "TRIAHBB128F930136B", "TRHIUQE128F427E268", "TRJYEEB128E07993C2", "TRNDWLI128EF340671", "TRGXKFG128F934C184", "TRARLCN128F92D7218", "TRKQQLC128F93032DA", "TRPNASU128E078B702", "TRLIHKL128F92F5E79", "TRURAHF128F426A3C4", "TROXSKI128EF34C057"], "metrics": {"P": 56, "TP": 1, "precision": 0.02, "recall": 0.017857142857142856, "f1": 0.01886792452830189, "average precision": 0.017857142857142856, "reciprocal rank": 0.02127659574468085}}