{"id": "77448d704c1b9acc37037d400302ce7f8a9496c7", "recommendations": ["TRZSDCG128F4247F5B", "TRNYITZ128F92EA216", "TRIGIPE128E078EC89", "TRVQXJW128F93432EB", "TRSCNGW12903CE91EB", "TRETCRP128E0789083", "TRGOEVS128F42288A5", "TRREVPO128E078F5B1", "TRAMXGR128E07822CC", "TRNDBSR128E0792511", "TRPFFIA128F92E8B63", "TRKBVZL128F42134BA", "TRJREQL128F92EF09A", "TRTKDFL128F428D3C5", "TRKLLTX128F425FD66", "TRJCSLS128F1470ACF", "TRDVUST128F4280D13", "TRNRJUN128F42AE2BC", "TRHTQDK128F4294A1C", "TRBYDXB128F425A68E", "TRQAFCZ128F42A52C8", "TRCOOYB128E078ED95", "TRSEBCD128F4289D57", "TRKQQLC128F93032DA", "TRWZPOU128F4272605", "TRIJOVX128F931B47F", "TRLDYLL128F42555DD", "TRHMSOG128F145A184", "TRACZWR128F92FFA26", "TRAGOTA128F92F92C2", "TRVXQSK128F148D3FF", "TRVGNYX128F93173C3", "TRLZFMO128F4281C89", "TRKEIZP12903D05324", "TRSBDSN128F92F91BE", "TRSUIQR128F427E25E", "TRMVHHY128F935046D", "TRFLVUY12903CF5438", "TRXZQTU128F14B0AA3", "TRWVUUS128F931FF4B", "TRZUCIS128F92F91B9", "TRADXNP128F92CA873", "TRWPEMR128F14520BC", "TRZQXRH128F145C1EF", "TRFNDHN128F426BE40", "TRSGEAR128F92DD6DB", "TRRGTXK128F92F991B", "TRZJNDO128EF343498", "TRGSPUQ128E0780DA5", "TRYHLWO128F42BC675"], "metrics": {"P": 40, "TP": 1, "precision": 0.02, "recall": 0.025, "f1": 0.022222222222222223, "average precision": 0.025, "reciprocal rank": 0.02564102564102564}}