{"id": "77cac5c3389010b64d01b30f725c24de4a5bb626", "recommendations": ["TRWMVFA128F428C6CE", "TRFZIKD128F1465640", "TRWKIEA128F9331D66", "TRMFVSX128F4243851", "TRLSSVN128F428B708", "TRLCCOR128F932F47E", "TRNYITZ128F92EA216", "TRKEKRC128F424383C", "TRGOEVS128F42288A5", "TRAMXGR128E07822CC", "TRNJIGS128F42A036F", "TRIVKIC128F4243847", "TRRSWEO128F429312A", "TRBHGYV128F14617D9", "TRGMWUO128F42902B4", "TRKQQLC128F93032DA", "TRXGJPO128F92D4706", "TRACZWR128F92FFA26", "TRBOXNP128F92E713A", "TRSGEAR128F92DD6DB", "TRWVUUS128F931FF4B", "TRLUAWR128F4230F26", "TRXVPML12903CFA062", "TRFNDHN128F426BE40", "TRTSLBN12903CDB1BE", "TRRGTXK128F92F991B", "TRMKIJI128F930F0AD", "TRJSZZG128F931B3DD", "TRZJFPI128F932B9F9", "TRWBDIT128F423714D", "TROLLDV128F4266643", "TRPONOG128F4275608", "TRYIOWV128F92DE2D1", "TRNWAPE128F934BC37", "TRIKVNZ128F422CFE0", "TRFFHKA128F42213A4", "TRLGQLW128EF3453BA", "TRYLFRX128F427D28B", "TRXFWYF128F1491D07", "TRWFFFY128F14B0EBE", "TRQLZQH128E0792691", "TRIMHIU128E079181F", "TRTQBSZ128F425A745", "TRSCWIA128E0785B05", "TRIMFGK128F42BAC92", "TRYLITA128F429BC02", "TRTMSPH128F92DF139", "TRBIFGK128F92F23A2", "TRJHSKL128F92E4EC7", "TRTQDGL128E0780C94"], "metrics": {"P": 12, "TP": 4, "precision": 0.08, "recall": 0.3333333333333333, "f1": 0.12903225806451613, "average precision": 0.8333333333333333, "reciprocal rank": 0.5}}