{"id": "818d363c191b02180f51d8569eb65ee8f2bdf888", "recommendations": ["TRVUBFM128E0792688", "TRBNNIL128E079268E", "TRFDGFW128F4286BFF", "TRJREQL128F92EF09A", "TRBRLNJ128F92F622E", "TRIAOVI128F425A16D", "TRNWRAW12903CACB8D", "TRBOCQJ128F425DEF4", "TRRQKRU128F42634C7", "TRDFVAD128F426B366", "TRJIPSX128F423ECE5", "TRTGBTJ128E0793EB2", "TRRJQES128EF35675B", "TRAGOTA128F92F92C2", "TRKEICN12903CE499C", "TRKRUFV12903CB7907", "TRWJDTI128F424EAD6", "TRVJGDX128F42645CA", "TRNIIFM128E078E1CD", "TRCMZXE128F92E232A", "TRQQBBL12903CFCDE4", "TRAEGEA128F1486047", "TRWKJGH128F425BEF8", "TRKWXAG128EF340672", "TRPLZBW128F14A561E", "TREJKCZ128C7196DAD", "TRJYNEJ128F427EE2A", "TRVAGQR128E0792479", "TRZVXWG128F9366EAC", "TRJCSLS128F1470ACF", "TRQVORC128E07913D5", "TRXKDUR128F4265A59", "TRDYUQO128F4275193", "TRTXSNK128F14989DB", "TRCRJHK128F423DBC9", "TRYZYOZ128F426ADA5", "TRXTDLX12903CCE2B3", "TRUYIOW12903CD6F99", "TRHQKZL128E0781A2C", "TROMXUF128EF35EE85", "TRTIGWA128E0785A84", "TRBVSQT128F427A82F", "TROSNGZ128F42705AB", "TRQJALO128F423ECE8", "TRVBDKL12903D0DE8E", "TRMMHKG12903CDB1B5", "TRVYNEC128F92DCCDD", "TRQPYHG128F4293089", "TRCXCZE128F4298758", "TRASNPB128F92F9A0B"], "metrics": {"P": 37, "TP": 1, "precision": 0.02, "recall": 0.02702702702702703, "f1": 0.022988505747126433, "average precision": 0.02702702702702703, "reciprocal rank": 1.0}}