{"id": "85952991b8e3ca5803a08b0b2f9c6d71abf9bb5b", "recommendations": ["TRSLFZF128F426C8FD", "TRBDVDY128F4271F5C", "TRJDKLG128E0792558", "TRRHHJQ128F42A5707", "TRYYMYX12903CA7DFA", "TRNLHWO128F92EAABF", "TRJAZEO128E078868F", "TRRISZC128F147128C", "TRGDEII128F4299E32", "TRIXKCB128F424EA32", "TROZGWG12903CE6C5B", "TRTMQXU128F14895BA", "TRQLZQH128E0792691", "TRTCMKQ128E079654D", "TRSLMMM128F930490F", "TRYIOWV128F92DE2D1", "TRHEIAI128F92C2E28", "TRPKXET128F92ED656", "TRDCPMV128F424350F", "TRYFHYV128F9351A6C", "TRACZWR128F92FFA26", "TRAVROL128F4295413", "TRQGEFB12903CCDAA1", "TRXGJPO128F92D4706", "TRURTNZ128F9311AD3", "TRJZZTW128F426621D", "TRZNHDB128F92D5D83", "TROFZQO128F4299E21", "TRZUBVA128F1469484", "TRQAUIE128F14531EB", "TRDADBO128C7196C2E", "TRBOXNP128F92E713A", "TRBMLFZ128F1475785", "TRTVLCE128F92C4794", "TRHCNQW128F149626E", "TRQWOSG128F93048F2", "TRSPLHG128F4299E23", "TRQLRYB128E079506A", "TREHOGG128F428DF46", "TRFFHKA128F42213A4", "TRORPWW12903CCE48E", "TRMLFIC128F4228CFD", "TRWIFBN128F9308699", "TRMMHKG12903CDB1B5", "TRWNGMD128F4292425", "TRTJYFF128F9340CA9", "TRSGEAR128F92DD6DB", "TREMPRJ128F423715E", "TRDJEMZ128F93353FA", "TRNCEEI128E0799072"], "metrics": {"P": 47, "TP": 3, "precision": 0.06, "recall": 0.06382978723404255, "f1": 0.06185567010309278, "average precision": 0.1276595744680851, "reciprocal rank": 0.2}}