{"id": "85de112e63c6c3b4272ae71fa2ba2c5fd9e3032c", "recommendations": ["TRIHLES128EF344BF3", "TROVKCT128F932F7E5", "TRQVCXZ128F4298756", "TRJXBKU128E07842AA", "TRLDYLL128F42555DD", "TRVDHXR128E0782B63", "TRFWGOJ128E0780C8B", "TRFLVUY12903CF5438", "TRIRMQT128F4289D50", "TRKBBNZ128E07917B3", "TRYQWHS128F4237626", "TRBDVDY128F4271F5C", "TRYYOWT128F42B6558", "TRDVUST128F4280D13", "TRVYXUG128F933AD8F", "TRTXSNK128F14989DB", "TRAMXGR128E07822CC", "TRRQVGF128EF344BF6", "TRNDWLI128EF340671", "TRYKBSK128F429695B", "TRKQQLC128F93032DA", "TRHQICJ128F427B6B5", "TRRMRGL128EF344BF4", "TRMQEYI128F1485B6A", "TRMVEUX128F423ECE9", "TRJDKLG128E0792558", "TRERTYW128F934B2B0", "TRIMFGK128F42BAC92", "TRNDZQZ128E079307E", "TRJQRAP128F9314B3F", "TREJPXI128F92E58AD", "TRTPSRD12903CF78F1", "TRBBFSS12903D061AF", "TRWFWWS128F145B78F", "TRZAQAZ128F149F9FF", "TRBZHVK128F1460299", "TRVIGDJ128F4262CD6", "TRISCAT12903CFDBD0", "TRGKKXR128F148469E", "TRRGMPU128F42B8BF6", "TRVUGOX128E0784629", "TRPNASU128E078B702", "TRNTALF128EF343800", "TRZODJZ128E0792999", "TRGOEVS128F42288A5", "TRDWBCU128F426C536", "TRPJMKA128F4284E71", "TRFLNKX128F9339775", "TROEVBD128F92DC10D", "TRAAFYL128E07856A7"], "metrics": {"P": 39, "TP": 3, "precision": 0.06, "recall": 0.07692307692307693, "f1": 0.06741573033707866, "average precision": 0.15384615384615385, "reciprocal rank": 0.1}}