{"id": "884209a41deb55df792f074bccf8af1c1c31768b", "recommendations": ["TRCZFIV128F425DE1C", "TRNDWLI128EF340671", "TRDWBCU128F426C536", "TRDRSKI128F9313031", "TRLDYLL128F42555DD", "TRNTALF128EF343800", "TRHQICJ128F427B6B5", "TRVABTY128E07860FB", "TRTXSNK128F14989DB", "TRYOOQS12903CCDAD0", "TRXGWZE128F429DB94", "TRHFWED128F4289573", "TRUGJUA128F931117C", "TRYHLWO128F42BC675", "TRNARNI128F934B90A", "TRWWOLZ128F427D87D", "TRBBANX128F429EA35", "TRGLIPW128F92DE72B", "TRTGBTJ128E0793EB2", "TRIHLES128EF344BF3", "TRWTWZD128F9306865", "TRQPYWK128F4289D59", "TRIWRMP12903CCDAC0", "TRJCSLS128F1470ACF", "TRUKLEK128F145AD15", "TRSTLSG128E078370C", "TRBYDXB128F425A68E", "TRKCOAU128E07853F3", "TRQCTJY128F931117E", "TRQHIIR128F145A190", "TRFLVUY12903CF5438", "TRTBICJ128F4293C13", "TRADXNP128F92CA873", "TRFLNKX128F9339775", "TRIJTPP128F42375E5", "TRTQDER128F92DE72A", "TRYYFKC128E07984A5", "TRMVEUX128F423ECE9", "TRSWJHK128F429EA6F", "TRSHYNG128F423BED3", "TRRMRGL128EF344BF4", "TRZRKRE128F42905B1", "TRXNSHK128E078B710", "TRPVCMB128F4248B24", "TRFDGFW128F4286BFF", "TRPONOG128F4275608", "TRBVSQT128F427A82F", "TRRWGXO12903CA8481", "TRSHKBR128F4281C97", "TRGMWUO128F42902B4"], "metrics": {"P": 53, "TP": 4, "precision": 0.08, "recall": 0.07547169811320754, "f1": 0.07766990291262135, "average precision": 0.18867924528301888, "reciprocal rank": 0.1}}