{"id": "8ce5dde3941dfc039a6384de713cc287f645412a", "recommendations": ["TRLJVJC128F9302FC9", "TRGUOYN128F428E3F1", "TRZUJFC128F92F3AA9", "TRVUBFM128E0792688", "TRASQGR128F14557AA", "TRIGYDL12903D05328", "TRIDPWO128F423DBC6", "TRFWGOJ128E0780C8B", "TRBROFZ128E07917F6", "TRGNOFL128EF34E4D5", "TRPTWLU128E078584F", "TROOXQV128F932B6EF", "TRTAQVQ128F427B9A5", "TRTPHVB128F426E044", "TRNIIFM128E078E1CD", "TRBNNIL128E079268E", "TRYHWLD128F426BF7D", "TRVAGQR128E0792479", "TRXPSPE128EF33FB50", "TRSTLSG128E078370C", "TRPLZBW128F14A561E", "TRQVCXZ128F4298756", "TROVKCT128F932F7E5", "TRVYXUG128F933AD8F", "TRNBANL128F423ECE6", "TRLDYHH128F42482B4", "TRXTIPW128F424EAAA", "TRBTIFY12903CAB63C", "TRWWGYN128E078470F", "TRPFFIA128F92E8B63", "TRVGHCP128F1469A87", "TRSAVRV128E0784602", "TRTCMYC128EF340675", "TRWQWEU128F14789F0", "TRJZZTW128F426621D", "TRSMIXL128F42A52E2", "TRWKJGH128F425BEF8", "TRBNZPP128F428E6F9", "TRFDGFW128F4286BFF", "TRZLCXX128F92CC96D", "TRYZAMO128E079125F", "TRERTZY128F1487259", "TRISZQR12903CB263D", "TRIVMCG128F932105E", "TRGOEVS128F42288A5", "TRWIFBN128F9308699", "TRJKZTC128F14676A9", "TRRXLGC128F92F9A37", "TRUZRFT128F42BC682", "TRXGLTV128F423C069"], "metrics": {"P": 14, "TP": 1, "precision": 0.02, "recall": 0.07142857142857142, "f1": 0.03125, "average precision": 0.07142857142857142, "reciprocal rank": 0.125}}