{"id": "8dcb524ff75e0ad0f0a80aaccadf7bbaa3b89a41", "recommendations": ["TRINTFS12903CF7876", "TRQWOSG128F93048F2", "TRSPLHG128F4299E23", "TREUYJH128F429B903", "TRGOEVS128F42288A5", "TRXSWJL128F427EEFA", "TRAHVXE128F9339BAD", "TRQZPIE128F1455E47", "TRWVUUS128F931FF4B", "TRTRPCL128F9310BA8", "TRGDEII128F4299E32", "TRGSPUQ128E0780DA5", "TRVQXJW128F93432EB", "TRMCSDZ128F424C5AA", "TRKQQLC128F93032DA", "TRYZYOZ128F426ADA5", "TRJIBDX128F4299E1E", "TRSMIXL128F42A52E2", "TRBROFZ128E07917F6", "TRSLMMM128F930490F", "TRFRJAY128F1465267", "TRYHWLD128F426BF7D", "TRBYDXB128F425A68E", "TROKQVH128F148D1C3", "TRAMXGR128E07822CC", "TRRRIVO128F930867B", "TRTNBSL128F931C0D5", "TRSMTSC128E0788E08", "TRRQYZN128F426D0AD", "TRGWMVP128F42B53DE", "TRLCQJQ128F14A46BA", "TRLLLQK128F4294A18", "TRAMQXC128F14A2378", "TRVIGDJ128F4262CD6", "TRCQYJE128E078FA49", "TRRGTXK128F92F991B", "TRIDPWO128F423DBC6", "TRNUGUX128F425B7DB", "TRHHOOK128F42632FB", "TRQFMIO128F9310D4F", "TRHHMYG128F42988C8", "TRSCWIA128E0785B05", "TRPUBDM128F42B614D", "TRJSZZG128F931B3DD", "TRSNHEY128EF35E2B7", "TROEVBD128F92DC10D", "TRAGPXZ12903C9E880", "TRIZLKJ128F149564C", "TRQEMRN128F933B4B2", "TRBNZPP128F428E6F9"], "metrics": {"P": 53, "TP": 5, "precision": 0.1, "recall": 0.09433962264150944, "f1": 0.09708737864077671, "average precision": 0.28301886792452835, "reciprocal rank": 1.0}}