{"id": "8f0e25d95d6e30f0993b9f57fca6c431d78f5a2d", "recommendations": ["TRILXCN128F92F41C6", "TRJIIBZ128F148D69A", "TROOXQV128F932B6EF", "TRVAGQR128E0792479", "TRODMLN128F4221247", "TRASQGR128F14557AA", "TRKHARN128F146DA7A", "TRFWGOJ128E0780C8B", "TRNDTAS128F148D716", "TRDQJOA128E078FC70", "TRNIIFM128E078E1CD", "TRJCSLS128F1470ACF", "TRTAQVQ128F427B9A5", "TRUOJJS128F145C256", "TRWQWEU128F14789F0", "TRWXGMQ128F92E8B59", "TRTQLIW128F14676B0", "TRHVSIB128F1485EC2", "TRUECNT128F9309699", "TRQVCXZ128F4298756", "TROVKCT128F932F7E5", "TRVYXUG128F933AD8F", "TRPLZBW128F14A561E", "TRDQAWQ128F93379DF", "TRCOOYB128E078ED95", "TRBYSQD128F424D87E", "TRJQRAP128F9314B3F", "TRZVXWG128F9366EAC", "TRJDKLG128E0792558", "TRWGYLJ128F92CC96A", "TRONTHY128F4295577", "TRVULSX128F14824CD", "TRBDVDY128F4271F5C", "TRQXTTC128F4264434", "TRKBVZL128F42134BA", "TRUATNS128F423457D", "TRDFNWO128F92DFBA5", "TRVUBFM128E0792688", "TRFDGFW128F4286BFF", "TRTGBTJ128E0793EB2", "TRPKXET128F92ED656", "TREHOGG128F428DF46", "TRIVMCG128F932105E", "TROIXIC128F427B6F6", "TRLJZVN128EF3435F5", "TRLXSNR128F429361D", "TRJKZTC128F14676A9", "TRWJDTI128F424EAD6", "TRZLCXX128F92CC96D", "TRDYSLC128F428AB78"], "metrics": {"P": 12, "TP": 1, "precision": 0.02, "recall": 0.08333333333333333, "f1": 0.03225806451612903, "average precision": 0.08333333333333333, "reciprocal rank": 0.16666666666666666}}