{"id": "9012fdca7eee0b946329367498a578adb5271ed8", "recommendations": ["TRSPLHG128F4299E23", "TRXSWJL128F427EEFA", "TRTRPCL128F9310BA8", "TRAGOTA128F92F92C2", "TRGWMVP128F42B53DE", "TRGDEII128F4299E32", "TRQLRYB128E079506A", "TRQXRRH128F1477261", "TRYZYOZ128F426ADA5", "TRJIBDX128F4299E1E", "TRCQYJE128E078FA49", "TRSLMMM128F930490F", "TRQZPIE128F1455E47", "TRPNZPG128F149BCE8", "TRRRIVO128F930867B", "TRXEAZB128E078EDCE", "TRQEMRN128F933B4B2", "TRAHVXE128F9339BAD", "TRKKEWB128F423B1D3", "TRITNCR128F428907A", "TRUMXQQ128F932C290", "TRPZATX128F930A220", "TRURAHF128F426A3C4", "TRFRJAY128F1465267", "TROFZQO128F4299E21", "TRQLZRI128F429337E", "TRIRMLP128F423E2FD", "TRIANNP128F4229392", "TRSCWIA128E0785B05", "TRPWPVI128F92EB7B9", "TRHZJBP128F92C3BC0", "TRSGNMZ128F92F8FD0", "TRYRFSW128F930490B", "TRTQBSZ128F425A745", "TRNUGUX128F425B7DB", "TRBLXFZ128F42AA792", "TRDADBO128C7196C2E", "TRINTFS12903CF7876", "TRMVWMZ128F92F23AC", "TRVIGDJ128F4262CD6", "TRLHHWD12903CDB311", "TRKTRKM128F4280BB6", "TRVRCSS128E0791821", "TRHVZYA128E07848F1", "TRUWYFM128F423F000", "TRGMNJO128F14B1381", "TRWNFMW128F1465AC3", "TRBZIWR128F92E58B8", "TRDCPMV128F424350F", "TRSMIXL128F42A52E2"], "metrics": {"P": 24, "TP": 1, "precision": 0.02, "recall": 0.041666666666666664, "f1": 0.02702702702702703, "average precision": 0.041666666666666664, "reciprocal rank": 0.020833333333333332}}