{"id": "905e0bb88e1f84e1e59a597218ab626ceb9c9f3e", "recommendations": ["TRVDHXR128E0782B63", "TRJRECT12903CBADA3", "TREOURX128F145E2C8", "TRJCSLS128F1470ACF", "TRTUQFU128F42A1F1E", "TRDKCEC128EF3427CF", "TRXGWMG128E0792991", "TRUBXBZ128F146D63D", "TRPXVMC128F42987CC", "TRXJRSJ128F9330D11", "TRKSWET128F92EB20A", "TRCOOYB128E078ED95", "TRJPSWP128F426E232", "TRZDYGB128F9310C23", "TRXYLKX128F148988C", "TRLUXWO128F14618D6", "TRVULSX128F14824CD", "TRXXXOO128F92F51FB", "TRCPCFS128F427C459", "TRVYXUG128F933AD8F", "TRWBOHR128F9331033", "TRQVCXZ128F4298756", "TRFRBUP128F4294A15", "TRUHIHJ128F424F5BC", "TRYRZRK128F4228CD0", "TROVKCT128F932F7E5", "TREROBL128C719697E", "TRIGDCW128E078F0F4", "TRMOZVH128F148D323", "TRQWDNH128F93173BE", "TRMQRTH128F42592D3", "TRJBRHQ128F92F56B7", "TRCTEGN128F934B970", "TRZODJZ128E0792999", "TRZAQAZ128F149F9FF", "TRDDHZS128E07893AB", "TRIZIPB128F4278389", "TRKKRNJ12903D08282", "TRLEONG128E0788640", "TRBZVBW128F1470ACB", "TRCEVAI128E0791A76", "TRKHBQZ128F4272F89", "TRSJTDA128F92F9584", "TRTEPKY128F4260B04", "TRXNRKG128F425A4B8", "TRIUJRC128F14A5547", "TRUECNT128F9309699", "TRJVBYA128F93434FD", "TRIZLKJ128F149564C", "TRLFCIT128F429F792"], "metrics": {"P": 16, "TP": 2, "precision": 0.04, "recall": 0.125, "f1": 0.06060606060606061, "average precision": 0.1875, "reciprocal rank": 0.16666666666666666}}