{"id": "94d5bdc37683950e90c56c9b32721edb5d347600", "recommendations": ["TRDCPMV128F424350F", "TRDADBO128C7196C2E", "TRWNGMD128F4292425", "TRZUJFC128F92F3AA9", "TRRQKRU128F42634C7", "TRGNOFL128EF34E4D5", "TRIDPWO128F423DBC6", "TRNBANL128F423ECE6", "TRIAOVI128F425A16D", "TRGOEVS128F42288A5", "TRIGYDL12903D05328", "TRECQND128F9323DE3", "TRQLRYB128E079506A", "TRWVUUS128F931FF4B", "TRBOCQJ128F425DEF4", "TRJIPSX128F423ECE5", "TRPNZPG128F149BCE8", "TRPLZBW128F14A561E", "TRKNVRW128F9309A57", "TRDTMRW128F9325CB1", "TRAGPXZ12903C9E880", "TRGUOYN128F428E3F1", "TRBIFGK128F92F23A2", "TRHHZLB128F93293E4", "TRVYNEC128F92DCCDD", "TRBLXFZ128F42AA792", "TRRISZC128F147128C", "TRSLFZF128F426C8FD", "TRYHWLD128F426BF7D", "TRBHYJH12903CEA8AC", "TRSLMMM128F930490F", "TRBNZPP128F428E6F9", "TRENYZD12903CE75B6", "TRTNBSL128F931C0D5", "TRPJMKA128F4284E71", "TRZNHDB128F92D5D83", "TREXNVY128F92DE1E9", "TRGNIHW128E0789D37", "TRLDYHH128F42482B4", "TRPPQZW128F92C48BC", "TRVIVYJ128F4261B0A", "TRESMVD128F9310D57", "TRHCNQW128F149626E", "TRCDINK128F14A424E", "TRFDWTF128F42739A0", "TRYRFSW128F930490B", "TRLLLQK128F4294A18", "TRAMXGR128E07822CC", "TRKWXAG128EF340672", "TRQIMLL128F42A04F4"], "metrics": {"P": 34, "TP": 2, "precision": 0.04, "recall": 0.058823529411764705, "f1": 0.04761904761904763, "average precision": 0.08823529411764705, "reciprocal rank": 0.023255813953488372}}