{"id": "95942345306393998eb3a051ae5fa3c4d5afbaa4", "recommendations": ["TRQLRYB128E079506A", "TRAGOTA128F92F92C2", "TRVXQSK128F148D3FF", "TRFBFJE12903CB5057", "TRPNZPG128F149BCE8", "TROYMTB128F4260720", "TRLUXWO128F14618D6", "TRTWAHJ12903CB5065", "TRVGHCP128F1469A87", "TRKGUFM128F429E58A", "TRFUAJM12903CB5042", "TRCXFCK128F931EAF9", "TRUECNT128F9309699", "TRFOKTF128F1477266", "TRDJQCZ128F423D135", "TRRQKRU128F42634C7", "TRQAFCZ128F42A52C8", "TRQXRRH128F1477261", "TRSCNGW12903CE91EB", "TRYRFSW128F930490B", "TRUATNS128F423457D", "TRQWJKU128F14618D1", "TRSLMMM128F930490F", "TRBIVUY128F148724E", "TREJAXB128F42BC34A", "TRHMSOG128F145A184", "TRYZYOZ128F426ADA5", "TRIAOVI128F425A16D", "TRTONWC128F92DC338", "TRLJVJC128F9302FC9", "TRWYUCK128F42A4C37", "TRQLZRI128F429337E", "TRGUOYN128F428E3F1", "TRPXVMC128F42987CC", "TRSGNMZ128F92F8FD0", "TRFPCZI128E078EC13", "TRGNIHW128E0789D37", "TRKBVZL128F42134BA", "TREXNVY128F92DE1E9", "TRBLXFZ128F42AA792", "TRJLVOB128F931EB19", "TRZUJFC128F92F3AA9", "TRCIPFM128F425C8D3", "TRIGTIQ128F14979A3", "TRWXMRO128F424DBF7", "TRHQKZL128E0781A2C", "TRAHVXE128F9339BAD", "TRJYNEJ128F427EE2A", "TRKDRZT128F427930E", "TROBYTB128F422975C"], "metrics": {"P": 36, "TP": 7, "precision": 0.14, "recall": 0.19444444444444445, "f1": 0.16279069767441862, "average precision": 0.7777777777777778, "reciprocal rank": 0.25}}