{"id": "95b2ebf54cd69d732fa433ee8994be5818793efb", "recommendations": ["TRTOXZS128F425F19D", "TRVGHCP128F1469A87", "TRSRHBC128F425F1A8", "TRJVBYA128F93434FD", "TRFPCZI128E078EC13", "TRIGWNQ128F92EB1C7", "TRXXXOO128F92F51FB", "TROYMTB128F4260720", "TRJCSLS128F1470ACF", "TRSTLSG128E078370C", "TRBEVJI12903CCDABA", "TRHBQST128E07930CB", "TRUATNS128F423457D", "TRVULSX128F14824CD", "TRWYUCK128F42A4C37", "TRBZVBW128F1470ACB", "TRLDJDG128F425F36C", "TRVXQSK128F148D3FF", "TRFBFJE12903CB5057", "TRLFTUY128F4294765", "TRXNRKG128F425A4B8", "TREHOGG128F428DF46", "TRRIYRR128F427E090", "TRAKAMD128F146DA74", "TRCIPFM128F425C8D3", "TRKBVZL128F42134BA", "TRREVPO128E078F5B1", "TRLSLJP128F145F988", "TRRKISY128F428BC76", "TRLUXWO128F14618D6", "TRIVMCG128F932105E", "TRGUJRG128E079290A", "TRTNUBT128F42A4C8C", "TRLJVJC128F9302FC9", "TRNUNTK128F428E2D4", "TRPGYLT128F428AD02", "TRJDKLG128E0792558", "TRKLEXC128F92F4B86", "TRWXMRO128F424DBF7", "TRVDHXR128E0782B63", "TRQNRBY128F145C0A7", "TRWMZOQ12903CC16CB", "TRFDWTF128F42739A0", "TRFDGFW128F4286BFF", "TRZDYGB128F9310C23", "TRZFEOG128E078ECBE", "TRDQAWQ128F93379DF", "TROLCQX128EF355497", "TRQWJKU128F14618D1", "TRTGBTJ128E0793EB2"], "metrics": {"P": 13, "TP": 3, "precision": 0.06, "recall": 0.23076923076923078, "f1": 0.09523809523809523, "average precision": 0.46153846153846156, "reciprocal rank": 1.0}}