{"id": "97e48f0f188e04dcdb0f8e20a29dacb881d80c9e", "recommendations": ["TRLUQEN128F1455E51", "TRDJQCZ128F423D135", "TRMAQWJ128F427EC70", "TRYVQUO128F145A173", "TRZFZEW128F933A950", "TROINBI12903CDB2D8", "TRDXLKN12903CE824C", "TRNBANL128F423ECE6", "TRIKVNZ128F422CFE0", "TRAGOTA128F92F92C2", "TRGWMVP128F42B53DE", "TRHZJBP128F92C3BC0", "TRAGPXZ12903C9E880", "TRPCCDQ128F931EB27", "TRQBZSQ128F42782DC", "TRCRJHK128F423DBC9", "TRHHMYG128F42988C8", "TRSUNLB128E078180C", "TRVBDKL12903D0DE8E", "TRJREQL128F92EF09A", "TRRQKRU128F42634C7", "TRFRJAY128F1465267", "TRQZPIE128F1455E47", "TRXENFI128E078BDFD", "TRKNFSA128F428192C", "TRQQBBL12903CFCDE4", "TRJIPSX128F423ECE5", "TRURAHF128F426A3C4", "TRCFOSH128E07938D5", "TRQXKXL128F426E03E", "TRKQQLC128F93032DA", "TRQLZRI128F429337E", "TRTUVRE128F422BC73", "TRCQYJE128E078FA49", "TRAHVXE128F9339BAD", "TRZJFPI128F932B9F9", "TRBROFZ128E07917F6", "TRPLZBW128F14A561E", "TRGMWUO128F42902B4", "TRHMSOG128F145A184", "TRSCNGW12903CE91EB", "TRGUOYN128F428E3F1", "TRSJIJK128E07823A3", "TRYZYOZ128F426ADA5", "TRIAOVI128F425A16D", "TRIGIPE128E078EC89", "TRTGEVK12903CFDBB9", "TRSFSBE128F1459AF1", "TRDVUST128F4280D13", "TRLSSVN128F428B708"], "metrics": {"P": 41, "TP": 5, "precision": 0.1, "recall": 0.12195121951219512, "f1": 0.10989010989010989, "average precision": 0.36585365853658536, "reciprocal rank": 0.5}}