{"id": "98f6ec3ec16c5bcb3f37a6dc01ebb1110fb42f97", "recommendations": ["TRYHWLD128F426BF7D", "TRDMVUZ128F1492745", "TRGUOYN128F428E3F1", "TRILXCN128F92F41C6", "TRIAOVI128F425A16D", "TRGNIHW128E0789D37", "TRKJBCZ128F9319F5F", "TRHKHZK128F92FE2BE", "TRMIKES128F92FFBF4", "TRBROFZ128E07917F6", "TRNBANL128F423ECE6", "TRHBPMP128F1488D35", "TRXPSPE128EF33FB50", "TRCFOSH128E07938D5", "TRQXKXL128F426E03E", "TRLUQEN128F1455E51", "TRWAJII128F4294A1E", "TRVBDKL12903D0DE8E", "TRZLLBF12903CE711F", "TRFFZQK128F92EAD03", "TRZWHXG128F4296B91", "TRQHEPS128F42933EF", "TRERTZY128F1487259", "TRGSPUQ128E0780DA5", "TRRUYSE128F423EF8B", "TRUKLEK128F145AD15", "TRVYNEC128F92DCCDD", "TRZUJFC128F92F3AA9", "TRUOJJS128F145C256", "TRHQKZL128E0781A2C", "TREPUVB128F423ECEA", "TRRQKRU128F42634C7", "TRYZAMO128E079125F", "TRXWMDN12903CA5BBE", "TREJAXB128F42BC34A", "TRCAJUC128F429BBF8", "TRJIPSX128F423ECE5", "TROFPUA128F147EF05", "TRIGYDL12903D05328", "TRRJENT128E07819D8", "TRSNHEY128EF35E2B7", "TRGNBVA12903CA735B", "TRXSSXM128F932DE11", "TRPLZBW128F14A561E", "TRGNOFL128EF34E4D5", "TRWIFBN128F9308699", "TRZIAXW128F423AEEA", "TRDAEMU128F92C5A76", "TRZUAKW12903CB6D3B", "TRHTQDK128F4294A1C"], "metrics": {"P": 37, "TP": 2, "precision": 0.04, "recall": 0.05405405405405406, "f1": 0.045977011494252866, "average precision": 0.08108108108108109, "reciprocal rank": 0.045454545454545456}}