{"id": "9b887e10a4711486085c4fae2d2599fc0d2c484d", "recommendations": ["TRNBANL128F423ECE6", "TRSHYNG128F423BED3", "TRWKQXH128F92D264E", "TRWAVGB128F42AF421", "TRVAIVL128F93278E7", "TRHEIAI128F92C2E28", "TRUSIMU128EF3436C8", "TRHFWED128F4289573", "TRGSPUQ128E0780DA5", "TRKGTGW128F9300EA3", "TRNHZQB128F428E8A3", "TRAPHUO12903CC2719", "TRZARMV128F428E8A7", "TRUOJJS128F145C256", "TRJZZTW128F426621D", "TRIJPPY128E078F7CC", "TRDCQIN128F42B84F8", "TRHQKZL128E0781A2C", "TRPKXET128F92ED656", "TRHIZWH128F4243B2A", "TREHOGG128F428DF46", "TRQJALO128F423ECE8", "TRVGHNF128F42B83FB", "TRGNOFL128EF34E4D5", "TRUOCWY128F427B6F5", "TRBQIKR128F148BE55", "TRRKYRO128F93537F9", "TRBDVDY128F4271F5C", "TRBYDXB128F425A68E", "TRQFMIO128F9310D4F", "TRSASLP128F935A666", "TRLZFMO128F4281C89", "TRSAVRV128E0784602", "TRGAFMD128F148CDA3", "TRISILF128F92F029E", "TRICRJU12903CC463E", "TRAACIE128F428495B", "TRJLNNO128F149ACCE", "TRPFFIA128F92E8B63", "TRICSWW128F428954C", "TREELGP128F428748B", "TRACEHO128F1488CEA", "TRQGEFB12903CCDAA1", "TRDZBOU128F92E43E3", "TRWAJII128F4294A1E", "TRYHWLD128F426BF7D", "TROCQRP128F1463538", "TRIAOVI128F425A16D", "TRJMHJZ128F4290063", "TRTUUFH128F932EDD1"], "metrics": {"P": 51, "TP": 3, "precision": 0.06, "recall": 0.058823529411764705, "f1": 0.0594059405940594, "average precision": 0.11764705882352941, "reciprocal rank": 0.14285714285714285}}