{"id": "9fba771d9731561eba47216f6fbfc0023d88641b", "recommendations": ["TRGIGOM12903CE8965", "TRHPOIX12903CE895D", "TRBAKKG12903CE896B", "TRUTULC128F4293712", "TRNIZQO128C7196D13", "TRTYOCV128F4296173", "TRIZLKJ128F149564C", "TRJCSLS128F1470ACF", "TRJTJAO128F42ACE87", "TRDVUST128F4280D13", "TRVXQSK128F148D3FF", "TRYHLWO128F42BC675", "TRTCMKQ128E079654D", "TRPXVMC128F42987CC", "TRDXOZM128E0793855", "TROCQRP128F1463538", "TRIIPXR12903CDBF1A", "TRFLNKX128F9339775", "TRADXNP128F92CA873", "TRDQAWQ128F93379DF", "TRYOBEF128F42439B4", "TRCPCFS128F427C459", "TRPHPKY128F428D304", "TRDYMST12903CCD314", "TRRQKRU128F42634C7", "TRDWBCU128F426C536", "TRJDKLG128E0792558", "TRVEMSD128E078F351", "TRQXTTC128F4264434", "TRDQJOA128E078FC70", "TRTGBTJ128E0793EB2", "TRBGTPK128F429E5D5", "TRZAQAZ128F149F9FF", "TRCAJUC128F429BBF8", "TRQVCXZ128F4298756", "TRSWJHK128F429EA6F", "TRCIPFM128F425C8D3", "TRXGWZE128F429DB94", "TRZQLBK128F4279304", "TREHOGG128F428DF46", "TRPFKZM12903D11317", "TRVKCRJ128F9347F05", "TREIMYW128F93366A2", "TRVGDMZ128F428D313", "TRLXSNR128F429361D", "TRCWJKI128F429BBF2", "TRSTLSG128E078370C", "TRJYOVL12903CCD311", "TREROBL128C719697E", "TRTXSNK128F14989DB"], "metrics": {"P": 16, "TP": 1, "precision": 0.02, "recall": 0.0625, "f1": 0.030303030303030304, "average precision": 0.0625, "reciprocal rank": 0.058823529411764705}}