{"id": "a36834ff1c3910e685a9787e4d16aade6f4d3294", "recommendations": ["TRJIBDX128F4299E1E", "TRDJQCZ128F423D135", "TRHNXJT128F145A8B2", "TRQBZSQ128F42782DC", "TRCQYJE128E078FA49", "TRJCSLS128F1470ACF", "TRTRPCL128F9310BA8", "TRMFCNV128F92E8B76", "TRBZVBW128F1470ACB", "TRMQEYI128F1485B6A", "TRSJIJK128E07823A3", "TRNIIFM128E078E1CD", "TRQZPIE128F1455E47", "TRUWYFM128F423F000", "TRRHVIC128F92F9908", "TRKKSRH128F426473F", "TRJYPJY12903D12569", "TRYZYOZ128F426ADA5", "TRUMIHF12903CBE0A8", "TRZAQAZ128F149F9FF", "TRFWPIX128F423BEDA", "TRAHVXE128F9339BAD", "TRODMLN128F4221247", "TRVDHXR128E0782B63", "TROIYSD128F423EFFB", "TRLGQLW128EF3453BA", "TRKUSXZ128F4277AF3", "TRZVXWG128F9366EAC", "TRXGWMG128E0792991", "TRRPRXH128F423F02F", "TRMADOC128F9351D0C", "TRXFWYF128F1491D07", "TRWJDTI128F424EAD6", "TRBHYJH12903CEA8AC", "TRTHGPK128F147DF90", "TRKRJTO128F934259F", "TRLSLJP128F145F988", "TRMCSDZ128F424C5AA", "TRHZJBP128F92C3BC0", "TRPHPKY128F428D304", "TRDYMST12903CCD314", "TRFDGFW128F4286BFF", "TRAACIE128F428495B", "TRFDWTF128F42739A0", "TRCOOYB128E078ED95", "TRQXTTC128F4264434", "TRUHIHJ128F424F5BC", "TRZKJFH128E0793EAC", "TRVIGDJ128F4262CD6", "TRBNNIL128E079268E"], "metrics": {"P": 13, "TP": 1, "precision": 0.02, "recall": 0.07692307692307693, "f1": 0.03174603174603175, "average precision": 0.07692307692307693, "reciprocal rank": 0.02}}