{"id": "a520488fcf049bbb5cd847cfa4f884c740692780", "recommendations": ["TRILGUV128F428A4C5", "TRJDBTK128F428A4B3", "TRODUJY128F428A4A1", "TRPTWLU128E078584F", "TRDYSLC128F428AB78", "TRTGEVK12903CFDBB9", "TRNIIFM128E078E1CD", "TRMHHPP128E0785853", "TRRYVGX128F428A58E", "TRSCUBC128E0782224", "TRBNNIL128E079268E", "TROQAXL128F429F87F", "TRRPRXH128F423F02F", "TRPKRXW128F426257C", "TRPFBQH128F92E7CD5", "TRUJZGS128F428B0A5", "TRJCNOT128F92F992E", "TRVUTVN128F1488D37", "TRCQLYE128F428BEB9", "TROFBXV128F9326CD8", "TRKVEHF128E078221D", "TRWIVLD12903CA9D35", "TROINBI12903CDB2D8", "TRWKVRK128F9345DAC", "TRVQXJW128F93432EB", "TRIKCQI128F92DDC16", "TRBBANX128F429EA35", "TRVSVBH128F14789CD", "TRAEGEA128F1486047", "TRAAFYL128E07856A7", "TRFDWTF128F42739A0", "TRPUGEO12903CA9D27", "TRVUBFM128E0792688", "TRNVAFT128F428AFF4", "TRZVXWG128F9366EAC", "TRUZLOH128F146D76A", "TRKEICN12903CE499C", "TRTHNWV128F427C6C0", "TRTGBTJ128E0793EB2", "TRIZLKJ128F149564C", "TRTKBWS128F42664D1", "TRKXYWE128F4286516", "TRDRTVY128F93452BC", "TRASNUX128F425EAF2", "TRAVVMB128F148D1C1", "TRVWQEV128F932799A", "TRNIKXX128F4233FDB", "TRFCWVP12903CDBF19", "TRXCYYG128F145220B", "TRLCQJQ128F14A46BA"], "metrics": {"P": 20, "TP": 8, "precision": 0.16, "recall": 0.4, "f1": 0.22857142857142856, "average precision": 1.7999999999999998, "reciprocal rank": 1.0}}