{"id": "ac1cb58f839ae6773732125e99b4a7394e0661e4", "recommendations": ["TRAGPXZ12903C9E880", "TRTEOTK128F930F4B8", "TRKQQLC128F93032DA", "TRTGEVK12903CFDBB9", "TRDTMRW128F9325CB1", "TRILXCN128F92F41C6", "TRQXTTC128F4264434", "TRLUQEN128F1455E51", "TROEVBD128F92DC10D", "TRQIPME12903CFDBB6", "TRKLLTX128F425FD66", "TRFPCZI128E078EC13", "TRSJTDA128F92F9584", "TRQUVZA12903CF5F0D", "TRSCUBC128E0782224", "TRAPJFL128F42AA7B4", "TRBHQUM128F9309DE1", "TRZSDCG128F4247F5B", "TRRGTXK128F92F991B", "TRBXQAP128F9330E46", "TREHOGG128F428DF46", "TRWKVRK128F9345DAC", "TRUATNS128F423457D", "TRQVSRM128F4247F61", "TRAMXGR128E07822CC", "TRDMVUZ128F1492745", "TRSVVXJ128F9325CA9", "TRJCSLS128F1470ACF", "TRCRJHK128F423DBC9", "TRRXNSP128F93321FB", "TRAACIE128F428495B", "TRZKJFH128E0793EAC", "TRCQLYE128F428BEB9", "TRESMVD128F9310D57", "TRAJPIQ128F14819A8", "TRKHLLG128EF3437B3", "TRLXSNR128F429361D", "TRTHGPK128F147DF90", "TRWNFMW128F1465AC3", "TRXTIPW128F424EAAA", "TREPUVB128F423ECEA", "TROGDUH128F9330CB9", "TRPLZBW128F14A561E", "TREVRAJ128F42819AD", "TRMFCNV128F92E8B76", "TRVTVVJ128F92EF90F", "TRWVUUS128F931FF4B", "TRCIOVJ128F429EB51", "TRWMIAB12903CBB8AD", "TRDQJOA128E078FC70"], "metrics": {"P": 41, "TP": 1, "precision": 0.02, "recall": 0.024390243902439025, "f1": 0.021978021978021983, "average precision": 0.024390243902439025, "reciprocal rank": 0.058823529411764705}}