{"id": "adbd40c4f3fe78e7f49f491ea04859ea07de1ed1", "recommendations": ["TRPYOHO128F93145F8", "TRBYDXB128F425A68E", "TRZSDCG128F4247F5B", "TRQFMIO128F9310D4F", "TRLATHU128F92FC275", "TRYNVBQ12903CE8306", "TRPOMAV128F92CA91A", "TRQXTTC128F4264434", "TRBNZPP128F428E6F9", "TRSJTDA128F92F9584", "TRRHISM128F93145F9", "TRIZLKJ128F149564C", "TRULNMQ128F92E1FDA", "TRJCSLS128F1470ACF", "TRYGCJM128E07813B3", "TRICRJU12903CC463E", "TRDZTKM128F42629E7", "TRKLLTX128F425FD66", "TREROBL128C719697E", "TRWTWZD128F9306865", "TRHAJRY128F4272004", "TRVQXJW128F93432EB", "TRDMVUZ128F1492745", "TROFPUA128F147EF05", "TRWBOHR128F9331033", "TRPXVMC128F42987CC", "TRIAHBB128F930136B", "TRSHPHX12903CD43E0", "TRNEJRG128F425FD88", "TRIZIPB128F4278389", "TRIIWCM12903CFE30D", "TRFLNKX128F9339775", "TRZUKSV128F4295F98", "TRTOXZS128F425F19D", "TRUKLEK128F145AD15", "TRRQKRU128F42634C7", "TRZWHXG128F4296B91", "TRIQYYW128F4287A0D", "TRSHYNG128F423BED3", "TRDVUST128F4280D13", "TRQJALO128F423ECE8", "TRAACIE128F428495B", "TRUMDRI128F424FEFC", "TRUGPTB128F4248266", "TRFWGOJ128E0780C8B", "TRURFKD128F9331D5D", "TRDIXXS128F4281320", "TRLUQEN128F1455E51", "TRFOVOY12903CD43E2", "TRRJQES128EF35675B"], "metrics": {"P": 24, "TP": 4, "precision": 0.08, "recall": 0.16666666666666666, "f1": 0.10810810810810811, "average precision": 0.41666666666666663, "reciprocal rank": 1.0}}