{"id": "b12c786deef0e618b5f277bc337f67128f425efe", "recommendations": ["TRXFWYF128F1491D07", "TRYLITA128F429BC02", "TRBROFZ128E07917F6", "TRBNZPP128F428E6F9", "TRSMIXL128F42A52E2", "TRHNXJT128F145A8B2", "TRDTMRW128F9325CB1", "TROLLDV128F4266643", "TRDOIUT128F92E494D", "TROKPAZ128E078114A", "TRAMXGR128E07822CC", "TRTSLBN12903CDB1BE", "TRZSDCG128F4247F5B", "TRPXVMC128F42987CC", "TRFWGOJ128E0780C8B", "TRXWBQL128E07860FF", "TRENYZD12903CE75B6", "TROVKCT128F932F7E5", "TRRJENT128E07819D8", "TRIAHBB128F930136B", "TRLGQLW128EF3453BA", "TRYYOWT128F42B6558", "TRBXQAP128F9330E46", "TRTPHVB128F426E044", "TRBHGYV128F14617D9", "TRIKVNZ128F422CFE0", "TRQWDNH128F93173BE", "TRKOHVA128F426BF70", "TRPUFEY128F4250A32", "TRWFJOB128F4298317", "TREKYBL128F146DE24", "TRHBGXU128F9310DB3", "TRGMWUO128F42902B4", "TRIBVFM128F932E029", "TRGNHBI128E078B709", "TRZQLBK128F4279304", "TRNBANL128F423ECE6", "TRNKXEL128F42987C8", "TRDJQCZ128F423D135", "TRSCUBC128E0782224", "TRINTFS12903CF7876", "TRVYXUG128F933AD8F", "TRFDWUS128F427EEFE", "TRGNOFL128EF34E4D5", "TRZUAKW12903CB6D3B", "TRIIWCM12903CFE30D", "TRPLZBW128F14A561E", "TRFQMSW128F426205E", "TRWKVRK128F9345DAC", "TRICFEP128F92F11FA"], "metrics": {"P": 57, "TP": 3, "precision": 0.06, "recall": 0.05263157894736842, "f1": 0.05607476635514018, "average precision": 0.10526315789473684, "reciprocal rank": 0.07142857142857142}}