{"id": "b61afb42335287239bd40e1dea50d849cbf8a9a9", "recommendations": ["TRNFIJZ12903CBA009", "TRNBANL128F423ECE6", "TRXWBQL128E07860FF", "TRWAZFN128F423BB1D", "TRSUNLB128E078180C", "TRQAFCZ128F42A52C8", "TRYZAMO128E079125F", "TRTWTQH12903CEA899", "TROIYSD128F423EFFB", "TRYOOQS12903CCDAD0", "TRAKKFK128F14A895A", "TRHBPMP128F1488D35", "TRQUVZA12903CF5F0D", "TRJYNEJ128F427EE2A", "TRJIPSX128F423ECE5", "TRRSWEO128F429312A", "TRTNBSL128F931C0D5", "TRHMSOG128F145A184", "TRUDGJY128F93557B2", "TRPXUOS12903CC697A", "TRPONOG128F4275608", "TRUZLUT128F92ECBC3", "TRWXJOD128F92E58BD", "TRQXKXL128F426E03E", "TRITNCR128F428907A", "TRDWQHL128F147BD31", "TRTKWUO12903CE9E30", "TRSCNGW12903CE91EB", "TRIGIPE128E078EC89", "TRKDRZT128F427930E", "TRKGTGW128F9300EA3", "TRASNPB128F92F9A0B", "TRJFETP128E078FEA7", "TRJOMGO12903CC6812", "TRUBKJO128F421C971", "TRAJPIQ128F14819A8", "TRKHLLG128EF3437B3", "TRYHWLD128F426BF7D", "TRSXDNB128F42142E5", "TRQQBBL12903CFCDE4", "TRBHYJH12903CEA8AC", "TRMCSDZ128F424C5AA", "TRHDEWE128F92FDBBA", "TRJREQL128F92EF09A", "TRJQAEN128F92E0589", "TRPLZBW128F14A561E", "TRZQLBK128F4279304", "TRXFXLQ128F421427D", "TRJHJSK128F427D882", "TRZSBTE12903CD7F93"], "metrics": {"P": 37, "TP": 4, "precision": 0.08, "recall": 0.10810810810810811, "f1": 0.09195402298850573, "average precision": 0.2702702702702703, "reciprocal rank": 0.058823529411764705}}