{"id": "bab8d135cf88852063ed4a084dd24c783d7ff841", "recommendations": ["TRYDCVA128F4260325", "TRDRSKI128F9313031", "TRKNFSA128F428192C", "TRQAFCZ128F42A52C8", "TRRPRXH128F423F02F", "TRYFHYV128F9351A6C", "TRICSWW128F428954C", "TRBBANX128F429EA35", "TRHFWED128F4289573", "TRXFWYF128F1491D07", "TRUUKWB128E0792985", "TRTLSEQ128F4284E62", "TRSYLIP128F92F0244", "TRBYSJQ128F9309AA9", "TRJRECT12903CBADA3", "TREADKW128F4230F0B", "TRESMPW128F4281CC5", "TRRGASX128F931B6E7", "TREOURX128F145E2C8", "TRTUUFH128F932EDD1", "TRSTGGL128F4285F98", "TRPOBNN12903CFCDFB", "TRKCOAU128E07853F3", "TRHMSOG128F145A184", "TRNARNI128F934B90A", "TRBHQZM128F42A52D2", "TRFRBUP128F4294A15", "TRPONOG128F4275608", "TRXHYNW128E078EDF9", "TRAEOHW128F42A52D9", "TRKDRZT128F427930E", "TRECPSY12903CB637F", "TRWYDVA128F92FDD86", "TRPVCMB128F4248B24", "TRUMDRI128F424FEFC", "TRYTIGK128F9326C63", "TROBYTB128F422975C", "TRMVEUX128F423ECE9", "TRLZFMO128F4281C89", "TRXTDLX12903CCE2B3", "TRWVWVW128F92FA058", "TRNPKRK128F429831C", "TRUMDHO128F148724C", "TRDJMFQ128F4257951", "TRHPAGK128F148EF4B", "TRSHPHX12903CD43E0", "TRPJMKA128F4284E71", "TRQFMIO128F9310D4F", "TRURGSG128E0788899", "TROLLDV128F4266643"], "metrics": {"P": 14, "TP": 2, "precision": 0.04, "recall": 0.14285714285714285, "f1": 0.0625, "average precision": 0.21428571428571427, "reciprocal rank": 1.0}}