{"id": "baf47ed8da24d607e50d8684cde78b923538640f", "recommendations": ["TRDMVUZ128F1492745", "TRHNXJT128F145A8B2", "TRINTFS12903CF7876", "TRAACIE128F428495B", "TRXFWYF128F1491D07", "TRBROFZ128E07917F6", "TRDJQCZ128F423D135", "TRTPHVB128F426E044", "TRKLLTX128F425FD66", "TRQPYHG128F4293089", "TRQXTTC128F4264434", "TRJHALL128F92C48B6", "TRLGQLW128EF3453BA", "TRAHVXE128F9339BAD", "TROMXUF128EF35EE85", "TRFOKTF128F1477266", "TRFNDHN128F426BE40", "TRQZPIE128F1455E47", "TRQBZSQ128F42782DC", "TRSCWIA128E0785B05", "TRDVUST128F4280D13", "TRXEAZB128E078EDCE", "TRSEBCD128F4289D57", "TRADXNP128F92CA873", "TRDSEJJ128F42947D5", "TRZSDCG128F4247F5B", "TRNEJRG128F425FD88", "TRDKCEC128EF3427CF", "TRXGWMG128E0792991", "TRKWXAG128EF340672", "TRAMXGR128E07822CC", "TRWCHCF128F14570A5", "TRLUQEN128F1455E51", "TRTRPCL128F9310BA8", "TRULNMQ128F92E1FDA", "TRAPJFL128F42AA7B4", "TRQVCXZ128F4298756", "TRVYXUG128F933AD8F", "TRFLNKX128F9339775", "TRBNZPP128F428E6F9", "TRVHRIT128E0782986", "TRNRFYE128F42BC67E", "TRZVEHE128F92F3A75", "TRQMZCQ128EF3453BF", "TRAGOTA128F92F92C2", "TREJGVP128EF3436BE", "TRVCFUI128F92E1D42", "TRTQDGL128E0780C94", "TRSMIXL128F42A52E2", "TRQLZRI128F429337E"], "metrics": {"P": 39, "TP": 3, "precision": 0.06, "recall": 0.07692307692307693, "f1": 0.06741573033707866, "average precision": 0.15384615384615385, "reciprocal rank": 0.2}}