{"id": "bd8475385f0aa78830fa6dfce9e7242164b035c8", "recommendations": ["TRNLXJM128F4289801", "TRGUOYN128F428E3F1", "TRXENFI128E078BDFD", "TRQHIIR128F145A190", "TRGXKFG128F934C184", "TRASNPB128F92F9A0B", "TRGWMVP128F42B53DE", "TRJREQL128F92EF09A", "TRIDPWO128F423DBC6", "TRJFETP128E078FEA7", "TRILXCN128F92F41C6", "TRAVROL128F4295413", "TRPNZPG128F149BCE8", "TRGOEVS128F42288A5", "TRBIFGK128F92F23A2", "TRUOCWY128F427B6F5", "TRKRUFV12903CB7907", "TRXPSPE128EF33FB50", "TRUHUNN128F92E58B5", "TRYVQUO128F145A173", "TRPGEDB128F933CA96", "TRTXSNK128F14989DB", "TRZUJFC128F92F3AA9", "TRNBANL128F423ECE6", "TRLUQEN128F1455E51", "TRQQBBL12903CFCDE4", "TRDXLKN12903CE824C", "TRENDEU128F93112E1", "TRAZSGB128F42359DA", "TRXFWYF128F1491D07", "TRRQKRU128F42634C7", "TRFOKTF128F1477266", "TRGMWUO128F42902B4", "TRIGYDL12903D05328", "TRCMZXE128F92E232A", "TRBUGXE128F428CD28", "TRQLRYB128E079506A", "TRSFSBE128F1459AF1", "TRBOCQJ128F425DEF4", "TRRMRGL128EF344BF4", "TREJKCZ128C7196DAD", "TRIAOVI128F425A16D", "TRTPHVB128F426E044", "TREUYJH128F429B903", "TRYZAMO128E079125F", "TRISZQR12903CB263D", "TRIJIAU128E0789D41", "TRCRJHK128F423DBC9", "TRFHPPK128F934C17A", "TRSAVRV128E0784602"], "metrics": {"P": 41, "TP": 1, "precision": 0.02, "recall": 0.024390243902439025, "f1": 0.021978021978021983, "average precision": 0.024390243902439025, "reciprocal rank": 0.02702702702702703}}