{"id": "be0a4b64e9689c46e94b5a9a9c7910ee61aeb16f", "recommendations": ["TRSGEAR128F92DD6DB", "TRQLZQH128E0792691", "TRURAHF128F426A3C4", "TRCOTZQ128F42AE3C0", "TRGUOYN128F428E3F1", "TRAKNVD12903CFEB09", "TRXENFI128E078BDFD", "TRIRULV128F42BAE52", "TRJQRAP128F9314B3F", "TRQPYHG128F4293089", "TRZUJFC128F92F3AA9", "TRAHVXE128F9339BAD", "TRIGYDL12903D05328", "TRTRPCL128F9310BA8", "TRXJRSJ128F9330D11", "TRXTDLX12903CCE2B3", "TRHQENS128E0784814", "TRUUKWB128E0792985", "TRGOEVS128F42288A5", "TRHPAGK128F148EF4B", "TRILXCN128F92F41C6", "TRHZJBP128F92C3BC0", "TREMERW128F429EA31", "TRBIFGK128F92F23A2", "TRXSWJL128F427EEFA", "TRQXRRH128F1477261", "TRTQBSZ128F425A745", "TRUOCWY128F427B6F5", "TRXFWYF128F1491D07", "TRQBZSQ128F42782DC", "TRYHWLD128F426BF7D", "TRKRUFV12903CB7907", "TRDVAWK128E07943D3", "TRXPSPE128EF33FB50", "TREAUJQ128F147CC73", "TRDJQCZ128F423D135", "TRYZYOZ128F426ADA5", "TRTCMYC128EF340675", "TRGTCHK128F42870F8", "TRSUNLB128E078180C", "TRNBANL128F423ECE6", "TRLUQEN128F1455E51", "TRZFZEW128F933A950", "TRPZATX128F930A220", "TRSEBCD128F4289D57", "TRLDYHH128F42482B4", "TRGWMVP128F42B53DE", "TRCAJOM128F1488559", "TRJIBDX128F4299E1E", "TRAZSGB128F42359DA"], "metrics": {"P": 41, "TP": 2, "precision": 0.04, "recall": 0.04878048780487805, "f1": 0.043956043956043966, "average precision": 0.07317073170731708, "reciprocal rank": 0.1111111111111111}}