{"id": "c24ec42f0e449ff39a95a01f0795f833b898f71b", "recommendations": ["TRILXCN128F92F41C6", "TRFWGOJ128E0780C8B", "TRUOJJS128F145C256", "TROVKCT128F932F7E5", "TRSOVYL128C719647F", "TRVYXUG128F933AD8F", "TRTXSNK128F14989DB", "TRIHLES128EF344BF3", "TRDWBCU128F426C536", "TRHQICJ128F427B6B5", "TRGWMVP128F42B53DE", "TRZUJFC128F92F3AA9", "TRVUBFM128E0792688", "TRRMRGL128EF344BF4", "TRHPZIT128F148B263", "TRASQGR128F14557AA", "TRIGYDL12903D05328", "TRIDPWO128F423DBC6", "TRQVCXZ128F4298756", "TRPNZPG128F149BCE8", "TRADXNP128F92CA873", "TRUHUNN128F92E58B5", "TRWXGMQ128F92E8B59", "TRCOTZQ128F42AE3C0", "TRRNFHH128F92D262D", "TROOXQV128F932B6EF", "TREPUVB128F423ECEA", "TRXVZKC128F425AEEE", "TRQHIIR128F145A190", "TRTAQVQ128F427B9A5", "TRZLCXX128F92CC96D", "TRXGWZE128F429DB94", "TRNIIFM128E078E1CD", "TRBNNIL128E079268E", "TRYHWLD128F426BF7D", "TRVAGQR128E0792479", "TRKWXAG128EF340672", "TRLDYLL128F42555DD", "TRTQLIW128F14676B0", "TRYVQUO128F145A173", "TRYDUVL128F429875C", "TRZUAKW12903CB6D3B", "TROBBXX128E0793D40", "TRVDHXR128E0782B63", "TRZAQAZ128F149F9FF", "TRPLZBW128F14A561E", "TRTQDER128F92DE72A", "TRNWRAW12903CACB8D", "TRDFVAD128F426B366", "TRLDYHH128F42482B4"], "metrics": {"P": 38, "TP": 2, "precision": 0.04, "recall": 0.05263157894736842, "f1": 0.04545454545454545, "average precision": 0.07894736842105263, "reciprocal rank": 0.1111111111111111}}