{"id": "c2d86e9cbf756ce05ea3c163e24de394585b7c53", "recommendations": ["TRQIMLL128F42A04F4", "TRHNXJT128F145A8B2", "TRZDYGB128F9310C23", "TRTPHVB128F426E044", "TRTRPCL128F9310BA8", "TRCBOQX128F14676AA", "TRGNOFL128EF34E4D5", "TRXXXOO128F92F51FB", "TRDTMRW128F9325CB1", "TRZUUKG128F145F98A", "TRHBGXU128F9310DB3", "TRBNZPP128F428E6F9", "TRVIGDJ128F4262CD6", "TRAGOTA128F92F92C2", "TRSMIXL128F42A52E2", "TRYZYOZ128F426ADA5", "TRGGONE128F42B6FF9", "TRQEMRN128F933B4B2", "TRGMWUO128F42902B4", "TRYYOWT128F42B6558", "TRAHVXE128F9339BAD", "TRQRACN12903C9CE1D", "TRAMXGR128E07822CC", "TRGOEVS128F42288A5", "TRQBZSQ128F42782DC", "TRBTIFY12903CAB63C", "TRPFFIA128F92E8B63", "TRLSLJP128F145F988", "TRSCWIA128E0785B05", "TRAGPXZ12903C9E880", "TRXEAZB128E078EDCE", "TROLLDV128F4266643", "TRUWYFM128F423F000", "TRJMHJZ128F4290063", "TRXFWYF128F1491D07", "TRMVHHY128F935046D", "TRELTXS128F1477265", "TRLVTYG128F145F98C", "TRKOHVA128F426BF70", "TRDNRPM12903CFC916", "TRIWQAQ128F92D261D", "TRPNZPG128F149BCE8", "TRPUFEY128F4250A32", "TRBROFZ128E07917F6", "TRFBHLO128F92DE722", "TRUOCWY128F427B6F5", "TRIPDOF128EF344BF9", "TRYRFSW128F930490B", "TRMFCNV128F92E8B76", "TRTQBSZ128F425A745"], "metrics": {"P": 9, "TP": 4, "precision": 0.08, "recall": 0.4444444444444444, "f1": 0.13559322033898308, "average precision": 1.1111111111111112, "reciprocal rank": 0.3333333333333333}}