{"id": "c6c57f27fed3cf897daa4f830a0e2a17e65ba77d", "recommendations": ["TRRQDKP128F4262F4B", "TRHMSOG128F145A184", "TRENQYP128F14722FD", "TRJSZZG128F931B3DD", "TRBROFZ128E07917F6", "TREAYWO128F93112F4", "TRBIVUY128F148724E", "TREJKCZ128C7196DAD", "TRTCMYC128EF340675", "TRZUUKG128F145F98A", "TRTUUFH128F932EDD1", "TRHVSIB128F1485EC2", "TRBHQZM128F42A52D2", "TRJQAEN128F92E0589", "TRFOKTF128F1477266", "TRIGIPE128E078EC89", "TRNBANL128F423ECE6", "TRLAPOU12903CE8278", "TRIAOVI128F425A16D", "TRUSIMU128EF3436C8", "TRQQBBL12903CFCDE4", "TRLVTYG128F145F98C", "TRLNBPN128F92F6FCC", "TRNIIFM128E078E1CD", "TRYGTSD128F4281B32", "TRQDTSP128F92EFEB1", "TRWARXP128F42B44AE", "TRDJQCZ128F423D135", "TRISILF128F92F029E", "TRSCNGW12903CE91EB", "TRVRIBZ128F426BF71", "TRZAQAZ128F149F9FF", "TRFRBUP128F4294A15", "TRINTFS12903CF7876", "TRSHIDL128F42255EC", "TRRCXOZ128F92D25F7", "TRGXKFG128F934C184", "TRPNASU128E078B702", "TRRQYZN128F426D0AD", "TRSMTSC128E0788E08", "TRXWBQL128E07860FF", "TRVSPZH128F932133E", "TRGUOYN128F428E3F1", "TRXPSPE128EF33FB50", "TRQXKXL128F426E03E", "TRRIYRR128F427E090", "TRKKSRH128F426473F", "TRBUGXE128F428CD28", "TRARFXO12903CE91FB", "TROLUYY128F4282832"], "metrics": {"P": 21, "TP": 3, "precision": 0.06, "recall": 0.14285714285714285, "f1": 0.08450704225352111, "average precision": 0.2857142857142857, "reciprocal rank": 1.0}}