{"id": "cc62e608a1a21353e1673817973235cde4116bad", "recommendations": ["TRPFFIA128F92E8B63", "TRASQGR128F14557AA", "TRDWBCU128F426C536", "TRQVCXZ128F4298756", "TREAUJQ128F147CC73", "TRWKQXH128F92D264E", "TRGSPUQ128E0780DA5", "TRNBANL128F423ECE6", "TRILXCN128F92F41C6", "TRHQICJ128F427B6B5", "TRVRKIS12903D07703", "TRJLNNO128F149ACCE", "TRMVEUX128F423ECE9", "TRICRJU12903CC463E", "TRXNSHK128E078B710", "TRYZAMO128E079125F", "TRQAOXR12903C9AA36", "TRCBOQX128F14676AA", "TRQPYHG128F4293089", "TRVGHNF128F42B83FB", "TRIAFCN12903CC681D", "TRNARNI128F934B90A", "TRHEIAI128F92C2E28", "TRZARMV128F428E8A7", "TRXGWZE128F429DB94", "TRJDKLG128E0792558", "TRZUJFC128F92F3AA9", "TRVUGOX128E0784629", "TRFWGOJ128E0780C8B", "TRLDYLL128F42555DD", "TRCXIGZ128E07816E0", "TRPZATX128F930A220", "TRPWPVI128F92EB7B9", "TRXTDLX12903CCE2B3", "TRNTALF128EF343800", "TRLAOXU128F148B0FE", "TRBQIKR128F148BE55", "TRJQAEN128F92E0589", "TRRGTXK128F92F991B", "TRVXQSK128F148D3FF", "TRBHYJH12903CEA8AC", "TRVBDKL12903D0DE8E", "TROVKCT128F932F7E5", "TRSEZDY128F1455E48", "TRISZQR12903CB263D", "TRIHLES128EF344BF3", "TRHAJRY128F4272004", "TRLLLQK128F4294A18", "TRPSFSJ128F1492171", "TRDXOZM128E0793855"], "metrics": {"P": 47, "TP": 4, "precision": 0.08, "recall": 0.0851063829787234, "f1": 0.08247422680412371, "average precision": 0.21276595744680848, "reciprocal rank": 0.041666666666666664}}