{"id": "d3284cec0f3d1f36f44e73c0e834d657ca39b61a", "recommendations": ["TRNBANL128F423ECE6", "TRJQAEN128F92E0589", "TRQQBBL12903CFCDE4", "TRVBDKL12903D0DE8E", "TRTWTQH12903CEA899", "TRLZFMO128F4281C89", "TRSHYNG128F423BED3", "TRUSIMU128EF3436C8", "TRJIPSX128F423ECE5", "TRGSPUQ128E0780DA5", "TRKGTGW128F9300EA3", "TRWIVLD12903CA9D35", "TRPLZBW128F14A561E", "TRIAOVI128F425A16D", "TRXPSPE128EF33FB50", "TRAEZNW12903CF04CC", "TRBFKOV128F426DDF1", "TRVIQST128F4251D45", "TRSXDNB128F42142E5", "TRCRJHK128F423DBC9", "TRYZAMO128E079125F", "TRSCNGW12903CE91EB", "TREPUVB128F423ECEA", "TRRQKRU128F42634C7", "TRYLPXE128F92F455F", "TRQXKXL128F426E03E", "TRKDRZT128F427930E", "TRPJMKA128F4284E71", "TRWKQXH128F92D264E", "TRJXFXI128F9310DA3", "TRPUGEO12903CA9D27", "TRGUOYN128F428E3F1", "TRHQKZL128E0781A2C", "TRKBJPL12903CED195", "TRJYNEJ128F427EE2A", "TRGOUNV128F4281928", "TRBROFZ128E07917F6", "TRXKYSS128F92D2624", "TRBIVUY128F148724E", "TRILXCN128F92F41C6", "TRQAFCZ128F42A52C8", "TRJHIKI128F42539D8", "TRCULSJ128F429B915", "TRDKCEC128EF3427CF", "TRGJWDV128E078EF07", "TRERTZY128F1487259", "TRYRZRK128F4228CD0", "TRIGIPE128E078EC89", "TREJKCZ128C7196DAD", "TRRCXOZ128F92D25F7"], "metrics": {"P": 19, "TP": 1, "precision": 0.02, "recall": 0.05263157894736842, "f1": 0.028985507246376812, "average precision": 0.05263157894736842, "reciprocal rank": 0.0625}}