{"id": "d9b64b85589775e7aa0ac5fbb7fbf255f8792b4b", "recommendations": ["TRDJQCZ128F423D135", "TRJYNEJ128F427EE2A", "TRXFWYF128F1491D07", "TRFLNKX128F9339775", "TRBROFZ128E07917F6", "TRKEIZP12903D05324", "TRQPYHG128F4293089", "TRHNXJT128F145A8B2", "TRRQKRU128F42634C7", "TRQBZSQ128F42782DC", "TRXTDLX12903CCE2B3", "TROSNGZ128F42705AB", "TRJREQL128F92EF09A", "TRDWBCU128F426C536", "TRKWXAG128EF340672", "TRQFMIO128F9310D4F", "TRSGEAR128F92DD6DB", "TRSEBCD128F4289D57", "TRGOEVS128F42288A5", "TRAEZNW12903CF04CC", "TRRMRGL128EF344BF4", "TREJGVP128EF3436BE", "TROJORG128F1488D3A", "TRTPHVB128F426E044", "TRTGUWJ128F146EC54", "TRSCNGW12903CE91EB", "TRYBKPF128F93102B9", "TRPUFEY128F4250A32", "TRHMSOG128F145A184", "TRSMIXL128F42A52E2", "TRILXCN128F92F41C6", "TRCRJHK128F423DBC9", "TRQHPJY128F1486A7E", "TRFWGOJ128E0780C8B", "TRMVEUX128F423ECE9", "TRPLZBW128F14A561E", "TRULNMQ128F92E1FDA", "TRTCMYC128EF340675", "TROMXUF128EF35EE85", "TRAKKFK128F14A895A", "TRYZYOZ128F426ADA5", "TRWWOLZ128F427D87D", "TRNARNI128F934B90A", "TREROBL128C719697E", "TRDLWOO128F932E729", "TRICRJU12903CC463E", "TRINTFS12903CF7876", "TRKODWS128F9324F0D", "TRZUJFC128F92F3AA9", "TRFOKTF128F1477266"], "metrics": {"P": 20, "TP": 4, "precision": 0.08, "recall": 0.2, "f1": 0.11428571428571428, "average precision": 0.5, "reciprocal rank": 0.07692307692307693}}