{"id": "de4b6bc067e53e24a479ce0672a11af971c31c08", "recommendations": ["TREVRAJ128F42819AD", "TRDWQHL128F147BD31", "TRHMSOG128F145A184", "TRWFFFY128F14B0EBE", "TRQIPME12903CFDBB6", "TRVIQST128F4251D45", "TRKDBVR128F935A643", "TRJSZZG128F931B3DD", "TRCSHVD128F426C67A", "TRJIPSX128F423ECE5", "TRQAANI128F42A7D55", "TRKBLIH128F145959C", "TRGUOYN128F428E3F1", "TRIAOVI128F425A16D", "TRVXQSK128F148D3FF", "TRYZAMO128E079125F", "TROFPUA128F147EF05", "TRFOKTF128F1477266", "TRBROFZ128E07917F6", "TRHBPMP128F1488D35", "TRNBANL128F423ECE6", "TRVBDKL12903D0DE8E", "TRYHWLD128F426BF7D", "TRVYNEC128F92DCCDD", "TRJWNBW12903D00993", "TRQUVZA12903CF5F0D", "TRIEWNB128E078DC7A", "TRLATHU128F92FC275", "TRRQYZN128F426D0AD", "TRRGTXK128F92F991B", "TROKPAZ128E078114A", "TRTWTQH12903CEA899", "TRAMXGR128E07822CC", "TRQQBBL12903CFCDE4", "TRKDRZT128F427930E", "TRUKLEK128F145AD15", "TRQAFCZ128F42A52C8", "TRPLZBW128F14A561E", "TRJQAEN128F92E0589", "TRGNHBI128E078B709", "TRCXIGZ128E07816E0", "TRQXKXL128F426E03E", "TRINTFS12903CF7876", "TRNALDW128F148B3B5", "TRFTEJK12903CDB30A", "TRCIOVJ128F429EB51", "TRSUNLB128E078180C", "TRAEZNW12903CF04CC", "TRLIHJA128F428199B", "TRBIVUY128F148724E"], "metrics": {"P": 15, "TP": 2, "precision": 0.04, "recall": 0.13333333333333333, "f1": 0.061538461538461535, "average precision": 0.2, "reciprocal rank": 1.0}}