{"id": "e21477efb83bd323205ce6f5bd662f3df9d477e5", "recommendations": ["TRNFIJZ12903CBA009", "TRWGYLJ128F92CC96A", "TRNDWLI128EF340671", "TRVABTY128E07860FB", "TRYWEYV12903CBA002", "TRZRKRE128F42905B1", "TRZWHXG128F4296B91", "TREVRAJ128F42819AD", "TROFPUA128F147EF05", "TRQOXMF128F1456F8C", "TREJKCZ128C7196DAD", "TRUOAOC128F148018B", "TREOJBZ128F428D15F", "TRKNVRW128F9309A57", "TRNTALF128EF343800", "TRIHLES128EF344BF3", "TRBEVJI12903CCDABA", "TRNARNI128F934B90A", "TRHPAGK128F148EF4B", "TRHMSOG128F145A184", "TRSRHBC128F425F1A8", "TRQSETD128F92F6525", "TRNTSSU128F423ED54", "TRHFWED128F4289573", "TRYQWHS128F4237626", "TRFLNKX128F9339775", "TRPAQLC128F146E045", "TRDVUST128F4280D13", "TRHZSMH128F1461B9F", "TRLXSNR128F429361D", "TREOKKU128F92EF8AB", "TRJCSLS128F1470ACF", "TRBYSJQ128F9309AA9", "TROBYTB128F422975C", "TRDWQHL128F147BD31", "TRFDWTF128F42739A0", "TRVDHXR128E0782B63", "TRESMVD128F9310D57", "TRRQKRU128F42634C7", "TRQVSRM128F4247F61", "TRJMHJZ128F4290063", "TRDDHZS128E07893AB", "TRXXXOO128F92F51FB", "TRBBANX128F429EA35", "TRLDYLL128F42555DD", "TRMVEUX128F423ECE9", "TRMPCGW128F92E0670", "TRUUKWB128E0792985", "TRYZAMO128E079125F", "TRZIAXW128F423AEEA"], "metrics": {"P": 75, "TP": 11, "precision": 0.22, "recall": 0.14666666666666667, "f1": 0.176, "average precision": 0.8800000000000001, "reciprocal rank": 1.0}}