{"id": "e3937c7c32f5b68422808a854a4a7a824ee448a5", "recommendations": ["TRLBUYT128F429E9F3", "TRKQQLC128F93032DA", "TRSYQLI128F14B122A", "TRDVUST128F4280D13", "TRZJNDO128EF343498", "TROLLDV128F4266643", "TRFQMSW128F426205E", "TRSJBLT128F429EA02", "TRXZIMW128F92DE236", "TRWPEMR128F14520BC", "TRVIGDJ128F4262CD6", "TRZJDSP128F92DD42D", "TRVCFUI128F92E1D42", "TRLUQEN128F1455E51", "TRJHSKL128F92E4EC7", "TRRXNSP128F93321FB", "TRHHMYG128F42988C8", "TRIJTPP128F42375E5", "TRPELLJ128F9321962", "TROFBXV128F9326CD8", "TRQEQHH12903CA6CE5", "TRPWPVI128F92EB7B9", "TRSFSBE128F1459AF1", "TRDJQCZ128F423D135", "TRDZBOU128F92E43E3", "TRADXNP128F92CA873", "TRVGJLN128F9301089", "TRGMWUO128F42902B4", "TRMQRTH128F42592D3", "TROEVBD128F92DC10D", "TRLXSNR128F429361D", "TRIMFGK128F42BAC92", "TRXGHOC128F92EF9BA", "TRAMXGR128E07822CC", "TRCQFJI128F4284EEE", "TRVGNYX128F93173C3", "TRTEOTK128F930F4B8", "TRBHGYV128F14617D9", "TRXENFI128E078BDFD", "TRBIFGK128F92F23A2", "TRAZSGB128F42359DA", "TRSANSZ128F42795A8", "TRUMIHF12903CBE0A8", "TRYYOWT128F42B6558", "TRFSHMA128F429867E", "TRDUALP128F42380B9", "TRLGQLW128EF3453BA", "TRNJIGS128F42A036F", "TRLDYHH128F42482B4", "TRURGSG128E0788899"], "metrics": {"P": 31, "TP": 1, "precision": 0.02, "recall": 0.03225806451612903, "f1": 0.024691358024691357, "average precision": 0.03225806451612903, "reciprocal rank": 0.037037037037037035}}