{"id": "e4c05157f8cebdf3b9d689c441ba97c5ed5db05b", "recommendations": ["TRAMXGR128E07822CC", "TRHNXJT128F145A8B2", "TRQHPJY128F1486A7E", "TRDJQCZ128F423D135", "TRINTFS12903CF7876", "TRAHVXE128F9339BAD", "TRTPHVB128F426E044", "TRXFWYF128F1491D07", "TRJHSKL128F92E4EC7", "TRNDWLI128EF340671", "TRACZWR128F92FFA26", "TREROBL128C719697E", "TRVABTY128E07860FB", "TRMCSDZ128F424C5AA", "TRSHYNG128F423BED3", "TRVUBFM128E0792688", "TRZRKRE128F42905B1", "TRSMIXL128F42A52E2", "TRPUFEY128F4250A32", "TRRMRGL128EF344BF4", "TRXFXLQ128F421427D", "TREJKCZ128C7196DAD", "TRLXSNR128F429361D", "TRCRJHK128F423DBC9", "TRVIGDJ128F4262CD6", "TRTRPCL128F9310BA8", "TRXEAZB128E078EDCE", "TRQBZSQ128F42782DC", "TRNARNI128F934B90A", "TROOXQV128F932B6EF", "TRSASLP128F935A666", "TRDDHZS128E07893AB", "TRNTALF128EF343800", "TRJYNEJ128F427EE2A", "TRBTIFY12903CAB63C", "TRIHLES128EF344BF3", "TRTXSNK128F14989DB", "TRJSZZG128F931B3DD", "TRLGQLW128EF3453BA", "TRNIIFM128E078E1CD", "TRBNNIL128E079268E", "TRVAGQR128E0792479", "TRWVUUS128F931FF4B", "TRRWGXO12903CA8481", "TRNDTAS128F148D716", "TRAPJFL128F42AA7B4", "TRSWJHK128F429EA6F", "TRKQQLC128F93032DA", "TRHFWED128F4289573", "TRNUGUX128F425B7DB"], "metrics": {"P": 21, "TP": 4, "precision": 0.08, "recall": 0.19047619047619047, "f1": 0.11267605633802817, "average precision": 0.47619047619047616, "reciprocal rank": 0.07692307692307693}}