{"id": "e9b86ca8cd62f072419112174f1a9427dd40aed7", "recommendations": ["TRTUVRE128F422BC73", "TRYLITA128F429BC02", "TRIKVNZ128F422CFE0", "TRDMVUZ128F1492745", "TRLGQLW128EF3453BA", "TRNWAPE128F934BC37", "TRKLLTX128F425FD66", "TRINTFS12903CF7876", "TRWTWZD128F9306865", "TRBROFZ128E07917F6", "TREPUVB128F423ECEA", "TRAMQXC128F14A2378", "TRFOKTF128F1477266", "TRLUQEN128F1455E51", "TRXENFI128E078BDFD", "TRKEIZP12903D05324", "TRRJOIB128F1462DED", "TRIJOVX128F931B47F", "TRAMXGR128E07822CC", "TRUKLEK128F145AD15", "TRTRPCL128F9310BA8", "TRJDUIU12903CE9200", "TRQISHK128F425550E", "TRFQMSW128F426205E", "TRQXKXL128F426E03E", "TRDFNWO128F92DFBA5", "TRSMIXL128F42A52E2", "TRFOMMI128F42A04EE", "TRHBPMP128F1488D35", "TRTCMYC128EF340675", "TRGRDUH128F42AE383", "TRHPDXR128F4298C6D", "TRHNXJT128F145A8B2", "TRTQBSZ128F425A745", "TRJIPSX128F423ECE5", "TRUOJJS128F145C256", "TRTQDGL128E0780C94", "TRGOEVS128F42288A5", "TRJSZZG128F931B3DD", "TRLATHU128F92FC275", "TRDJQCZ128F423D135", "TRAHVXE128F9339BAD", "TRBIFGK128F92F23A2", "TRXKYSS128F92D2624", "TRUOCWY128F427B6F5", "TRVGNYX128F93173C3", "TRDNYWA128F42813F3", "TRKBPYN128F92DC155", "TRKRUFV12903CB7907", "TRPLZBW128F14A561E"], "metrics": {"P": 33, "TP": 6, "precision": 0.12, "recall": 0.18181818181818182, "f1": 0.14457831325301204, "average precision": 0.6363636363636365, "reciprocal rank": 1.0}}