{"id": "eb1ad31d040406c6428c5f4420b0bc709b1c5350", "recommendations": ["TRZUCIS128F92F91B9", "TRSGNMZ128F92F8FD0", "TRPUFEY128F4250A32", "TRSBDSN128F92F91BE", "TRUOCWY128F427B6F5", "TRGGONE128F42B6FF9", "TRNIIFM128E078E1CD", "TRVUBFM128E0792688", "TRINNKH128F424BDD0", "TRJMHJZ128F4290063", "TREVUBW128F92F91B2", "TRBNNIL128E079268E", "TRQXTTC128F4264434", "TRRTHWD128F4259F3D", "TRPFFIA128F92E8B63", "TRCOOYB128E078ED95", "TRJCSLS128F1470ACF", "TRULNMQ128F92E1FDA", "TRDQAWQ128F93379DF", "TRZVXWG128F9366EAC", "TRXVPML12903CFA062", "TRKEICN12903CE499C", "TRTPHVB128F426E044", "TRJFETP128E078FEA7", "TRGOEVS128F42288A5", "TRAGOTA128F92F92C2", "TRVDHXR128E0782B63", "TRZKJFH128E0793EAC", "TRXTDLX12903CCE2B3", "TRYZYOZ128F426ADA5", "TRQIMLL128F42A04F4", "TRWVUUS128F931FF4B", "TRBTIFY12903CAB63C", "TRCSKKY12903CA5582", "TRDADBO128C7196C2E", "TRFDWTF128F42739A0", "TRCBOQX128F14676AA", "TRDJQCZ128F423D135", "TRXEAZB128E078EDCE", "TRFHJOI128EF34BFAF", "TRLCSDN128F426BD3D", "TRFDGFW128F4286BFF", "TRVAGQR128E0792479", "TRXENFI128E078BDFD", "TRHOURR128F14A2E26", "TRDSEJJ128F42947D5", "TRVQXJW128F93432EB", "TRGNHBI128E078B709", "TRUWYFM128F423F000", "TRVPAII128F42435A8"], "metrics": {"P": 27, "TP": 4, "precision": 0.08, "recall": 0.14814814814814814, "f1": 0.10389610389610389, "average precision": 0.37037037037037035, "reciprocal rank": 1.0}}