{"id": "ec0bb33707cdc61a6999b41585a0e1f39d0ae6d3", "recommendations": ["TRDADBO128C7196C2E", "TRDFGDH128F424BDD3", "TRYRFSW128F930490B", "TRSZWSB128F145C13F", "TRYHLKG128F92FB330", "TRSLMMM128F930490F", "TRPOMAV128F92CA91A", "TRLDIGW128F93269F8", "TRFBFJE12903CB5057", "TRIWSNC128F932FC8C", "TRDCPMV128F424350F", "TRDTMRW128F9325CB1", "TRXSWJL128F427EEFA", "TRPFUKY128F9327C9D", "TRNYITZ128F92EA216", "TREQOIZ128F42BCE96", "TRVXQSK128F148D3FF", "TRUUKWB128E0792985", "TRKRJTO128F934259F", "TRQLRYB128E079506A", "TRGGONE128F42B6FF9", "TRQNRBY128F145C0A7", "TRGOEVS128F42288A5", "TRGWMVP128F42B53DE", "TRAPJFL128F42AA7B4", "TROSNGZ128F42705AB", "TRDYMST12903CCD314", "TRFPCZI128E078EC13", "TRAMXGR128E07822CC", "TRWXMRO128F424DBF7", "TRHMSOG128F145A184", "TRIHLES128EF344BF3", "TRUYIOW12903CD6F99", "TRAKNVD12903CFEB09", "TRXFWYF128F1491D07", "TRHQENS128E0784814", "TRVULSX128F14824CD", "TRAGOTA128F92F92C2", "TRWWGYN128E078470F", "TRBTIFY12903CAB63C", "TRQXRRH128F1477261", "TRIJPPY128E078F7CC", "TRSGNMZ128F92F8FD0", "TRKJMNS128F423EEA2", "TRYZYOZ128F426ADA5", "TRBMLFZ128F1475785", "TRKMWHB128E078ED8A", "TRPNZPG128F149BCE8", "TRSHYNG128F423BED3", "TROYMTB128F4260720"], "metrics": {"P": 34, "TP": 2, "precision": 0.04, "recall": 0.058823529411764705, "f1": 0.04761904761904763, "average precision": 0.08823529411764705, "reciprocal rank": 0.14285714285714285}}