{"id": "edc4e3b50cb4f23282a157edc7ca7cf09afcc093", "recommendations": ["TRTXSNK128F14989DB", "TROMXUF128EF35EE85", "TRDVUST128F4280D13", "TRSEBCD128F4289D57", "TRBYDXB128F425A68E", "TRUOCWY128F427B6F5", "TRSHYNG128F423BED3", "TRADXNP128F92CA873", "TRTPHVB128F426E044", "TRPNZPG128F149BCE8", "TRILXCN128F92F41C6", "TRPFFIA128F92E8B63", "TRTQDER128F92DE72A", "TRXENFI128E078BDFD", "TRTFTZF128F429C835", "TRASNPB128F92F9A0B", "TRDWBCU128F426C536", "TRBTIFY12903CAB63C", "TRBVSQT128F427A82F", "TRDLWOO128F932E729", "TRNRJUN128F42AE2BC", "TRFLNKX128F9339775", "TRRJQES128EF35675B", "TRKNFSA128F428192C", "TRGLIPW128F92DE72B", "TRSFSBE128F1459AF1", "TRRMRGL128EF344BF4", "TRNLXJM128F4289801", "TRQIMLL128F42A04F4", "TRYHLWO128F42BC675", "TRIWQAQ128F92D261D", "TRGOEVS128F42288A5", "TRMFSXL128F428480E", "TRZAQAZ128F149F9FF", "TRJREQL128F92EF09A", "TRESMVD128F9310D57", "TROJORG128F1488D3A", "TRBRLNJ128F92F622E", "TRJCSLS128F1470ACF", "TRCOOYB128E078ED95", "TRQHIIR128F145A190", "TRRQKRU128F42634C7", "TRQSETD128F92F6525", "TRHQKZL128E0781A2C", "TRZJNDO128EF343498", "TRLSBGG128F42B7E15", "TREJKCZ128C7196DAD", "TRDSEJJ128F42947D5", "TRNBANL128F423ECE6", "TRSCWIA128E0785B05"], "metrics": {"P": 45, "TP": 7, "precision": 0.14, "recall": 0.15555555555555556, "f1": 0.1473684210526316, "average precision": 0.6222222222222222, "reciprocal rank": 0.25}}