{"id": "f927dddfe26b0c74ada3eaadca41bfb462c37ee4", "recommendations": ["TRQAUIE128F14531EB", "TRZPAPV128F427E8D2", "TRZUAKW12903CB6D3B", "TRDYYDZ128F93353F7", "TREQUWM128F1477E8F", "TRUHIHJ128F424F5BC", "TRJSZZG128F931B3DD", "TRVGJLN128F9301089", "TRQEQHH12903CA6CE5", "TRXNRKG128F425A4B8", "TRDKBMP128F4295548", "TRINTFS12903CF7876", "TRVUGOX128E0784629", "TRJYEEB128E07993C2", "TREYOJA128F4299262", "TRMOWOJ128E07818C8", "TRFNGJS128F92F9EEE", "TRXXXOO128F92F51FB", "TRFEZLR128F92C5A85", "TRNCZUO128F427C2A0", "TREQOIZ128F42BCE96", "TRPWPVI128F92EB7B9", "TRNJLAS128F423CC6A", "TRLQXVU128F934CF2D", "TRFFZQK128F92EAD03", "TRMMCBU128E0791823", "TRSTMBW128F424ECBC", "TRGNBVA12903CA735B", "TRTUEPW128F9306179", "TRRGASX128F931B6E7", "TRDMVUZ128F1492745", "TRTMQXU128F14895BA", "TROKPAZ128E078114A", "TRKQQLC128F93032DA", "TRZLVQP128E07813EB", "TRHOMAF128F42607D4", "TRWGSBR128EF34DD0B", "TRBROFZ128E07917F6", "TRNWRTV128F9319822", "TRBNZPP128F428E6F9", "TRACZWR128F92FFA26", "TRKLLTX128F425FD66", "TRWFFFY128F14B0EBE", "TRYFSJE128EF3622F9", "TROYMTB128F4260720", "TRAMXGR128E07822CC", "TRLUQEN128F1455E51", "TRYMJAS128F4293127", "TRFOKTF128F1477266", "TRVXNKX128F931AF2B"], "metrics": {"P": 56, "TP": 6, "precision": 0.12, "recall": 0.10714285714285714, "f1": 0.1132075471698113, "average precision": 0.375, "reciprocal rank": 1.0}}