{"id": "fe76c9d535c5834e4a9b91c13e29be6460cb79c4", "recommendations": ["TRQXTTC128F4264434", "TRVCFUI128F92E1D42", "TRSPLHG128F4299E23", "TRXSWJL128F427EEFA", "TRULNMQ128F92E1FDA", "TRTRPCL128F9310BA8", "TRQAFCZ128F42A52C8", "TRGDEII128F4299E32", "TRFRBUP128F4294A15", "TRLXSNR128F429361D", "TRNRJUN128F42AE2BC", "TRDQAWQ128F93379DF", "TRYHWLD128F426BF7D", "TRDVUST128F4280D13", "TRYZYOZ128F426ADA5", "TRJIBDX128F4299E1E", "TRZVXWG128F9366EAC", "TREXNVY128F92DE1E9", "TRICJRQ128E078A18A", "TRSLMMM128F930490F", "TRJCSLS128F1470ACF", "TRAEZNW12903CF04CC", "TRRRIVO128F930867B", "TRAEOHW128F42A52D9", "TRNTALF128EF343800", "TRAACIE128F428495B", "TREROBL128C719697E", "TRTHGPK128F147DF90", "TRRXLGC128F92F9A37", "TRCOOYB128E078ED95", "TRLLLQK128F4294A18", "TRAHVXE128F9339BAD", "TRERTZY128F1487259", "TRFWGOJ128E0780C8B", "TRNIIFM128E078E1CD", "TRQRACN12903C9CE1D", "TRKNFSA128F428192C", "TRIAOVI128F425A16D", "TRYHLWO128F42BC675", "TRWPEMR128F14520BC", "TRKWXAG128EF340672", "TRILXCN128F92F41C6", "TRXXXOO128F92F51FB", "TROIXIC128F427B6F6", "TRJSZZG128F931B3DD", "TRUTULC128F4293712", "TRRQYZN128F426D0AD", "TRGNIHW128E0789D37", "TRINTFS12903CF7876", "TRVAGQR128E0792479"], "metrics": {"P": 36, "TP": 1, "precision": 0.02, "recall": 0.027777777777777776, "f1": 0.023255813953488372, "average precision": 0.027777777777777776, "reciprocal rank": 0.1}}