{"id": "01655ae6bc52e29c9cd100a7dde4e9eeae5e4031", "recommendations": ["TRYOOQS12903CCDAD0", "TRQVSRM128F4247F61", "TRZIAXW128F423AEEA", "TRIWRMP12903CCDAC0", "TRXTIPW128F424EAAA", "TRTBICJ128F4293C13", "TRXECII128F427C71B", "TRZBJBL128F92D9B53", "TROYHPV128F428C6D1", "TRKYXBC12903CF7A88", "TRDSXBJ12903CCA182", "TRCVVIE128F93131C7", "TRUFVIR12903D0A492", "TRDNRPM12903CFC916", "TRUYCVH128F92C2B1E", "TRNWKFE12903D0C388", "TRKBBKW128F4267344", "TRLBBLG128F933C0E1", "TRGVSRU12903CC8F00", "TRFIMXE128F9302AE0", "TROGDUH128F9330CB9", "TRWAVRT128E078907D", "TRMWPNK128F93471E5", "TRHMTMJ128EF3437B6", "TRZEBEC128F931C02D", "TRDUOSF128F92EF905", "TRRERHL128F4246875", "TRDTMRW128F9325CB1", "TRVVOMR12903CD20E1", "TRGACBD128F4284836", "TRODQGV128F425FD7E", "TRACRRS128F1465A64", "TRFQMSW128F426205E", "TRQSXTX12903CCDAC2", "TRMIKES128F92FFBF4", "TRAXYGR128EF3456B5", "TRNMSQS128F92F0DFE", "TRAMXGR128E07822CC", "TREVDLU128F42BCA88", "TRPOBNN12903CFCDFB", "TRNZOOI128F425D68F", "TROATCD128F4247F59", "TRNFIJZ12903CBA009", "TREYOJA128F4299262", "TRXWMDN12903CA5BBE", "TRZYWCD128F425C7FD", "TRYKYFR12903D01E25", "TRKKRNJ12903D08282", "TRZXIRJ128E0781337", "TRWZWWZ12903CA22D9"], "metrics": {"P": 26, "TP": 9, "precision": 0.18, "recall": 0.34615384615384615, "f1": 0.23684210526315788, "average precision": 1.7307692307692308, "reciprocal rank": 0.5}}