{"id": "019d0d1c7a01f8736ba59a124160e5fc70666db7", "recommendations": ["TRCIPFM128F425C8D3", "TRVGHCP128F1469A87", "TRSTLSG128E078370C", "TRJFFJI128F92E71E9", "TRGIAJW128F4277349", "TRLDIGW128F93269F8", "TRJVBYA128F93434FD", "TRYCNIP128F42133A0", "TRBGTPK128F429E5D5", "TRHBQST128E07930CB", "TRVXQSK128F148D3FF", "TRQWJKU128F14618D1", "TRKBVZL128F42134BA", "TRWWGYN128E078470F", "TRIWSNC128F932FC8C", "TRYRFSW128F930490B", "TRULKPM128E078E167", "TRREVPO128E078F5B1", "TRTONWC128F92DC338", "TRNWRTV128F9319822", "TRLJVJC128F9302FC9", "TRTNUBT128F42A4C8C", "TRGWMVP128F42B53DE", "TREHOGG128F428DF46", "TRIWDKR128F429D9EE", "TROYMTB128F4260720", "TRDCPMV128F424350F", "TRTKDFL128F428D3C5", "TRAGOTA128F92F92C2", "TRRKISY128F428BC76", "TRARLCN128F92D7218", "TRQLRYB128E079506A", "TRIGWNQ128F92EB1C7", "TRMAQWJ128F427EC70", "TRHOUXO128F425B34B", "TRTGSVG128E079281F", "TRQNRBY128F145C0A7", "TRYVQUO128F145A173", "TRNIACV128F9301DC2", "TRLDYLL128F42555DD", "TRDXOZM128E0793855", "TRYHLKG128F92FB330", "TRFLVUY12903CF5438", "TRZFEOG128E078ECBE", "TRBVWCA128F4249CA4", "TRYFSJE128EF3622F9", "TRKRJTO128F934259F", "TRZUBVA128F1469484", "TRDFGDH128F424BDD3", "TRZAXFA128E0792826"], "metrics": {"P": 19, "TP": 2, "precision": 0.04, "recall": 0.10526315789473684, "f1": 0.057971014492753624, "average precision": 0.15789473684210525, "reciprocal rank": 0.14285714285714285}}