{"id": "0e68e0821495382c78fbb91758c250c8edf0cfbb", "recommendations": ["TRUATNS128F423457D", "TRVABTY128E07860FB", "TRIJOVX128F931B47F", "TRQWJKU128F14618D1", "TRJDUIU12903CE9200", "TRFQUXQ128F1488D32", "TRXKYSS128F92D2624", "TRJIPSX128F423ECE5", "TRNUNTK128F428E2D4", "TRKHARN128F146DA7A", "TRLUXWO128F14618D6", "TRVGHCP128F1469A87", "TRICRJU12903CC463E", "TRHDEWE128F92FDBBA", "TRRQKRU128F42634C7", "TRLJVJC128F9302FC9", "TRSTLSG128E078370C", "TRNIACV128F9301DC2", "TRAEZNW12903CF04CC", "TRMPCGW128F92E0670", "TRQJALO128F423ECE8", "TRNIIFM128E078E1CD", "TRJIIBZ128F148D69A", "TRZFEOG128E078ECBE", "TRWQWEU128F14789F0", "TRSXDNB128F42142E5", "TREJKCZ128C7196DAD", "TRFDGFW128F4286BFF", "TRONTHY128F4295577", "TRFPCZI128E078EC13", "TRLPAKN128F427CA2B", "TRJVBYA128F93434FD", "TRWWGYN128E078470F", "TRVXQSK128F148D3FF", "TRZVXWG128F9366EAC", "TRFHEOU128E078E092", "TRAXLZU12903D05F94", "TRJREQL128F92EF09A", "TRHFWED128F4289573", "TRCIPFM128F425C8D3", "TRDRTVY128F93452BC", "TRBYSJQ128F9309AA9", "TRZRKRE128F42905B1", "TRIRMQT128F4289D50", "TRNNCOL128F1488D34", "TRIWSNC128F932FC8C", "TRVULSX128F14824CD", "TRXAOPL128F42922A3", "TRGLEPF128F93379E9", "TRQCTJY128F931117E"], "metrics": {"P": 23, "TP": 3, "precision": 0.06, "recall": 0.13043478260869565, "f1": 0.0821917808219178, "average precision": 0.2608695652173913, "reciprocal rank": 0.16666666666666666}}