{"id": "10e1c96eeaf82f3076fe31bed9a67bb733ef9ff5", "recommendations": ["TRDCPMV128F424350F", "TRDADBO128C7196C2E", "TRYRFSW128F930490B", "TRDFGDH128F424BDD3", "TRKGUFM128F429E58A", "TRSLMMM128F930490F", "TRLDIGW128F93269F8", "TRYHLKG128F92FB330", "TRBLXFZ128F42AA792", "TRGWMVP128F42B53DE", "TRTNBSL128F931C0D5", "TRQXRRH128F1477261", "TRBMLFZ128F1475785", "TRQWJKU128F14618D1", "TRAGOTA128F92F92C2", "TRYVQUO128F145A173", "TRJIBDX128F4299E1E", "TRQLRYB128E079506A", "TRBROFZ128E07917F6", "TRXSWJL128F427EEFA", "TRGGONE128F42B6FF9", "TRPNZPG128F149BCE8", "TRISZQR12903CB263D", "TRBHYJH12903CEA8AC", "TRJWHAE12903CD763D", "TROFZQO128F4299E21", "TRBVVZX128F14618CD", "TRALEYR128F932F38D", "TRKVHLV12903D051C2", "TRDNYWA128F42813F3", "TRVULSX128F14824CD", "TRGSPUQ128E0780DA5", "TRSPLHG128F4299E23", "TRLLLQK128F4294A18", "TRONTHY128F4295577", "TRKRJTO128F934259F", "TRWAVGB128F42AF421", "TRLUXWO128F14618D6", "TRYZAMO128E079125F", "TRCQYJE128E078FA49", "TRAHVXE128F9339BAD", "TRPNMAY128F424E451", "TRDJQCZ128F423D135", "TRAMQXC128F14A2378", "TRRQYZN128F426D0AD", "TRSGNMZ128F92F8FD0", "TRJVBYA128F93434FD", "TRUATNS128F423457D", "TRGNIHW128E0789D37", "TRWAJII128F4294A1E"], "metrics": {"P": 14, "TP": 4, "precision": 0.08, "recall": 0.2857142857142857, "f1": 0.125, "average precision": 0.7142857142857142, "reciprocal rank": 1.0}}