{"id": "12497e138741a0b94bb36a14bef32c9d0ee20fec", "recommendations": ["TRLDIGW128F93269F8", "TRIVMCG128F932105E", "TRDFVAD128F426B366", "TRNWRAW12903CACB8D", "TRONTHY128F4295577", "TRYRFSW128F930490B", "TRIQDZD12903C9A6D7", "TRTHNWV128F427C6C0", "TRNIIFM128E078E1CD", "TRRNFHH128F92D262D", "TRGWMVP128F42B53DE", "TRDEZCI12903C9A6AD", "TRGUJRG128E079290A", "TRLSLJP128F145F988", "TRDCPMV128F424350F", "TRAGOTA128F92F92C2", "TROQAXL128F429F87F", "TRQLRYB128E079506A", "TRYVQUO128F145A173", "TROKQVH128F148D1C3", "TRQZPIE128F1455E47", "TRYHLKG128F92FB330", "TRZVXWG128F9366EAC", "TRFCWVP12903CDBF19", "TRAACIE128F428495B", "TRKHARN128F146DA7A", "TRKRJTO128F934259F", "TRDFGDH128F424BDD3", "TRLVTYG128F145F98C", "TRPBOHP128E078B74E", "TRSLMMM128F930490F", "TROIXIC128F427B6F6", "TRAEGEA128F1486047", "TRQXRRH128F1477261", "TRVKTHJ128F424D875", "TRBNNIL128E079268E", "TRDADBO128C7196C2E", "TRFDGFW128F4286BFF", "TRXKDUR128F4265A59", "TRBMLFZ128F1475785", "TRVVTWQ128E078F1B7", "TRJLTZJ12903CCBC23", "TRCQYJE128E078FA49", "TRBUAFL128F14B12C4", "TRWQWEU128F14789F0", "TRZUUKG128F145F98A", "TRWJDTI128F424EAD6", "TRQVORC128E07913D5", "TRFDWTF128F42739A0", "TRVDHXR128E0782B63"], "metrics": {"P": 19, "TP": 3, "precision": 0.06, "recall": 0.15789473684210525, "f1": 0.08695652173913043, "average precision": 0.3157894736842105, "reciprocal rank": 0.1}}