{"id": "12a4a991c8b53cd6906995caed8b1f2bd3b6436a", "recommendations": ["TRHPDXR128F4298C6D", "TRRJOIB128F1462DED", "TRZDMLR128F42854CB", "TRGRDUH128F42AE383", "TRYEIDS12903CA2821", "TRILGUV128F428A4C5", "TRCUXDM128F425550B", "TRXVUTW128F1462DF0", "TRSLMMM128F930490F", "TRSKTWO128F1462DE8", "TRWKVRK128F9345DAC", "TRYZAMO128E079125F", "TRLDIGW128F93269F8", "TRQAFCZ128F42A52C8", "TRSUNLB128E078180C", "TRPTWLU128E078584F", "TRNIIFM128E078E1CD", "TRYZYOZ128F426ADA5", "TRDADBO128C7196C2E", "TRYWDCP128E0784BAB", "TRMJXVS12903CACEDC", "TRQXTTC128F4264434", "TRDRTVY128F93452BC", "TRHMSOG128F145A184", "TRMHHPP128E0785853", "TRVAGQR128E0792479", "TRAGOTA128F92F92C2", "TRJDBTK128F428A4B3", "TRQUVZA12903CF5F0D", "TRWTJKJ128E078FC10", "TRSCUBC128E0782224", "TRPGDSP128F931DD22", "TRFDGFW128F4286BFF", "TRBMLFZ128F1475785", "TRCQLYE128F428BEB9", "TRTRPCL128F9310BA8", "TRIVSTV12903CAE6BE", "TRCXIGZ128E07816E0", "TRLEVVI128F427F174", "TRPNZPG128F149BCE8", "TRWQWEU128F14789F0", "TRDWQHL128F147BD31", "TRISILF128F92F029E", "TRCQYJE128E078FA49", "TRMVHHY128F935046D", "TRQLRYB128E079506A", "TRNXTBZ128F92E4EE6", "TRXSWJL128F427EEFA", "TRDJEMZ128F93353FA", "TRFWGOY128F148B015"], "metrics": {"P": 49, "TP": 5, "precision": 0.1, "recall": 0.10204081632653061, "f1": 0.10101010101010102, "average precision": 0.30612244897959184, "reciprocal rank": 0.25}}