{"id": "16cd9a19b5a433919b3cf86073670369e8d2e4f8", "recommendations": ["TRGRDUH128F42AE383", "TRHPDXR128F4298C6D", "TRXVUTW128F1462DF0", "TRCUXDM128F425550B", "TRYEIDS12903CA2821", "TRRJOIB128F1462DED", "TRZDMLR128F42854CB", "TRYWDCP128E0784BAB", "TRSKTWO128F1462DE8", "TRINTFS12903CF7876", "TRQTFUV128F426BFC7", "TRNNNLZ128F933BBBD", "TRPGDSP128F931DD22", "TRDQWDZ128F933BBBF", "TRTESAU128F1462DE9", "TRXWWGB128F422B918", "TRFBNZN128F9340B0E", "TRFWGOY128F148B015", "TRBTPVL128E078FC36", "TRWIVLD12903CA9D35", "TRDMQMC128F9338FCD", "TRKMWHB128E078ED8A", "TRWTJKJ128E078FC10", "TRHQVQZ12903CA528E", "TRQHPJY128F1486A7E", "TRJSZZG128F931B3DD", "TRCIZPC12903CA480F", "TRAMQXC128F14A2378", "TRNNVUV128F42142CB", "TRQPYHG128F4293089", "TRBROFZ128E07917F6", "TROVGHA128F146CC2D", "TRGKKXR128F148469E", "TRTQDGL128E0780C94", "TRLEVVI128F427F174", "TRUOUFY128F933900C", "TRISZQR12903CB263D", "TRFOKTF128F1477266", "TRFWPIX128F423BEDA", "TRUTULC128F4293712", "TRSNYWZ128F148E0E1", "TRXGWZE128F429DB94", "TRYJSDC128EF34B5C8", "TRXAOPL128F42922A3", "TRECQND128F9323DE3", "TRYZAMO128E079125F", "TRQISHK128F425550E", "TRHBPMP128F1488D35", "TRIZRJX128E0794D82", "TRUWDZO128F9339024"], "metrics": {"P": 15, "TP": 5, "precision": 0.1, "recall": 0.3333333333333333, "f1": 0.15384615384615383, "average precision": 1.0, "reciprocal rank": 0.2}}