{"id": "17aa9f6dbdf753831da8f38c71b66b64373de613", "recommendations": ["TRCBOQX128F14676AA", "TRLDIGW128F93269F8", "TRKQQLC128F93032DA", "TRHDTUG128F92E8058", "TRVSPZH128F932133E", "TRZJNDO128EF343498", "TRKJMNS128F423EEA2", "TRNBANL128F423ECE6", "TRYZAMO128E079125F", "TRSXDNB128F42142E5", "TRLSBGG128F42B7E15", "TRDFGDH128F424BDD3", "TRXEAZB128E078EDCE", "TRTPHVB128F426E044", "TRDVUST128F4280D13", "TRLBUYT128F429E9F3", "TRXSWJL128F427EEFA", "TRISILF128F92F029E", "TRYZYOZ128F426ADA5", "TRPFFIA128F92E8B63", "TRISCAT12903CFDBD0", "TRIWQAQ128F92D261D", "TRWXJOD128F92E58BD", "TRVCFUI128F92E1D42", "TRYHLKG128F92FB330", "TRDJEMZ128F93353FA", "TRQIMLL128F42A04F4", "TRBVVZX128F14618CD", "TRSCWIA128E0785B05", "TRXPSPE128EF33FB50", "TRJLNNO128F149ACCE", "TRTFTZF128F429C835", "TRBHYJH12903CEA8AC", "TROFZQO128F4299E21", "TRVRKIS12903D07703", "TRWPEMR128F14520BC", "TRAMXGR128E07822CC", "TRGSPUQ128E0780DA5", "TROEVBD128F92DC10D", "TRJSEXD128F423DBC4", "TRHMSOG128F145A184", "TRGGONE128F42B6FF9", "TRUOCWY128F427B6F5", "TRLUVSD128E07984A0", "TRKLEXC128F92F4B86", "TRAEZNW12903CF04CC", "TRMCURM128F92E383C", "TRFEZLR128F92C5A85", "TRDADBO128C7196C2E", "TRLJEFP12903CA71FB"], "metrics": {"P": 26, "TP": 1, "precision": 0.02, "recall": 0.038461538461538464, "f1": 0.026315789473684213, "average precision": 0.038461538461538464, "reciprocal rank": 0.047619047619047616}}