{"id": "18dc95f354220b343e98ebbb7c8564291284ed9f", "recommendations": ["TRILGUV128F428A4C5", "TRSVMZM128F93592F5", "TRJQLLH128F4217810", "TRDRTVY128F93452BC", "TRZDMLR128F42854CB", "TRJXBKU128E07842AA", "TRPTWLU128E078584F", "TRZMYKW128F429F880", "TRDBFQM128E079298B", "TRJVBYA128F93434FD", "TRLIHKL128F92F5E79", "TROIQMT128E0792994", "TRZLCXX128F92CC96D", "TRDWEAT128F149242F", "TRWVMXK128E0784C82", "TRSSAGS128F92E697A", "TRODUJY128F428A4A1", "TRIWSNC128F932FC8C", "TRGRDUH128F42AE383", "TRVLXHK128F934B2F4", "TRULKPM128E078E167", "TRCUXDM128F425550B", "TRRIYRR128F427E090", "TRJCNOT128F92F992E", "TRGEUXA128E07842A7", "TRTONWC128F92DC338", "TRPFBQH128F92E7CD5", "TRLJVJC128F9302FC9", "TRWWGYN128E078470F", "TRDYYDZ128F93353F7", "TRONTHY128F4295577", "TRSCUBC128E0782224", "TREUBTU12903CC84A6", "TRERTYW128F934B2B0", "TREHOGG128F428DF46", "TRVDIEE128E0783217", "TRNWRAW12903CACB8D", "TRRYVGX128F428A58E", "TRYXYZU128E0792987", "TRKEICN12903CE499C", "TRVKTHJ128F424D875", "TRXGWMG128E0792991", "TRIVSTV12903CAE6BE", "TRBQANA128F14AE2CF", "TRHPDXR128F4298C6D", "TRIGWNQ128F92EB1C7", "TREMQXM128F92E23D0", "TRHOUXO128F425B34B", "TRTNUBT128F42A4C8C", "TRJDBTK128F428A4B3"], "metrics": {"P": 45, "TP": 12, "precision": 0.24, "recall": 0.26666666666666666, "f1": 0.2526315789473685, "average precision": 1.7333333333333334, "reciprocal rank": 0.5}}