{"id": "1a849df9dabb15845eb932d46d81e2fd77176786", "recommendations": ["TRDJEMZ128F93353FA", "TRKQQLC128F93032DA", "TRIMFGK128F42BAC92", "TROEVBD128F92DC10D", "TRUDMYV128F1493BA6", "TROZGWG12903CE6C5B", "TRDYYDZ128F93353F7", "TRNNNLZ128F933BBBD", "TRDQAWQ128F93379DF", "TRNTALF128EF343800", "TRNDWLI128EF340671", "TRMWNLK12903D00F03", "TRLBUYT128F429E9F3", "TRDVUST128F4280D13", "TRTOSOP128F14AE2D0", "TRNJIGS128F42A036F", "TRIJPPY128E078F7CC", "TRLDYLL128F42555DD", "TRVKTHJ128F424D875", "TRYHLWO128F42BC675", "TRNRJUN128F42AE2BC", "TRYKMQL128F4227B91", "TRVCFUI128F92E1D42", "TRFWPIX128F423BEDA", "TRISCAT12903CFDBD0", "TRVMLIA128F92DC109", "TRQXTTC128F4264434", "TRKHARN128F146DA7A", "TRXIKKD128F1497960", "TRRXNSP128F93321FB", "TRXZIMW128F92DE236", "TRAMXGR128E07822CC", "TREVDQG128F9324474", "TRJCSLS128F1470ACF", "TRQEQHH12903CA6CE5", "TRDJIPJ128F9321317", "TRFDGFW128F4286BFF", "TRZRKRE128F42905B1", "TRASQGR128F14557AA", "TRNXTBZ128F92E4EE6", "TRGTIIJ128F424DA28", "TROVEVL128F932A447", "TRDQWDZ128F933BBBF", "TRZYGSG128F9310CDB", "TRWTJKJ128E078FC10", "TRWNFMW128F1465AC3", "TROGDUH128F9330CB9", "TREELGP128F428748B", "TRYTKPJ12903CE137C", "TRCDAIU128F92C77DF"], "metrics": {"P": 30, "TP": 11, "precision": 0.22, "recall": 0.36666666666666664, "f1": 0.27499999999999997, "average precision": 2.1999999999999997, "reciprocal rank": 1.0}}