{"id": "1b704d4cddabea8258bd93497fcb73eab32fa592", "recommendations": ["TRGDEII128F4299E32", "TRSLMMM128F930490F", "TRXSWJL128F427EEFA", "TRRNFHH128F92D262D", "TRDADBO128C7196C2E", "TRDFGDH128F424BDD3", "TRYRFSW128F930490B", "TRTNBSL128F931C0D5", "TRBLXFZ128F42AA792", "TRIHZJH128F4262F4A", "TRHVSIB128F1485EC2", "TRNWRAW12903CACB8D", "TRLDIGW128F93269F8", "TRAFLIC128F423B939", "TRJIBDX128F4299E1E", "TRDFVAD128F426B366", "TRTRPCL128F9310BA8", "TRSPLHG128F4299E23", "TRQLRYB128E079506A", "TRLSLJP128F145F988", "TRDCPMV128F424350F", "TRQVORC128E07913D5", "TRDYUQO128F4275193", "TRQMGKF128F42B8200", "TRJXBKU128E07842AA", "TRCQYJE128E078FA49", "TRGUJRG128E079290A", "TROQAXL128F429F87F", "TRKDBVR128F935A643", "TRASGTI128F9326514", "TRQXRRH128F1477261", "TRTQBSZ128F425A745", "TRAGOTA128F92F92C2", "TRWGYLJ128F92CC96A", "TRNIIFM128E078E1CD", "TRQWOSG128F93048F2", "TRZVXWG128F9366EAC", "TRZUUKG128F145F98A", "TRLVTYG128F145F98C", "TRSCWIA128E0785B05", "TRISILF128F92F029E", "TRYZYOZ128F426ADA5", "TRIVSTV12903CAE6BE", "TRCBRTN12903CC4BD1", "TRGWMVP128F42B53DE", "TRJIIBZ128F148D69A", "TROFZQO128F4299E21", "TRKHARN128F146DA7A", "TRGUOYN128F428E3F1", "TRGELVY128F4283621"], "metrics": {"P": 59, "TP": 5, "precision": 0.1, "recall": 0.0847457627118644, "f1": 0.09174311926605505, "average precision": 0.2542372881355932, "reciprocal rank": 0.5}}