{"id": "22d652f8891ba2186a4ce3ee8de7c192148108ef", "recommendations": ["TRXGWZE128F429DB94", "TRVABTY128E07860FB", "TRYZAMO128E079125F", "TRTGBTJ128E0793EB2", "TRYYFKC128E07984A5", "TREVRAJ128F42819AD", "TRDWQHL128F147BD31", "TRNARNI128F934B90A", "TRNBANL128F423ECE6", "TRDWBCU128F426C536", "TRZUJFC128F92F3AA9", "TRJIPSX128F423ECE5", "TRISILF128F92F029E", "TRNDWLI128EF340671", "TRHQICJ128F427B6B5", "TRSXDNB128F42142E5", "TRGNOFL128EF34E4D5", "TRHMSOG128F145A184", "TRGSPUQ128E0780DA5", "TRBVWCA128F4249CA4", "TRNTALF128EF343800", "TRHFWED128F4289573", "TRIDUTO128F92DE1A5", "TRGUOYN128F428E3F1", "TRKDBVR128F935A643", "TRWKQXH128F92D264E", "TRVBDKL12903D0DE8E", "TRMPCGW128F92E0670", "TRDFGDH128F424BDD3", "TRFLVUY12903CF5438", "TRFLNKX128F9339775", "TRBXJVN128F9309484", "TRNLXJM128F4289801", "TRHPOIX12903CE895D", "TRSCNGW12903CE91EB", "TRJWNBW12903D00993", "TRMVEUX128F423ECE9", "TRFDGFW128F4286BFF", "TRYWAHM128F14ADC9F", "TRVIQST128F4251D45", "TRAPHUO12903CC2719", "TRBYSJQ128F9309AA9", "TRTXSNK128F14989DB", "TRXSWJL128F427EEFA", "TRKGTGW128F9300EA3", "TREAYWO128F93112F4", "TRIGYDL12903D05328", "TRJCSLS128F1470ACF", "TRLLLQK128F4294A18", "TRLDYLL128F42555DD"], "metrics": {"P": 18, "TP": 3, "precision": 0.06, "recall": 0.16666666666666666, "f1": 0.08823529411764705, "average precision": 0.3333333333333333, "reciprocal rank": 0.16666666666666666}}