{"id": "25918b59c1b7ff80dff2e7ca5fd88912193b0503", "recommendations": ["TRXHYNW128E078EDF9", "TRNTOLY128F932CB4C", "TRJHIKI128F42539D8", "TRPMCDL128F147F5C0", "TRPSGSU128F93090E4", "TRGGMDE128F1477264", "TROWXJW128F14682FA", "TRXVPML12903CFA062", "TROIDDH128E0786BC1", "TRVJSSU128F92E7BE4", "TRLDBMO128F932A7AC", "TRNBJUK12903CD9C89", "TRCVVIE128F93131C7", "TRPDJBX128F42ACF9B", "TRTEPKY128F4260B04", "TRGVSRU12903CC8F00", "TRSGDDJ128F932CF5B", "TRZXACK128E0794EE5", "TRTLSEQ128F4284E62", "TRWZWWZ12903CA22D9", "TRTUUFH128F932EDD1", "TRKODWS128F9324F0D", "TRNBFRU128F93269F5", "TRHMTMJ128EF3437B6", "TRBNJPZ128F934D5A2", "TRZYWCD128F425C7FD", "TRVESUC128F1477267", "TRTHGPK128F147DF90", "TRZSBTE12903CD7F93", "TRSPZAH128F42B87D5", "TRMPOOO128F934D1A3", "TRSLLQW128E07984BB", "TRHBJZF128F1481A63", "TRCOOYB128E078ED95", "TRQVSRM128F4247F61", "TREVCRI128F1477268", "TREBUCN128F92D2CAC", "TRRJUPO128F930327A", "TRVSDNO12903CC37B0", "TRLUVSD128E07984A0", "TRZBJBL128F92D9B53", "TRWKQXH128F92D264E", "TRPTWGR128F1452734", "TRNPVWX128F93353F9", "TREUABA128F4263019", "TRYCIZS128E0786379", "TRVIQST128F4251D45", "TRCMXWA128F92CB6D0", "TRLEVVI128F427F174", "TRARBMS128F42775F8"], "metrics": {"P": 19, "TP": 2, "precision": 0.04, "recall": 0.10526315789473684, "f1": 0.057971014492753624, "average precision": 0.15789473684210525, "reciprocal rank": 0.07142857142857142}}