{"id": "2aa991d816553f172338ba4834193aba92abb4c3", "recommendations": ["TRLFCIT128F429F792", "TRDVRIY128F424CDD0", "TRVRIBZ128F426BF71", "TRISZQR12903CB263D", "TRNBANL128F423ECE6", "TRBYSQD128F424D87E", "TRUTJWI128F92D3C29", "TRMKSEG128F92D3C5C", "TRQVCXZ128F4298756", "TRXYLKX128F148988C", "TRALEYR128F932F38D", "TRYBKPF128F93102B9", "TRYZAMO128E079125F", "TRLXSNR128F429361D", "TRKDBVR128F935A643", "TRJQAEN128F92E0589", "TRDXLKN12903CE824C", "TRWOMMO128E07944B2", "TRFWGOJ128E0780C8B", "TRSCNGW12903CE91EB", "TRGUOYN128F428E3F1", "TRKKSRH128F426473F", "TRJKZTC128F14676A9", "TRISILF128F92F029E", "TRYHWLD128F426BF7D", "TRJCSLS128F1470ACF", "TRCEVAI128E0791A76", "TRWIFBN128F9308699", "TRUSIMU128EF3436C8", "TRDOIUT128F92E494D", "TRKABMK128F426BF72", "TRIVMCG128F932105E", "TRGNIHW128E0789D37", "TRIGDCW128E078F0F4", "TRWMZOQ12903CC16CB", "TRHBPMP128F1488D35", "TRVYXUG128F933AD8F", "TRTUUFH128F932EDD1", "TRGUJRG128E079290A", "TRBHYJH12903CEA8AC", "TRODMLN128F4221247", "TRHZJBP128F92C3BC0", "TRXDYUE128F429FC3F", "TRAACIE128F428495B", "TRDWQHL128F147BD31", "TRYHLWO128F42BC675", "TRDQAWQ128F93379DF", "TRJLNNO128F149ACCE", "TRNFCDV128F1489886", "TRZUJFC128F92F3AA9"], "metrics": {"P": 21, "TP": 8, "precision": 0.16, "recall": 0.38095238095238093, "f1": 0.22535211267605634, "average precision": 1.7142857142857142, "reciprocal rank": 0.5}}