{"id": "2e37aa820994c7e8465721a6a6ee78f48fc4df7a", "recommendations": ["TRDBFQM128E079298B", "TRDWEAT128F149242F", "TRJCNOT128F92F992E", "TRHHOOK128F42632FB", "TRVLXHK128F934B2F4", "TRSVMZM128F93592F5", "TRLIHKL128F92F5E79", "TRPUBDM128F42B614D", "TRRPRXH128F423F02F", "TRIWPKY128F92E4D6F", "TRGCHGO128F930A87E", "TRDBQXT128F4289423", "TRZMYKW128F429F880", "TRIVSTV12903CAE6BE", "TRGELVY128F4283621", "TRYDCVA128F4260325", "TRNIKXX128F4233FDB", "TRKEICN12903CE499C", "TRVDIEE128E0783217", "TRVBDGB128F42A75AA", "TRIAGDA128F4296176", "TROIQMT128E0792994", "TRJQLLH128F4217810", "TRIKCQI128F92DDC16", "TRZALGW128F4296174", "TRMXLMR128F425B9B1", "TRYXYZU128E0792987", "TRQHEPS128F42933EF", "TRVQXJW128F93432EB", "TRVAGQR128E0792479", "TRPTWLU128E078584F", "TRXAGOY128F147CC75", "TRLCQJQ128F14A46BA", "TRXKDUR128F4265A59", "TRPFBQH128F92E7CD5", "TRVXCWD128F42606B3", "TRDZBOU128F92E43E3", "TRIHZJH128F4262F4A", "TRICSWW128F428954C", "TROQAXL128F429F87F", "TRRBCRI128F92F12C9", "TRJXBKU128E07842AA", "TRNIIFM128E078E1CD", "TRDFVAD128F426B366", "TRMXTQY128F4270323", "TRVXZJI128F92E9746", "TRMHHPP128E0785853", "TRLKDSX128E0781C69", "TRERTYW128F934B2B0", "TRWVMXK128E0784C82"], "metrics": {"P": 18, "TP": 2, "precision": 0.04, "recall": 0.1111111111111111, "f1": 0.058823529411764705, "average precision": 0.16666666666666666, "reciprocal rank": 0.043478260869565216}}