{"id": "37a8e0d8e4fc8cc03be56671e063af20237d6019", "recommendations": ["TRQFTEQ128F14B12BC", "TRTUSWY128F4238D8C", "TROZGWG12903CE6C5B", "TRAFLIC128F423B939", "TRNNNLZ128F933BBBD", "TRKYGZA128F42365DC", "TRJLTZJ12903CCBC23", "TRFWPIX128F423BEDA", "TRTBCVS128F42AD1E5", "TRRKOBD128F4277697", "TRXIKKD128F1497960", "TRRXNSP128F93321FB", "TRMWNLK12903D00F03", "TRTOSOP128F14AE2D0", "TRDJIPJ128F9321317", "TROVWRV128F14B12C7", "TRNWRAW12903CACB8D", "TRDQWDZ128F933BBBF", "TRPWEBU128F422B917", "TRYKAYH128F423BED8", "TRCDAIU128F92C77DF", "TRASQGR128F14557AA", "TRAVCNW128F4288396", "TRECQND128F9323DE3", "TRXKDUR128F4265A59", "TRXZKGS128F429E4EE", "TRXZIMW128F92DE236", "TRYTKPJ12903CE137C", "TRDYYDZ128F93353F7", "TRIZRJX128E0794D82", "TRBUAFL128F14B12C4", "TRAPHUO12903CC2719", "TRGCHGO128F930A87E", "TREJOUZ128F4278FCE", "TRPWPVI128F92EB7B9", "TRFDCPI128F93234B7", "TRZYGSG128F9310CDB", "TRDFVAD128F426B366", "TRISCAT12903CFDBD0", "TRSPMVO128F933D7F5", "TRLHHWD12903CDB311", "TREVDQG128F9324474", "TRTAQVQ128F427B9A5", "TRUHUNN128F92E58B5", "TRHQVQZ12903CA528E", "TRHDCQY128F423BEDF", "TRNXTBZ128F92E4EE6", "TROVKCT128F932F7E5", "TRLIYFS128F148855B", "TRQISHK128F425550E"], "metrics": {"P": 14, "TP": 3, "precision": 0.06, "recall": 0.21428571428571427, "f1": 0.09375, "average precision": 0.42857142857142855, "reciprocal rank": 0.2}}