{"id": "38b3d1771dfbd0d8e2391ad3749f0bd93643210b", "recommendations": ["TRFQUXQ128F1488D32", "TRZRKRE128F42905B1", "TRNNCOL128F1488D34", "TRCPCFS128F427C459", "TROJORG128F1488D3A", "TRWIFBN128F9308699", "TRZUBVA128F1469484", "TRLJEFP12903CA71FB", "TRNDWLI128EF340671", "TRCXFCK128F931EAF9", "TRCAJOM128F1488559", "TRFDFML128F42B53E4", "TRTWXVY128F42A65EC", "TRYHWLD128F426BF7D", "TRWSLFM128F429DBA2", "TRYZAMO128E079125F", "TRLPAKN128F427CA2B", "TRTHNWV128F427C6C0", "TRHQPDN12903CEA4B1", "TRISILF128F92F029E", "TRQAOXR12903C9AA36", "TRLJZVN128EF3435F5", "TRAEZNW12903CF04CC", "TRGSPUQ128E0780DA5", "TROBYTB128F422975C", "TRVWFPD128F423BCE2", "TRNDTAS128F148D716", "TRVKTHJ128F424D875", "TRUGJUA128F931117C", "TRZUJFC128F92F3AA9", "TREJKCZ128C7196DAD", "TRDDHZS128E07893AB", "TRFLNKX128F9339775", "TRQCTJY128F931117E", "TRSCMBY128F9311188", "TRSWJHK128F429EA6F", "TRBBCVJ128F425BE2C", "TRNYARJ128F147F918", "TRBHYJH12903CEA8AC", "TRKSTEJ128F4281CC9", "TRXAOPL128F42922A3", "TRNRJUN128F42AE2BC", "TRYHLWO128F42BC675", "TRHBPMP128F1488D35", "TRXVZKC128F425AEEE", "TRFCWVP12903CDBF19", "TRDQAWQ128F93379DF", "TRKHARN128F146DA7A", "TRIGYDL12903D05328", "TRNTALF128EF343800"], "metrics": {"P": 18, "TP": 3, "precision": 0.06, "recall": 0.16666666666666666, "f1": 0.08823529411764705, "average precision": 0.3333333333333333, "reciprocal rank": 1.0}}