{"id": "390c2e81bc9cf885608a0891c0a7eb13f1fd3336", "recommendations": ["TRGVSRU12903CC8F00", "TRCVVIE128F93131C7", "TRWZWWZ12903CA22D9", "TRPMCDL128F147F5C0", "TRXENFI128E078BDFD", "TRNZOOI128F425D68F", "TRZYWCD128F425C7FD", "TRUOCWY128F427B6F5", "TRYOOQS12903CCDAD0", "TRTBICJ128F4293C13", "TRWAVRT128E078907D", "TRQVSRM128F4247F61", "TRSAVRV128E0784602", "TRFMSLA128F92F99F3", "TRODQGV128F425FD7E", "TRAPHUO12903CC2719", "TRHOAVJ128F428B4D2", "TRWCVOF128F42480E6", "TRXVRJG128E0789081", "TRVRKIS12903D07703", "TRFEZLR128F92C5A85", "TRACEHO128F1488CEA", "TRJFKID128F92F2377", "TRGOEVS128F42288A5", "TRGVFLA128F931F73B", "TRNWKFE12903D0C388", "TRRGMPU128F42B8BF6", "TRFXNFG128F423F5CF", "TRVRIEM128F92EB8F6", "TRVVOMR12903CD20E1", "TRLBBLG128F933C0E1", "TRAARZK12903D14A2D", "TRGXKTQ128F933C847", "TRVIVYJ128F4261B0A", "TRYZKBN128F9312273", "TRCLAMQ128F9329354", "TRHQKZL128E0781A2C", "TRBCJUF128F93190C2", "TRAZSGB128F42359DA", "TRJSQQT128F149F9B4", "TRIJIAU128E0789D41", "TRNBANL128F423ECE6", "TRVSDNO12903CC37B0", "TRDUOSF128F92EF905", "TRAMXGR128E07822CC", "TRKHLLG128EF3437B3", "TRIBVFM128F932E029", "TRKRUFV12903CB7907", "TRPJZVC128F9308EB9", "TRRBMRK12903CBFA4F"], "metrics": {"P": 13, "TP": 1, "precision": 0.02, "recall": 0.07692307692307693, "f1": 0.03174603174603175, "average precision": 0.07692307692307693, "reciprocal rank": 0.03225806451612903}}