{"id": "3cffdcdc03294b3712ad65df7d9701a655b4b735", "recommendations": ["TRUZLMI12903D0C380", "TRNWKFE12903D0C388", "TRTNBSL128F931C0D5", "TRAMXGR128E07822CC", "TRPADGS12903D0C382", "TRINTFS12903CF7876", "TRYYFKC128E07984A5", "TRKKXKN128EF3445BE", "TRXFKGZ12903CEE34B", "TRADKAX128E0786B92", "TRDVAWK128E07943D3", "TRTQBSZ128F425A745", "TRTQDGL128E0780C94", "TRFMSLA128F92F99F3", "TRRWBPJ128F423DF80", "TRUENYE128E078FEB5", "TRBROFZ128E07917F6", "TREAJBV12903CCDA96", "TRXGWZE128F429DB94", "TRLLSRB128F14520BA", "TRJXIEL128F1465555", "TRGCHLH12903CB7352", "TRHOMAF128F42607D4", "TRVVOMR12903CD20E1", "TRERMWV128F92F991F", "TRBNZPP128F428E6F9", "TRAPJFL128F42AA7B4", "TRDWBCU128F426C536", "TRIDPWO128F423DBC6", "TRAPHUO12903CC2719", "TRBCJUF128F93190C2", "TRYOOQS12903CCDAD0", "TRNBANL128F423ECE6", "TRIRULV128F42BAE52", "TRKQNZA128E0782CD6", "TRKNVRW128F9309A57", "TROOXQV128F932B6EF", "TRYCNEZ128F427B8D4", "TROLUYY128F4282832", "TRYHWLD128F426BF7D", "TRVCFUI128F92E1D42", "TRBHYJH12903CEA8AC", "TRILXCN128F92F41C6", "TRPMCDL128F147F5C0", "TRYYOWT128F42B6558", "TRFOKTF128F1477266", "TRVOZWL12903CD6081", "TRRWGXO12903CA8481", "TRUZVUE128F42415EE", "TRLGQLW128EF3453BA"], "metrics": {"P": 12, "TP": 2, "precision": 0.04, "recall": 0.16666666666666666, "f1": 0.06451612903225806, "average precision": 0.25, "reciprocal rank": 1.0}}