{"id": "3f9a8180776f260cd5bd933e6c49085c687856a2", "recommendations": ["TROVHGG128F93181C9", "TRXYBBI128F9318209", "TRWHCZK128F931822E", "TRLDIGW128F93269F8", "TRHDTUG128F92E8058", "TRKJMNS128F423EEA2", "TRWNFMW128F1465AC3", "TRVRIBZ128F426BF71", "TRKKRNJ12903D08282", "TRCXIGZ128E07816E0", "TRXSWJL128F427EEFA", "TRYZYOZ128F426ADA5", "TRWXJOD128F92E58BD", "TRISILF128F92F029E", "TRUBKJO128F421C971", "TRQIPME12903CFDBB6", "TROINBI12903CDB2D8", "TRLHHWD12903CDB311", "TRCUPLI128F9352959", "TRAKKFK128F14A895A", "TROFZQO128F4299E21", "TRJSZZG128F931B3DD", "TRFTEJK12903CDB30A", "TRENYZD12903CE75B6", "TRXOTQI128F149F63C", "TRYZAMO128E079125F", "TRCDAIU128F92C77DF", "TRPCCDQ128F931EB27", "TRJLNNO128F149ACCE", "TRCQFJI128F4284EEE", "TRBJOGT128F42396CC", "TRDUALP128F42380B9", "TRQXRRH128F1477261", "TRWTUCN12903D12C30", "TROZCED12903CE1382", "TROYZUQ128F930F4B1", "TRJWNBW12903D00993", "TRVYYDA128F93501B9", "TRQLRYB128E079506A", "TRYUBWR128E07840BA", "TRUMXQQ128F932C290", "TRQUVZA12903CF5F0D", "TRTRPCL128F9310BA8", "TRTPSRD12903CF78F1", "TRZYGSG128F9310CDB", "TRTQWAT128F42596D8", "TRXIKKD128F1497960", "TRMSIXA128F14563A8", "TRWIFBN128F9308699", "TRDYYDZ128F93353F7"], "metrics": {"P": 12, "TP": 4, "precision": 0.08, "recall": 0.3333333333333333, "f1": 0.12903225806451613, "average precision": 0.8333333333333333, "reciprocal rank": 1.0}}