{"id": "3fd3acaa8dfeb94b0602a33085b44ebe80545dd2", "recommendations": ["TROQAXL128F429F87F", "TRKVEHF128E078221D", "TRSCUBC128E0782224", "TRHTQFK128F427BBAA", "TRWKVRK128F9345DAC", "TRMHHPP128E0785853", "TRKEIZP12903D05324", "TRKWXAG128EF340672", "TRHCOPF128F145F6A7", "TRFCWVP12903CDBF19", "TRRNFHH128F92D262D", "TRPBOHP128E078B74E", "TRJXBKU128E07842AA", "TRZUJFC128F92F3AA9", "TRCQLYE128F428BEB9", "TRHMSOG128F145A184", "TRZQWLN128F426235E", "TRILGUV128F428A4C5", "TRRYVGX128F428A58E", "TRGEUXA128E07842A7", "TRJHJSK128F427D882", "TRLZYNB128F930A779", "TROVGHA128F146CC2D", "TRJDBTK128F428A4B3", "TRPTWLU128E078584F", "TRYZAMO128E079125F", "TRDRTVY128F93452BC", "TRBTLYG128F428AE16", "TRVUTVN128F1488D37", "TRYDUVL128F429875C", "TRSSAGS128F92E697A", "TRSXDNB128F42142E5", "TRJREQL128F92EF09A", "TRIIPXR12903CDBF1A", "TRNRJUN128F42AE2BC", "TREAYWO128F93112F4", "TRPKRXW128F426257C", "TRIGYDL12903D05328", "TRGTIIJ128F424DA28", "TROMXUF128EF35EE85", "TRGSPUQ128E0780DA5", "TRGUOYN128F428E3F1", "TROFBXV128F9326CD8", "TRZVEHE128F92F3A75", "TRBYIUL128F9305E6B", "TRHIUQE128F427E268", "TRNIKXX128F4233FDB", "TRDWQHL128F147BD31", "TRMPCGW128F92E0670", "TRISILF128F92F029E"], "metrics": {"P": 18, "TP": 2, "precision": 0.04, "recall": 0.1111111111111111, "f1": 0.058823529411764705, "average precision": 0.16666666666666666, "reciprocal rank": 0.1111111111111111}}