{"id": "484b69dd013df1ec0cfd504886d4f647cb32b08f", "recommendations": ["TRDXLKN12903CE824C", "TRXXXOO128F92F51FB", "TRVVTWQ128E078F1B7", "TRBYSQD128F424D87E", "TRJGXED128F9305D7D", "TRINTFS12903CF7876", "TRGUJRG128E079290A", "TRIVMCG128F932105E", "TRKHARN128F146DA7A", "TRLGQLW128EF3453BA", "TRHHOOK128F42632FB", "TRURAHF128F426A3C4", "TRWJDTI128F424EAD6", "TRQXRRH128F1477261", "TRFOKTF128F1477266", "TRFRJAY128F1465267", "TRAGOTA128F92F92C2", "TRQZPIE128F1455E47", "TRIAGDA128F4296176", "TRNCNUI128F92E972F", "TRGWMVP128F42B53DE", "TRTQDGL128E0780C94", "TRPZATX128F930A220", "TRAWHNK128F4267933", "TRHZJBP128F92C3BC0", "TRQRACN12903C9CE1D", "TRXNRKG128F425A4B8", "TRUMXQQ128F932C290", "TRMXLMR128F425B9B1", "TRDYUQO128F4275193", "TRVHRIT128E0782986", "TRDVUST128F4280D13", "TRAMXGR128E07822CC", "TRDQAWQ128F93379DF", "TRTQBSZ128F425A745", "TRNIIFM128E078E1CD", "TRPXVMC128F42987CC", "TRIHZJH128F4262F4A", "TRHDTUG128F92E8058", "TRTRPCL128F9310BA8", "TRCQYJE128E078FA49", "TRNBFRU128F93269F5", "TRVDHXR128E0782B63", "TRUHIHJ128F424F5BC", "TRVKTHJ128F424D875", "TRWBTVW128F931E1BA", "TRDJQCZ128F423D135", "TRZVXWG128F9366EAC", "TRTBBEW128F42813F6", "TRDDHZS128E07893AB"], "metrics": {"P": 19, "TP": 1, "precision": 0.02, "recall": 0.05263157894736842, "f1": 0.028985507246376812, "average precision": 0.05263157894736842, "reciprocal rank": 1.0}}