{"id": "4c6e2b39891084e55a670676aecc582a7ad5eee4", "recommendations": ["TRPMCDL128F147F5C0", "TRZYWCD128F425C7FD", "TRNWKFE12903D0C388", "TRVYYDA128F93501B9", "TRDOIUT128F92E494D", "TRJSZZG128F931B3DD", "TRVRIBZ128F426BF71", "TRYHWLD128F426BF7D", "TRKKCHY128F92C6AEA", "TROINBI12903CDB2D8", "TRZALGW128F4296174", "TRJYEEB128E07993C2", "TRBAQWQ12903CAFD15", "TRMQJPF128F14B0B95", "TRPCCDQ128F931EB27", "TRRKYRO128F93537F9", "TRJPQML12903CDFF83", "TRKNFSA128F428192C", "TRFMSLA128F92F99F3", "TRYUHKT128F42393D9", "TRPADGS12903D0C382", "TRTBBEW128F42813F6", "TRQXKXL128F426E03E", "TRLUVSD128E07984A0", "TROZCED12903CE1382", "TRFOKTF128F1477266", "TRISZQR12903CB263D", "TRISILF128F92F029E", "TRYZAMO128E079125F", "TRTNBSL128F931C0D5", "TRENYZD12903CE75B6", "TRUBKJO128F421C971", "TRRQYZN128F426D0AD", "TRQQKHR128F9335F72", "TRVIQST128F4251D45", "TRJQRAP128F9314B3F", "TRFDWUS128F427EEFE", "TRXPSPE128EF33FB50", "TRJLNNO128F149ACCE", "TRLBPMV128F92FAABB", "TRYWDCP128E0784BAB", "TRBHYJH12903CEA8AC", "TROKPAZ128E078114A", "TRRHULT128F4231A35", "TRJKOKW128F92E36FB", "TRALEYR128F932F38D", "TRKKRNJ12903D08282", "TRJSEXD128F423DBC4", "TRMCURM128F92E383C", "TRRHVIC128F92F9908"], "metrics": {"P": 28, "TP": 3, "precision": 0.06, "recall": 0.10714285714285714, "f1": 0.07692307692307691, "average precision": 0.21428571428571427, "reciprocal rank": 0.125}}