{"id": "50e8b82d39627c1aef0df5ad97b4a66a629c8edc", "recommendations": ["TRWWGYN128E078470F", "TRWAVGB128F42AF421", "TRSCDSH128F148BE9E", "TRIWSNC128F932FC8C", "TRJLMAI128F92EBB04", "TRPFUKY128F9327C9D", "TRHVOJT128F92C4A3D", "TRKIRIG128E0791EB7", "TRLJVJC128F9302FC9", "TREBWYU12903CCDAA8", "TRBQIKR128F148BE55", "TRFPCZI128E078EC13", "TRPKXET128F92ED656", "TRCETGK12903CD83AA", "TRZBDJG128F42727D2", "TREHOGG128F428DF46", "TROINBI12903CDB2D8", "TRULKPM128E078E167", "TRAXBIJ128F147768B", "TRTGSVG128E079281F", "TRJVBYA128F93434FD", "TRSGNMZ128F92F8FD0", "TRVAIVL128F93278E7", "TRBYSJQ128F9309AA9", "TRIGWNQ128F92EB1C7", "TRGGZPN128F42891DB", "TRHEIAI128F92C2E28", "TRDCQIN128F42B84F8", "TRHBQST128E07930CB", "TRJFFJI128F92E71E9", "TRKBVZL128F42134BA", "TRVXQSK128F148D3FF", "TRLFTUY128F4294765", "TRSTLSG128E078370C", "TRHTQFK128F427BBAA", "TRYFSJE128EF3622F9", "TRJZZTW128F426621D", "TRRKISY128F428BC76", "TRZARMV128F428E8A7", "TRTNUBT128F42A4C8C", "TRLNTDR128F426BE2D", "TRGAFMD128F148CDA3", "TRHPSDO12903CE5189", "TRNHZQB128F428E8A3", "TRWRJHE128F424D865", "TRBGTPK128F429E5D5", "TRZUCIS128F92F91B9", "TRQDUQS128F428CD90", "TRYIVTN128F4286515", "TRZFEOG128E078ECBE"], "metrics": {"P": 21, "TP": 6, "precision": 0.12, "recall": 0.2857142857142857, "f1": 0.16901408450704222, "average precision": 0.9999999999999999, "reciprocal rank": 0.5}}