{"id": "529b42cdbc379ad2e765aec6d3bad8a192038741", "recommendations": ["TRWRJHE128F424D865", "TRJLMAI128F92EBB04", "TRKIRIG128E0791EB7", "TRJFFJI128F92E71E9", "TRQWJKU128F14618D1", "TRHBQST128E07930CB", "TRVENIG128F42762C5", "TRBQANA128F14AE2CF", "TRRHHJQ128F42A5707", "TRICRJU12903CC463E", "TRKGUFM128F429E58A", "TRNWRTV128F9319822", "TRAXBIJ128F147768B", "TRURTNZ128F9311AD3", "TRCBRTN12903CC4BD1", "TRDWBCU128F426C536", "TRQMGKF128F42B8200", "TRTNUBT128F42A4C8C", "TRCETGK12903CD83AA", "TRBVVZX128F14618CD", "TROYMTB128F4260720", "TRVZFVK128F42A4C3C", "TRVGHCP128F1469A87", "TRJZZTW128F426621D", "TRCIPFM128F425C8D3", "TRHQICJ128F427B6B5", "TRYCNIP128F42133A0", "TRLUXWO128F14618D6", "TRUELXV128E0785A80", "TRTONWC128F92DC338", "TRNARNI128F934B90A", "TRYOOQS12903CCDAD0", "TRNTALF128EF343800", "TRKBVZL128F42134BA", "TRTXSNK128F14989DB", "TRMVEUX128F423ECE9", "TRVXQSK128F148D3FF", "TRTQDER128F92DE72A", "TRQDUQS128F428CD90", "TRFPCZI128E078EC13", "TRHDCQY128F423BEDF", "TRBPWVZ128F4214A7E", "TRSTLSG128E078370C", "TRUATNS128F423457D", "TRLDYLL128F42555DD", "TRGIAJW128F4277349", "TRDXOZM128E0793855", "TRXGWZE128F429DB94", "TRWWGYN128E078470F", "TRCRJHK128F423DBC9"], "metrics": {"P": 28, "TP": 2, "precision": 0.04, "recall": 0.07142857142857142, "f1": 0.05128205128205128, "average precision": 0.10714285714285714, "reciprocal rank": 0.1111111111111111}}