{"id": "52df18b9b1235ac56507cb4119fc5b3f6f010dcd", "recommendations": ["TRWWGYN128E078470F", "TRLJVJC128F9302FC9", "TRTNUBT128F42A4C8C", "TRJFFJI128F92E71E9", "TRSTLSG128E078370C", "TREHOGG128F428DF46", "TRNUNTK128F428E2D4", "TRQWJKU128F14618D1", "TRULKPM128E078E167", "TRKBVZL128F42134BA", "TRJSTRA12903CCA6E9", "TRYCNIP128F42133A0", "TRBGTPK128F429E5D5", "TRVGHCP128F1469A87", "TRIGWNQ128F92EB1C7", "TRJVBYA128F93434FD", "TRIWSNC128F932FC8C", "TRHOUXO128F425B34B", "TRHBQST128E07930CB", "TRZFEOG128E078ECBE", "TRPFUKY128F9327C9D", "TRTGSVG128E079281F", "TRUATNS128F423457D", "TRYFSJE128EF3622F9", "TRVXQSK128F148D3FF", "TRLUXWO128F14618D6", "TRFPCZI128E078EC13", "TRLFTUY128F4294765", "TRNIACV128F9301DC2", "TRNWRTV128F9319822", "TRCIPFM128F425C8D3", "TRGGMCC128E078EB15", "TRXZIMW128F92DE236", "TRDYYDZ128F93353F7", "TROYMTB128F4260720", "TRZYGSG128F9310CDB", "TRDXOZM128E0793855", "TRIWDKR128F429D9EE", "TRTONWC128F92DC338", "TRCIOFB128F9321D3E", "TRMWNLK12903D00F03", "TRRKISY128F428BC76", "TRZAXFA128E0792826", "TRQEQHH12903CA6CE5", "TROINBI12903CDB2D8", "TRTOSOP128F14AE2D0", "TRREVPO128E078F5B1", "TRUMIHF12903CBE0A8", "TRXPSPE128EF33FB50", "TRYZAMO128E079125F"], "metrics": {"P": 16, "TP": 1, "precision": 0.02, "recall": 0.0625, "f1": 0.030303030303030304, "average precision": 0.0625, "reciprocal rank": 0.027777777777777776}}