{"id": "530d2b9883106d185d2ce0e2069b89a90a63c55f", "recommendations": ["TRLHHWD12903CDB311", "TRZUCIS128F92F91B9", "TRAMXGR128E07822CC", "TRVIGDJ128F4262CD6", "TRQZPIE128F1455E47", "TRWNFMW128F1465AC3", "TRKQQLC128F93032DA", "TRSGNMZ128F92F8FD0", "TRRGTXK128F92F991B", "TROGDUH128F9330CB9", "TRBFKOV128F426DDF1", "TRYQWHS128F4237626", "TRAGOTA128F92F92C2", "TRDADBO128C7196C2E", "TRXYBBI128F9318209", "TRPZATX128F930A220", "TRUMXQQ128F932C290", "TRAPHUO12903CC2719", "TROINBI12903CDB2D8", "TRXSWJL128F427EEFA", "TRZPAPV128F427E8D2", "TRTRPCL128F9310BA8", "TRCXIGZ128E07816E0", "TRYRFSW128F930490B", "TRGWMVP128F42B53DE", "TRDJQCZ128F423D135", "TROEVBD128F92DC10D", "TRCQKWZ128F933A30C", "TRBHYJH12903CEA8AC", "TRINTFS12903CF7876", "TRDCPMV128F424350F", "TRGGONE128F42B6FF9", "TREVUBW128F92F91B2", "TRUXLWW128F14567C4", "TRQXRRH128F1477261", "TRRXNSP128F93321FB", "TRQLZRI128F429337E", "TRKKXKN128EF3445BE", "TRJMHJZ128F4290063", "TRURAHF128F426A3C4", "TRRWBPJ128F423DF80", "TRYZAMO128E079125F", "TRLGQLW128EF3453BA", "TRPCCDQ128F931EB27", "TRYTKPJ12903CE137C", "TRQPYHG128F4293089", "TRSBDSN128F92F91BE", "TRCXFCK128F931EAF9", "TRCZPQW128F429BBE8", "TRDFGDH128F424BDD3"], "metrics": {"P": 27, "TP": 6, "precision": 0.12, "recall": 0.2222222222222222, "f1": 0.15584415584415584, "average precision": 0.7777777777777778, "reciprocal rank": 0.5}}