{"id": "5696bf760215a24ba6f381b8e466828131ddf13b", "recommendations": ["TROKNDM128F148C4C4", "TRWLRVY128E07993C0", "TRENDEU128F93112E1", "TROINBI12903CDB2D8", "TRBRLNJ128F92F622E", "TRPKXET128F92ED656", "TRJLNNO128F149ACCE", "TRLIYFS128F148855B", "TRDCQIN128F42B84F8", "TRYHLWO128F42BC675", "TRARLCN128F92D7218", "TRJREQL128F92EF09A", "TRQAOXR12903C9AA36", "TRXGWZE128F429DB94", "TRSCMBY128F9311188", "TRZBDJG128F42727D2", "TRTXSNK128F14989DB", "TRZAQAZ128F149F9FF", "TRLDYLL128F42555DD", "TRHEIAI128F92C2E28", "TREJGVP128EF3436BE", "TRNRFYE128F42BC67E", "TRZYGSG128F9310CDB", "TRSSAAP128F14979B6", "TREXNVY128F92DE1E9", "TRQCTJY128F931117E", "TRUGJUA128F931117C", "TRXZIMW128F92DE236", "TRZRKRE128F42905B1", "TRTQDER128F92DE72A", "TRLNTDR128F426BE2D", "TRXAOPL128F42922A3", "TRNRJUN128F42AE2BC", "TRQJIHH128F931B0BE", "TRNDWLI128EF340671", "TRCAJOM128F1488559", "TRVESUC128F1477267", "TRQQBBL12903CFCDE4", "TRKYXBC12903CF7A88", "TREROBL128C719697E", "TREJKCZ128C7196DAD", "TREAYWO128F93112F4", "TRMAEHV128F427ECE6", "TRWSLFM128F429DBA2", "TRDUALP128F42380B9", "TRFHPPK128F934C17A", "TRNTALF128EF343800", "TRZARMV128F428E8A7", "TRBXJVN128F9309484", "TRFOVOY12903CD43E2"], "metrics": {"P": 29, "TP": 1, "precision": 0.02, "recall": 0.034482758620689655, "f1": 0.02531645569620253, "average precision": 0.034482758620689655, "reciprocal rank": 0.05263157894736842}}