{"id": "57e32b0cf88d1e3344dab420971ba46d08dd34bd", "recommendations": ["TRLSLJP128F145F988", "TRSAEFL128E078B035", "TRJIIBZ128F148D69A", "TRNWRAW12903CACB8D", "TRXKDUR128F4265A59", "TRONTHY128F4295577", "TRQRACN12903C9CE1D", "TRIVSTV12903CAE6BE", "TRGUJRG128E079290A", "TROIXIC128F427B6F6", "TRNIIFM128E078E1CD", "TRDFVAD128F426B366", "TRQVORC128E07913D5", "TRIHZJH128F4262F4A", "TRLVTYG128F145F98C", "TRTAQVQ128F427B9A5", "TRBUAFL128F14B12C4", "TRZUUKG128F145F98A", "TRDYUQO128F4275193", "TRMXLMR128F425B9B1", "TRLNBPN128F92F6FCC", "TRFDGFW128F4286BFF", "TRKHARN128F146DA7A", "TRBNNIL128E079268E", "TROOXQV128F932B6EF", "TRVKTHJ128F424D875", "TRAEGEA128F1486047", "TRODMLN128F4221247", "TROVWRV128F14B12C7", "TRYCNEZ128F427B8D4", "TRMFCNV128F92E8B76", "TROKQVH128F148D1C3", "TRAVVMB128F148D1C1", "TRVCFUI128F92E1D42", "TRDQAWQ128F93379DF", "TRRNFHH128F92D262D", "TRKEICN12903CE499C", "TRVAGQR128E0792479", "TRZVXWG128F9366EAC", "TRWJDTI128F424EAD6", "TRIVMCG128F932105E", "TRYIVTN128F4286515", "TRGCHGO128F930A87E", "TRQFTEQ128F14B12BC", "TRBYSQD128F424D87E", "TRWQWEU128F14789F0", "TRZMYKW128F429F880", "TRKYGZA128F42365DC", "TROQAXL128F429F87F", "TRVDIEE128E0783217"], "metrics": {"P": 24, "TP": 14, "precision": 0.28, "recall": 0.5833333333333334, "f1": 0.3783783783783784, "average precision": 4.375, "reciprocal rank": 1.0}}