{"id": "5a905f000fc1ff3df7ca807d57edb608863db05d", "recommendations": ["TREPUVB128F423ECEA", "TRYOOQS12903CCDAD0", "TRODQGV128F425FD7E", "TRWUZCQ128F92FFC1B", "TRGSPUQ128E0780DA5", "TRNBANL128F423ECE6", "TRIJOVX128F931B47F", "TRJDUIU12903CE9200", "TRNCNUI128F92E972F", "TRXKYSS128F92D2624", "TRJIPSX128F423ECE5", "TRCUEAD128F92FFC39", "TRNPKRK128F429831C", "TRWFJOB128F4298317", "TRICSWW128F428954C", "TRXKDUR128F4265A59", "TRWKQXH128F92D264E", "TRIYLCV128F4243D6D", "TRFWGOJ128E0780C8B", "TRLLLQK128F4294A18", "TRVIVYJ128F4261B0A", "TRICRJU12903CC463E", "TRHDEWE128F92FDBBA", "TRLATHU128F92FC275", "TRRQKRU128F42634C7", "TRFLVUY12903CF5438", "TRKYGZA128F42365DC", "TRILXCN128F92F41C6", "TRTUSWY128F4238D8C", "TRTBICJ128F4293C13", "TRGUOYN128F428E3F1", "TRSXDNB128F42142E5", "TRJKZTC128F14676A9", "TRIGIPE128E078EC89", "TRHFWED128F4289573", "TRMPCGW128F92E0670", "TRWLRVY128E07993C0", "TRMIKES128F92FFBF4", "TRSCNGW12903CE91EB", "TRQJALO128F423ECE8", "TRTNBSL128F931C0D5", "TRENTGL128E0780C8E", "TRUOJJS128F145C256", "TRTXSNK128F14989DB", "TRJQAEN128F92E0589", "TRLPAKN128F427CA2B", "TRUSIMU128EF3436C8", "TRAPHUO12903CC2719", "TRGVSRU12903CC8F00", "TRLDYLL128F42555DD"], "metrics": {"P": 98, "TP": 14, "precision": 0.28, "recall": 0.14285714285714285, "f1": 0.18918918918918917, "average precision": 1.0714285714285714, "reciprocal rank": 0.3333333333333333}}