{"id": "5d5e0142e54c3bb7b69f548c2ee55066c90700eb", "recommendations": ["TRUATNS128F423457D", "TRTOSOP128F14AE2D0", "TRCDAIU128F92C77DF", "TRXZIMW128F92DE236", "TRNIACV128F9301DC2", "TRYKAYH128F423BED8", "TRFPCZI128E078EC13", "TRNNNLZ128F933BBBD", "TRPGDSP128F931DD22", "TRFDCPI128F93234B7", "TRWTJKJ128E078FC10", "TRNUNTK128F428E2D4", "TRDFNWO128F92DFBA5", "TRCBRTN12903CC4BD1", "TRDYYDZ128F93353F7", "TRZYGSG128F9310CDB", "TRSTLSG128E078370C", "TRBQANA128F14AE2CF", "TRECQND128F9323DE3", "TRVMLIA128F92DC109", "TRVKTHJ128F424D875", "TRHDCQY128F423BEDF", "TRIWSNC128F932FC8C", "TRFWPIX128F423BEDA", "TRKHARN128F146DA7A", "TRTQWAT128F42596D8", "TRQXTTC128F4264434", "TRNJLAS128F423CC6A", "TRQEQHH12903CA6CE5", "TRJVBYA128F93434FD", "TRDQWDZ128F933BBBF", "TRDQAWQ128F93379DF", "TRHBQST128E07930CB", "TRMWNLK12903D00F03", "TRVCFUI128F92E1D42", "TRTNUBT128F42A4C8C", "TRWWGYN128E078470F", "TRVGHCP128F1469A87", "TRLUXWO128F14618D6", "TRQWJKU128F14618D1", "TRBPWVZ128F4214A7E", "TRWPEMR128F14520BC", "TREHOGG128F428DF46", "TRULNMQ128F92E1FDA", "TRVGNYX128F93173C3", "TRIGWNQ128F92EB1C7", "TRTGUWJ128F146EC54", "TRWORBU128F428C6CF", "TRDJIPJ128F9321317", "TRVULSX128F14824CD"], "metrics": {"P": 17, "TP": 6, "precision": 0.12, "recall": 0.35294117647058826, "f1": 0.1791044776119403, "average precision": 1.2352941176470589, "reciprocal rank": 0.5}}