{"id": "69b7cacb67e4ab7aa9773b1e5010cc0fd98cc08f", "recommendations": ["TRYHWLD128F426BF7D", "TRIWSNC128F932FC8C", "TRUATNS128F423457D", "TRWARXP128F42B44AE", "TRFBNZN128F9340B0E", "TRJREQL128F92EF09A", "TRGGMCC128E078EB15", "TREHOGG128F428DF46", "TROMXUF128EF35EE85", "TRTNBSL128F931C0D5", "TRERTZY128F1487259", "TRHOUXO128F425B34B", "TRMIKES128F92FFBF4", "TRVIVYJ128F4261B0A", "TRNUNTK128F428E2D4", "TRGSPUQ128E0780DA5", "TRILXCN128F92F41C6", "TRTONWC128F92DC338", "TRPFQLJ128F425DC0A", "TRGUOYN128F428E3F1", "TRUOUFY128F933900C", "TRWKJGH128F425BEF8", "TRLUXWO128F14618D6", "TRYZAMO128E079125F", "TRLIYFS128F148855B", "TRCAJOM128F1488559", "TRNBANL128F423ECE6", "TREJGVP128EF3436BE", "TRUZRFT128F42BC682", "TRTQBSZ128F425A745", "TRLJVJC128F9302FC9", "TRFWGOJ128E0780C8B", "TRIGYDL12903D05328", "TRDMQMC128F9338FCD", "TRJDUIU12903CE9200", "TRUECNT128F9309699", "TRPJMKA128F4284E71", "TRTQLIW128F14676B0", "TRKEIZP12903D05324", "TRROTDF128F931C028", "TRJLNNO128F149ACCE", "TRSHIDL128F42255EC", "TRGNOFL128EF34E4D5", "TRYDUVL128F429875C", "TREPUVB128F423ECEA", "TRFPCZI128E078EC13", "TRIYLCV128F4243D6D", "TRWKQXH128F92D264E", "TRLLLQK128F4294A18", "TRENDEU128F93112E1"], "metrics": {"P": 25, "TP": 1, "precision": 0.02, "recall": 0.04, "f1": 0.02666666666666667, "average precision": 0.04, "reciprocal rank": 0.16666666666666666}}