{"id": "732f88be38fae217f8ab7e24c20dd072436e3e40", "recommendations": ["TRXGWZE128F429DB94", "TRHDTUG128F92E8058", "TROIQMT128E0792994", "TRWXJOD128F92E58BD", "TRVCFUI128F92E1D42", "TRRXMOY12903CB89CE", "TRARLCN128F92D7218", "TRYZYOZ128F426ADA5", "TRLDYLL128F42555DD", "TRQXTTC128F4264434", "TRFRJAY128F1465267", "TRSEZDY128F1455E48", "TRDWBCU128F426C536", "TRNDWLI128EF340671", "TRYXYZU128E0792987", "TRPNASU128E078B702", "TRAACIE128F428495B", "TRLXSNR128F429361D", "TREJKCZ128C7196DAD", "TRLDIGW128F93269F8", "TRWNFMW128F1465AC3", "TRWWOLZ128F427D87D", "TROXSKI128EF34C057", "TRNTALF128EF343800", "TRURAHF128F426A3C4", "TRJCSLS128F1470ACF", "TRYHLWO128F42BC675", "TRNUGUX128F425B7DB", "TRNRJUN128F42AE2BC", "TRVKTHJ128F424D875", "TRUMXQQ128F932C290", "TRUWYFM128F423F000", "TRULNMQ128F92E1FDA", "TRSFSBE128F1459AF1", "TRIHLES128EF344BF3", "TRYYFKC128E07984A5", "TRVYUKA12903CEA428", "TRHQICJ128F427B6B5", "TRHIUQE128F427E268", "TRQXRRH128F1477261", "TRDVUST128F4280D13", "TRLHHWD12903CDB311", "TRBZIWR128F92E58B8", "TRBRLNJ128F92F622E", "TRFLVUY12903CF5438", "TRUTULC128F4293712", "TRKRJTO128F934259F", "TRADXNP128F92CA873", "TRVIGDJ128F4262CD6", "TRTGBTJ128E0793EB2"], "metrics": {"P": 56, "TP": 1, "precision": 0.02, "recall": 0.017857142857142856, "f1": 0.01886792452830189, "average precision": 0.017857142857142856, "reciprocal rank": 0.0625}}