{"id": "77448d704c1b9acc37037d400302ce7f8a9496c7", "recommendations": ["TRNDBSR128E0792511", "TRREVPO128E078F5B1", "TRBGTPK128F429E5D5", "TRKBVZL128F42134BA", "TRIGIPE128E078EC89", "TRNWRTV128F9319822", "TRTKDFL128F428D3C5", "TRSCNGW12903CE91EB", "TRZSDCG128F4247F5B", "TRQWJKU128F14618D1", "TRYFSJE128EF3622F9", "TRLDYLL128F42555DD", "TRVXQSK128F148D3FF", "TRZAXFA128E0792826", "TRHTQDK128F4294A1C", "TRSTLSG128E078370C", "TRIJOVX128F931B47F", "TRVGNYX128F93173C3", "TRQAFCZ128F42A52C8", "TRNRJUN128F42AE2BC", "TRTGSVG128E079281F", "TRFLVUY12903CF5438", "TRSEBCD128F4289D57", "TRJFFJI128F92E71E9", "TRNYITZ128F92EA216", "TRHMSOG128F145A184", "TRLZFMO128F4281C89", "TRKEIZP12903D05324", "TRYCNIP128F42133A0", "TRXYLKX128F148988C", "TRKSTEJ128F4281CC9", "TRMPCGW128F92E0670", "TRENDEU128F93112E1", "TRMTMSW128F42745C9", "TRJWNBW12903D00993", "TRYZAMO128E079125F", "TRGSPUQ128E0780DA5", "TRZJNDO128EF343498", "TRJCSLS128F1470ACF", "TRIWDKR128F429D9EE", "TRVQXJW128F93432EB", "TRJREQL128F92EF09A", "TRLLQUC128F932A35B", "TROXEOE128F427D32B", "TRCIPFM128F425C8D3", "TRLUXWO128F14618D6", "TRHUACP128F9330D0C", "TRZUJFC128F92F3AA9", "TRKLEXC128F92F4B86", "TRRQKRU128F42634C7"], "metrics": {"P": 40, "TP": 1, "precision": 0.02, "recall": 0.025, "f1": 0.022222222222222223, "average precision": 0.025, "reciprocal rank": 0.03333333333333333}}