{"id": "77cac5c3389010b64d01b30f725c24de4a5bb626", "recommendations": ["TRMFVSX128F4243851", "TRWMVFA128F428C6CE", "TRKEKRC128F424383C", "TRIVKIC128F4243847", "TRXGJPO128F92D4706", "TRFZIKD128F1465640", "TRBOXNP128F92E713A", "TRNYITZ128F92EA216", "TRYIOWV128F92DE2D1", "TRTQWAT128F42596D8", "TRYLFRX128F427D28B", "TRYIODD128F14617DA", "TRLCCOR128F932F47E", "TRXNWNP128F1458814", "TRASGIZ128F9337F92", "TRCUNTJ128F9307B4D", "TRAMXGR128E07822CC", "TRUMXQQ128F932C290", "TRGOEVS128F42288A5", "TRUTBWM128F92F36E3", "TROWJJF128E0783FB0", "TRIBIFT128F1499457", "TRKSEEY12903CCD312", "TRACZWR128F92FFA26", "TRKQQLC128F93032DA", "TRHESUD12903CBCC7B", "TRDJEMZ128F93353FA", "TRIMFGO128F423706F", "TRWKIEA128F9331D66", "TRMKIJI128F930F0AD", "TRYDWIS128F935A452", "TRRGTXK128F92F991B", "TRNJIGS128F42A036F", "TRSDFTB128F93084D2", "TRCLJGP128E079273D", "TROEVBD128F92DC10D", "TRYTKPJ12903CE137C", "TRFNDHN128F426BE40", "TRTMQXU128F14895BA", "TRJSZZG128F931B3DD", "TRLSSVN128F428B708", "TRTQDGL128E0780C94", "TRWVUUS128F931FF4B", "TRGFOHY128EF340592", "TRBHGYV128F14617D9", "TRTQBSZ128F425A745", "TRCXIGZ128E07816E0", "TRDGGGO12903CFE37C", "TRWNGMD128F4292425", "TRSCWIA128E0785B05"], "metrics": {"P": 12, "TP": 4, "precision": 0.08, "recall": 0.3333333333333333, "f1": 0.12903225806451613, "average precision": 0.8333333333333333, "reciprocal rank": 1.0}}