{"id": "818d363c191b02180f51d8569eb65ee8f2bdf888", "recommendations": ["TRVUBFM128E0792688", "TRBNNIL128E079268E", "TRFDGFW128F4286BFF", "TRNWRAW12903CACB8D", "TRDFVAD128F426B366", "TRAEGEA128F1486047", "TRTGBTJ128E0793EB2", "TRXKDUR128F4265A59", "TRQVORC128E07913D5", "TRNIIFM128E078E1CD", "TRKEICN12903CE499C", "TRWJDTI128F424EAD6", "TRZVXWG128F9366EAC", "TRVKTHJ128F424D875", "TRVAGQR128E0792479", "TRJCSLS128F1470ACF", "TRDYUQO128F4275193", "TRMXLMR128F425B9B1", "TRBYSQD128F424D87E", "TRJREQL128F92EF09A", "TRIHZJH128F4262F4A", "TRJIIBZ128F148D69A", "TRIVMCG128F932105E", "TRGUJRG128E079290A", "TRZKJFH128E0793EAC", "TRDEZCI12903C9A6AD", "TRLSLJP128F145F988", "TRXXXOO128F92F51FB", "TRDQAWQ128F93379DF", "TRIQDZD12903C9A6D7", "TRQRACN12903C9CE1D", "TRLVTYG128F145F98C", "TRBRLNJ128F92F622E", "TRFDWTF128F42739A0", "TRKHARN128F146DA7A", "TRDZBOU128F92E43E3", "TRJIPSX128F423ECE5", "TRONTHY128F4295577", "TRIFVDW128F4279DE0", "TRMXTQY128F4270323", "TRJYNEJ128F427EE2A", "TRRNFHH128F92D262D", "TRTHNWV128F427C6C0", "TRPTWLU128E078584F", "TRQXTTC128F4264434", "TRLJZVN128EF3435F5", "TRFCWVP12903CDBF19", "TRHFWED128F4289573", "TRZUUKG128F145F98A", "TRIAOVI128F425A16D"], "metrics": {"P": 37, "TP": 2, "precision": 0.04, "recall": 0.05405405405405406, "f1": 0.045977011494252866, "average precision": 0.08108108108108109, "reciprocal rank": 1.0}}