{"id": "85952991b8e3ca5803a08b0b2f9c6d71abf9bb5b", "recommendations": ["TRRHHJQ128F42A5707", "TRURTNZ128F9311AD3", "TRHEIAI128F92C2E28", "TRPKXET128F92ED656", "TRZBDJG128F42727D2", "TRQQLZD128F425E9BC", "TRKIRIG128E0791EB7", "TRJDKLG128E0792558", "TRBDVDY128F4271F5C", "TRWMFMK128F424EA34", "TRJZZTW128F426621D", "TRWRJHE128F424D865", "TRBQIKR128F148BE55", "TRDCQIN128F42B84F8", "TRQDUQS128F428CD90", "TRQMGKF128F42B8200", "TRVENIG128F42762C5", "TRZAXFA128E0792826", "TRNHZQB128F428E8A3", "TRGGZPN128F42891DB", "TRGDEII128F4299E32", "TRZARMV128F428E8A7", "TROZGWG12903CE6C5B", "TRBMLFZ128F1475785", "TRTQWAT128F42596D8", "TRSLMMM128F930490F", "TRLDIGW128F93269F8", "TRNDBSR128E0792511", "TRDCPMV128F424350F", "TREHOGG128F428DF46", "TRXVZKC128F425AEEE", "TRHJLEY128F1493564", "TRIESUH128F9309753", "TRNEWWX128F9336A1F", "TRNLHWO128F92EAABF", "TRWAVGB128F42AF421", "TROFZQO128F4299E21", "TRDADBO128C7196C2E", "TRQWOSG128F93048F2", "TRIXKCB128F424EA32", "TRSPLHG128F4299E23", "TRQLRYB128E079506A", "TRDJEMZ128F93353FA", "TRVGHNF128F42B83FB", "TRUDMYV128F1493BA6", "TRKEKRC128F424383C", "TRWDPTD12903D018B5", "TRJAZEO128E078868F", "TRLNTDR128F426BE2D", "TRJIBDX128F4299E1E"], "metrics": {"P": 47, "TP": 6, "precision": 0.12, "recall": 0.1276595744680851, "f1": 0.12371134020618556, "average precision": 0.44680851063829785, "reciprocal rank": 0.5}}