{"id": "85de112e63c6c3b4272ae71fa2ba2c5fd9e3032c", "recommendations": ["TRJXBKU128E07842AA", "TRGEUXA128E07842A7", "TRLDYLL128F42555DD", "TRSSAGS128F92E697A", "TRIHLES128EF344BF3", "TRFLVUY12903CF5438", "TRWVMXK128E0784C82", "TRKBBNZ128E07917B3", "TROIQMT128E0792994", "TRYKBSK128F429695B", "TRIRMQT128F4289D50", "TRBVWCA128F4249CA4", "TRGKKXR128F148469E", "TRMVEUX128F423ECE9", "TRTXSNK128F14989DB", "TRNDWLI128EF340671", "TRBDVDY128F4271F5C", "TRHQICJ128F427B6B5", "TRJVBYA128F93434FD", "TRRQVGF128EF344BF6", "TRYJSDC128EF34B5C8", "TRJDKLG128E0792558", "TRNTALF128EF343800", "TRZJNOD128F4264131", "TRGELVY128F4283621", "TRPNASU128E078B702", "TRRMRGL128EF344BF4", "TROBBXX128E0793D40", "TRVBDGB128F42A75AA", "TRKSTEJ128F4281CC9", "TRQVCXZ128F4298756", "TRYWAHM128F14ADC9F", "TRNDZQZ128E079307E", "TRYYFKC128E07984A5", "TRXGWZE128F429DB94", "TRGIOMC128E07988D4", "TRBYSJQ128F9309AA9", "TRERTYW128F934B2B0", "TRDWBCU128F426C536", "TRZRKRE128F42905B1", "TRFLNKX128F9339775", "TRVABTY128E07860FB", "TRVLXHK128F934B2F4", "TRHFWED128F4289573", "TRXNSHK128E078B710", "TRWFWWS128F145B78F", "TRYQWHS128F4237626", "TRPGEDB128F933CA96", "TREJKCZ128C7196DAD", "TRIVMCG128F932105E"], "metrics": {"P": 39, "TP": 3, "precision": 0.06, "recall": 0.07692307692307693, "f1": 0.06741573033707866, "average precision": 0.15384615384615385, "reciprocal rank": 0.14285714285714285}}