{"id": "884209a41deb55df792f074bccf8af1c1c31768b", "recommendations": ["TRSTLSG128E078370C", "TRCZFIV128F425DE1C", "TRVGHCP128F1469A87", "TRCIPFM128F425C8D3", "TRWWGYN128E078470F", "TRNDWLI128EF340671", "TRUGJUA128F931117C", "TRVABTY128E07860FB", "TRLDYLL128F42555DD", "TRJFFJI128F92E71E9", "TRDWBCU128F426C536", "TRQCTJY128F931117E", "TRNTALF128EF343800", "TRYCNIP128F42133A0", "TRULKPM128E078E167", "TRGIAJW128F4277349", "TRQWJKU128F14618D1", "TRYOOQS12903CCDAD0", "TRHBQST128E07930CB", "TRHFWED128F4289573", "TRZFEOG128E078ECBE", "TRYYFKC128E07984A5", "TRTNUBT128F42A4C8C", "TRBGTPK128F429E5D5", "TRXGWZE128F429DB94", "TRHQICJ128F427B6B5", "TRIGWNQ128F92EB1C7", "TRVXQSK128F148D3FF", "TRYFSJE128EF3622F9", "TRNWRTV128F9319822", "TRLJVJC128F9302FC9", "TRJVBYA128F93434FD", "TRKBVZL128F42134BA", "TRDXOZM128E0793855", "TRTXSNK128F14989DB", "TRIWDKR128F429D9EE", "TRNARNI128F934B90A", "TRZRKRE128F42905B1", "TRSCMBY128F9311188", "TRNUNTK128F428E2D4", "TRYHLWO128F42BC675", "TRWWOLZ128F427D87D", "TRFHEOU128E078E092", "TRGLIPW128F92DE72B", "TRNIACV128F9301DC2", "TRBVWCA128F4249CA4", "TRCIOFB128F9321D3E", "TRTGBTJ128E0793EB2", "TRFLVUY12903CF5438", "TRSHKBR128F4281C97"], "metrics": {"P": 53, "TP": 5, "precision": 0.1, "recall": 0.09433962264150944, "f1": 0.09708737864077671, "average precision": 0.28301886792452835, "reciprocal rank": 0.14285714285714285}}