{"id": "8ce5dde3941dfc039a6384de713cc287f645412a", "recommendations": ["TRLJVJC128F9302FC9", "TRWWGYN128E078470F", "TRSTLSG128E078370C", "TRPTWLU128E078584F", "TRIVMCG128F932105E", "TRVGHCP128F1469A87", "TRZBDJG128F42727D2", "TRONTHY128F4295577", "TRJZZTW128F426621D", "TRHEIAI128F92C2E28", "TRQWJKU128F14618D1", "TRTHNWV128F427C6C0", "TRNIIFM128E078E1CD", "TRSCUBC128E0782224", "TRBQIKR128F148BE55", "TRIWSNC128F932FC8C", "TRVUBFM128E0792688", "TRASQGR128F14557AA", "TRBGTPK128F429E5D5", "TRJFFJI128F92E71E9", "TRZLCXX128F92CC96D", "TRRKISY128F428BC76", "TRTNUBT128F42A4C8C", "TRGUJRG128E079290A", "TRLSLJP128F145F988", "TRGUOYN128F428E3F1", "TRNHZQB128F428E8A3", "TREVDQG128F9324474", "TRFWGOJ128E0780C8B", "TRGGZPN128F42891DB", "TRTAQVQ128F427B9A5", "TRCIPFM128F425C8D3", "TRMHHPP128E0785853", "TRWQWEU128F14789F0", "TRFPCZI128E078EC13", "TRZFEOG128E078ECBE", "TROQAXL128F429F87F", "TRTONWC128F92DC338", "TRZUJFC128F92F3AA9", "TROOXQV128F932B6EF", "TRJVBYA128F93434FD", "TRBNNIL128E079268E", "TRFDGFW128F4286BFF", "TRBYSQD128F424D87E", "TRIGYDL12903D05328", "TRNWRTV128F9319822", "TRXTIPW128F424EAAA", "TRZVXWG128F9366EAC", "TRFCWVP12903CDBF19", "TRKHARN128F146DA7A"], "metrics": {"P": 14, "TP": 1, "precision": 0.02, "recall": 0.07142857142857142, "f1": 0.03125, "average precision": 0.07142857142857142, "reciprocal rank": 0.034482758620689655}}