{"id": "8dcb524ff75e0ad0f0a80aaccadf7bbaa3b89a41", "recommendations": ["TRINTFS12903CF7876", "TRGSPUQ128E0780DA5", "TRXSWJL128F427EEFA", "TROKQVH128F148D1C3", "TRSPLHG128F4299E23", "TROQAXL128F429F87F", "TRLSLJP128F145F988", "TRWAJII128F4294A1E", "TRLLLQK128F4294A18", "TRDFVAD128F426B366", "TRNWRAW12903CACB8D", "TRSLMMM128F930490F", "TRGDEII128F4299E32", "TRIVSTV12903CAE6BE", "TRQZPIE128F1455E47", "TRALEYR128F932F38D", "TRTNBSL128F931C0D5", "TRZUUKG128F145F98A", "TRTRPCL128F9310BA8", "TRQWOSG128F93048F2", "TREUYJH128F429B903", "TRSNHEY128EF35E2B7", "TRYHWLD128F426BF7D", "TRHHOOK128F42632FB", "TRYIVTN128F4286515", "TRWIFBN128F9308699", "TRSMTSC128E0788E08", "TRWTUCN12903D12C30", "TRRQYZN128F426D0AD", "TRILXCN128F92F41C6", "TRUOJJS128F145C256", "TRRNFHH128F92D262D", "TRNIKXX128F4233FDB", "TRFRJAY128F1465267", "TRBUAFL128F14B12C4", "TRIDPWO128F423DBC6", "TRBDVDY128F4271F5C", "TRRRIVO128F930867B", "TRCQLYE128F428BEB9", "TRONTHY128F4295577", "TRPUBDM128F42B614D", "TRJIBDX128F4299E1E", "TRYZYOZ128F426ADA5", "TRWKVRK128F9345DAC", "TRBNZPP128F428E6F9", "TRGWMVP128F42B53DE", "TRVQXJW128F93432EB", "TRAVVMB128F148D1C1", "TRLVTYG128F145F98C", "TRRBCRI128F92F12C9"], "metrics": {"P": 53, "TP": 8, "precision": 0.16, "recall": 0.1509433962264151, "f1": 0.1553398058252427, "average precision": 0.6792452830188679, "reciprocal rank": 1.0}}