{"id": "8e8b32a1621d2950fe9a6384d8fb594fd25525df", "recommendations": ["TRKABMK128F426BF72", "TRQXRRH128F1477261", "TRSCNGW12903CE91EB", "TRYJSDC128EF34B5C8", "TRCBOQX128F14676AA", "TRXKYSS128F92D2624", "TRAGOTA128F92F92C2", "TRYZYOZ128F426ADA5", "TRDFGDH128F424BDD3", "TRYRFSW128F930490B", "TROLLDV128F4266643", "TRUMXQQ128F932C290", "TRNBANL128F423ECE6", "TROYMTB128F4260720", "TRIGIPE128E078EC89", "TRTQBSZ128F425A745", "TRXSWJL128F427EEFA", "TRREVPO128E078F5B1", "TRHNXJT128F145A8B2", "TRJDUIU12903CE9200", "TRRCXOZ128F92D25F7", "TRLDIGW128F93269F8", "TRZUJFC128F92F3AA9", "TRTUUFH128F932EDD1", "TRINTFS12903CF7876", "TRJVBYA128F93434FD", "TRKQQLC128F93032DA", "TRZUCIS128F92F91B9", "TRTONWC128F92DC338", "TRPNASU128E078B702", "TRDADBO128C7196C2E", "TRHMSOG128F145A184", "TRSTLSG128E078370C", "TRVIQST128F4251D45", "TRQPYHG128F4293089", "TRYZAMO128E079125F", "TRFBFJE12903CB5057", "TRAHVXE128F9339BAD", "TRLBUYT128F429E9F3", "TROEVBD128F92DC10D", "TRDNYWA128F42813F3", "TRISZQR12903CB263D", "TRCQYJE128E078FA49", "TRISILF128F92F029E", "TRTQDGL128E0780C94", "TRFNDHN128F426BE40", "TREJKCZ128C7196DAD", "TRVGHCP128F1469A87", "TRBYSJQ128F9309AA9", "TRIWDKR128F429D9EE"], "metrics": {"P": 57, "TP": 2, "precision": 0.04, "recall": 0.03508771929824561, "f1": 0.037383177570093455, "average precision": 0.05263157894736842, "reciprocal rank": 0.047619047619047616}}