{"id": "8f0e25d95d6e30f0993b9f57fca6c431d78f5a2d", "recommendations": ["TRJIIBZ128F148D69A", "TRONTHY128F4295577", "TRPKXET128F92ED656", "TRWQWEU128F14789F0", "TRKHARN128F146DA7A", "TRNIIFM128E078E1CD", "TRIVMCG128F932105E", "TRILXCN128F92F41C6", "TRZVXWG128F9366EAC", "TRFDGFW128F4286BFF", "TRBNNIL128E079268E", "TRZLCXX128F92CC96D", "TRGGZPN128F42891DB", "TRMJXVS12903CACEDC", "TRTHNWV128F427C6C0", "TRDFNWO128F92DFBA5", "TRASQGR128F14557AA", "TRRISZC128F147128C", "TROOXQV128F932B6EF", "TRGUJRG128E079290A", "TRLSLJP128F145F988", "TRVKTHJ128F424D875", "TREVDQG128F9324474", "TRVAGQR128E0792479", "TRFWGOJ128E0780C8B", "TRTAQVQ128F427B9A5", "TRBYSQD128F424D87E", "TRKBVZL128F42134BA", "TRZBDJG128F42727D2", "TRDQJOA128E078FC70", "TRODMLN128F4221247", "TRHVSIB128F1485EC2", "TRDCQIN128F42B84F8", "TRAEGEA128F1486047", "TRJDKLG128E0792558", "TRUECNT128F9309699", "TRQMGKF128F42B8200", "TRQXTTC128F4264434", "TRTGBTJ128E0793EB2", "TRJCSLS128F1470ACF", "TRNARNI128F934B90A", "TREHOGG128F428DF46", "TRLJZVN128EF3435F5", "TRNDTAS128F148D716", "TRBDVDY128F4271F5C", "TRFCWVP12903CDBF19", "TROVKCT128F932F7E5", "TRQVCXZ128F4298756", "TRQCTJY128F931117E", "TRLVTYG128F145F98C"], "metrics": {"P": 12, "TP": 1, "precision": 0.02, "recall": 0.08333333333333333, "f1": 0.03225806451612903, "average precision": 0.08333333333333333, "reciprocal rank": 0.058823529411764705}}