{"id": "9012fdca7eee0b946329367498a578adb5271ed8", "recommendations": ["TRXSWJL128F427EEFA", "TRSPLHG128F4299E23", "TRGWMVP128F42B53DE", "TRAGOTA128F92F92C2", "TRQLRYB128E079506A", "TRQXRRH128F1477261", "TRSLMMM128F930490F", "TRGDEII128F4299E32", "TRTRPCL128F9310BA8", "TRCQYJE128E078FA49", "TRUMXQQ128F932C290", "TRPNZPG128F149BCE8", "TRQZPIE128F1455E47", "TRLDIGW128F93269F8", "TRYZYOZ128F426ADA5", "TRRRIVO128F930867B", "TRJIBDX128F4299E1E", "TRPZATX128F930A220", "TRDFGDH128F424BDD3", "TRYRFSW128F930490B", "TRURAHF128F426A3C4", "TRLHHWD12903CDB311", "TRVRCSS128E0791821", "TROFZQO128F4299E21", "TRNWKFE12903D0C388", "TRFRJAY128F1465267", "TRWORBU128F428C6CF", "TRAHVXE128F9339BAD", "TRDADBO128C7196C2E", "TRBZIWR128F92E58B8", "TRNNVUV128F42142CB", "TRQLZRI128F429337E", "TRPWPVI128F92EB7B9", "TRSCWIA128E0785B05", "TRUWYFM128F423F000", "TRTNBSL128F931C0D5", "TRDCPMV128F424350F", "TRNUGUX128F425B7DB", "TRKRJTO128F934259F", "TRCPCFS128F427C459", "TRTQBSZ128F425A745", "TRDJQCZ128F423D135", "TRTHCXC128F92F29C7", "TRINTFS12903CF7876", "TRXYBBI128F9318209", "TRCSHLM128E078B891", "TRBLXFZ128F42AA792", "TRYJSDC128EF34B5C8", "TRXAOPL128F42922A3", "TRQEMRN128F933B4B2"], "metrics": {"P": 24, "TP": 1, "precision": 0.02, "recall": 0.041666666666666664, "f1": 0.02702702702702703, "average precision": 0.041666666666666664, "reciprocal rank": 0.03333333333333333}}