{"id": "905e0bb88e1f84e1e59a597218ab626ceb9c9f3e", "recommendations": ["TRCZGBG128F4222F61", "TRVDHXR128E0782B63", "TRJCSLS128F1470ACF", "TROLENX128F9330D31", "TRJRECT12903CBADA3", "TRJVBYA128F93434FD", "TRLUXWO128F14618D6", "TREOURX128F145E2C8", "TRVULSX128F14824CD", "TRSGDDJ128F932CF5B", "TRKSWET128F92EB20A", "TRGGMCC128E078EB15", "TRIVMCG128F932105E", "TRIGDCW128E078F0F4", "TRCTEGN128F934B970", "TRQWJKU128F14618D1", "TRKGUFM128F429E58A", "TRPXVMC128F42987CC", "TRUECNT128F9309699", "TRXYLKX128F148988C", "TRDKCEC128EF3427CF", "TRJGXED128F9305D7D", "TRNUNTK128F428E2D4", "TRLJVJC128F9302FC9", "TRKLEXC128F92F4B86", "TRIRLYL128F42539D1", "TRCPCFS128F427C459", "TRWBOHR128F9331033", "TRKBVZL128F42134BA", "TRCEVAI128E0791A76", "TRVVTWQ128E078F1B7", "TRSTLSG128E078370C", "TRUATNS128F423457D", "TRBZVBW128F1470ACB", "TRIWSNC128F932FC8C", "TRLFCIT128F429F792", "TRVXQSK128F148D3FF", "TRXGWMG128E0792991", "TRSXTPX128F9352025", "TRIRULV128F42BAE52", "TRQWDNH128F93173BE", "TRWOMMO128E07944B2", "TRXXXOO128F92F51FB", "TRTONWC128F92DC338", "TRNIACV128F9301DC2", "TRCOOYB128E078ED95", "TRDDHZS128E07893AB", "TRUBXBZ128F146D63D", "TRREVPO128E078F5B1", "TRUHIHJ128F424F5BC"], "metrics": {"P": 16, "TP": 3, "precision": 0.06, "recall": 0.1875, "f1": 0.09090909090909091, "average precision": 0.375, "reciprocal rank": 0.047619047619047616}}