{"id": "94d5bdc37683950e90c56c9b32721edb5d347600", "recommendations": ["TRDCPMV128F424350F", "TRDADBO128C7196C2E", "TRECQND128F9323DE3", "TRWNGMD128F4292425", "TRDFGDH128F424BDD3", "TRKNVRW128F9309A57", "TRQLRYB128E079506A", "TRFDWTF128F42739A0", "TRBMLFZ128F1475785", "TRBPWVZ128F4214A7E", "TRSLMMM128F930490F", "TRZUJFC128F92F3AA9", "TRMPCGW128F92E0670", "TRPNZPG128F149BCE8", "TRPNBQU128F427AB21", "TRNBANL128F423ECE6", "TRIGYDL12903D05328", "TRYRFSW128F930490B", "TRBHYJH12903CEA8AC", "TRXFKGZ12903CEE34B", "TRHDCQY128F423BEDF", "TRNIIFM128E078E1CD", "TRIDPWO128F423DBC6", "TRTNBSL128F931C0D5", "TRBJOGT128F42396CC", "TRBLXFZ128F42AA792", "TRLSLJP128F145F988", "TRGUJRG128E079290A", "TRGNOFL128EF34E4D5", "TRYVQUO128F145A173", "TRRISZC128F147128C", "TRKEICN12903CE499C", "TRDDHZS128E07893AB", "TRTQWAT128F42596D8", "TRRZXOE128F4270756", "TRYHWLD128F426BF7D", "TRYZAMO128E079125F", "TRCDINK128F14A424E", "TRDWQHL128F147BD31", "TRZUBVA128F1469484", "TROIXIC128F427B6F6", "TRFDGFW128F4286BFF", "TRALEYR128F932F38D", "TRHMSOG128F145A184", "TRJIPSX128F423ECE5", "TRHQKZL128E0781A2C", "TRQIMLL128F42A04F4", "TREVRAJ128F42819AD", "TRSXDNB128F42142E5", "TROOXQV128F932B6EF"], "metrics": {"P": 34, "TP": 2, "precision": 0.04, "recall": 0.058823529411764705, "f1": 0.04761904761904763, "average precision": 0.08823529411764705, "reciprocal rank": 0.02857142857142857}}