{"id": "95942345306393998eb3a051ae5fa3c4d5afbaa4", "recommendations": ["TRVGHCP128F1469A87", "TRQWJKU128F14618D1", "TRLJVJC128F9302FC9", "TRTONWC128F92DC338", "TRIWSNC128F932FC8C", "TROYMTB128F4260720", "TRKGUFM128F429E58A", "TRSTLSG128E078370C", "TRBGTPK128F429E5D5", "TRVXQSK128F148D3FF", "TRLUXWO128F14618D6", "TRTNUBT128F42A4C8C", "TRCIPFM128F425C8D3", "TRFBFJE12903CB5057", "TRWWGYN128E078470F", "TRUECNT128F9309699", "TRRKISY128F428BC76", "TRNWRTV128F9319822", "TRJVBYA128F93434FD", "TRRXMOY12903CB89CE", "TRQLRYB128E079506A", "TRFPCZI128E078EC13", "TRKBVZL128F42134BA", "TRIGWNQ128F92EB1C7", "TRUATNS128F423457D", "TRYRFSW128F930490B", "TRKLEXC128F92F4B86", "TRVULSX128F14824CD", "TRJFFJI128F92E71E9", "TRCQNKF12903CB507B", "TRIWDKR128F429D9EE", "TRREVPO128E078F5B1", "TRWYUCK128F42A4C37", "TRYCNIP128F42133A0", "TRDFGDH128F424BDD3", "TRCXFCK128F931EAF9", "TRGIAJW128F4277349", "TRPNZPG128F149BCE8", "TRTWAHJ12903CB5065", "TREHOGG128F428DF46", "TRYZAMO128E079125F", "TRLDIGW128F93269F8", "TRSLMMM128F930490F", "TRDXOZM128E0793855", "TRALEYR128F932F38D", "TRBHYJH12903CEA8AC", "TRFOKTF128F1477266", "TRAGOTA128F92F92C2", "TRLFTUY128F4294765", "TRQXRRH128F1477261"], "metrics": {"P": 36, "TP": 6, "precision": 0.12, "recall": 0.16666666666666666, "f1": 0.13953488372093023, "average precision": 0.5833333333333334, "reciprocal rank": 0.16666666666666666}}