{"id": "95b2ebf54cd69d732fa433ee8994be5818793efb", "recommendations": ["TRVGHCP128F1469A87", "TRIGWNQ128F92EB1C7", "TRJVBYA128F93434FD", "TRSTLSG128E078370C", "TRFPCZI128E078EC13", "TRLJVJC128F9302FC9", "TRHBQST128E07930CB", "TRWWGYN128E078470F", "TRUATNS128F423457D", "TRCIPFM128F425C8D3", "TRVULSX128F14824CD", "TRQWJKU128F14618D1", "TRLFTUY128F4294765", "TRKBVZL128F42134BA", "TRIVMCG128F932105E", "TRREVPO128E078F5B1", "TRRKISY128F428BC76", "TRTOXZS128F425F19D", "TRJFFJI128F92E71E9", "TRTNUBT128F42A4C8C", "TRIWSNC128F932FC8C", "TRULKPM128E078E167", "TRXXXOO128F92F51FB", "TRLUXWO128F14618D6", "TRVXQSK128F148D3FF", "TREHOGG128F428DF46", "TRJCSLS128F1470ACF", "TRNIACV128F9301DC2", "TRQFTEQ128F14B12BC", "TRNUNTK128F428E2D4", "TRGUJRG128E079290A", "TRQNRBY128F145C0A7", "TRRKOBD128F4277697", "TRBZVBW128F1470ACB", "TRZFEOG128E078ECBE", "TRTUSWY128F4238D8C", "TROYMTB128F4260720", "TRLSLJP128F145F988", "TRBGTPK128F429E5D5", "TRAFLIC128F423B939", "TRGIAJW128F4277349", "TRXNRKG128F425A4B8", "TRTONWC128F92DC338", "TRKHARN128F146DA7A", "TRTGSVG128E079281F", "TRVKTHJ128F424D875", "TRRIYRR128F427E090", "TRHOUXO128F425B34B", "TRKLEXC128F92F4B86", "TRYCNIP128F42133A0"], "metrics": {"P": 13, "TP": 3, "precision": 0.06, "recall": 0.23076923076923078, "f1": 0.09523809523809523, "average precision": 0.46153846153846156, "reciprocal rank": 0.05555555555555555}}