{"id": "97e48f0f188e04dcdb0f8e20a29dacb881d80c9e", "recommendations": ["TRYVQUO128F145A173", "TROINBI12903CDB2D8", "TRYHLKG128F92FB330", "TRPCCDQ128F931EB27", "TRDXLKN12903CE824C", "TRGWMVP128F42B53DE", "TREAYWO128F93112F4", "TRSSAAP128F14979B6", "TRLUQEN128F1455E51", "TRENDEU128F93112E1", "TRSXDNB128F42142E5", "TRJWNBW12903D00993", "TRNBANL128F423ECE6", "TRMAQWJ128F427EC70", "TRQPYWK128F4289D59", "TRKRJTO128F934259F", "TRTGEVK12903CFDBB9", "TRISZQR12903CB263D", "TRSUNLB128E078180C", "TRZJNDO128EF343498", "TRQLRYB128E079506A", "TRDFGDH128F424BDD3", "TRLDIGW128F93269F8", "TRAGOTA128F92F92C2", "TRYZAMO128E079125F", "TRBHYJH12903CEA8AC", "TRENQYP128F14722FD", "TRCAJOM128F1488559", "TRLHHWD12903CDB311", "TRJREQL128F92EF09A", "TRJIPSX128F423ECE5", "TRHMSOG128F145A184", "TRENYZD12903CE75B6", "TRYRFSW128F930490B", "TRQIPME12903CFDBB6", "TRKVHLV12903D051C2", "TRQUVZA12903CF5F0D", "TRXKYSS128F92D2624", "TRIWQAQ128F92D261D", "TRCRJHK128F423DBC9", "TRQQBBL12903CFCDE4", "TRURAHF128F426A3C4", "TRDNYWA128F42813F3", "TRDVUST128F4280D13", "TRSCNGW12903CE91EB", "TRLDYHH128F42482B4", "TRVBDKL12903D0DE8E", "TRRNBWZ128F4296761", "TRGUOYN128F428E3F1", "TRIGIPE128E078EC89"], "metrics": {"P": 41, "TP": 3, "precision": 0.06, "recall": 0.07317073170731707, "f1": 0.06593406593406592, "average precision": 0.14634146341463417, "reciprocal rank": 0.16666666666666666}}