{"id": "98f6ec3ec16c5bcb3f37a6dc01ebb1110fb42f97", "recommendations": ["TRYHWLD128F426BF7D", "TRMIKES128F92FFBF4", "TRHKHZK128F92FE2BE", "TRNBANL128F423ECE6", "TRDAEMU128F92C5A76", "TRYZAMO128E079125F", "TRKJBCZ128F9319F5F", "TRXPSPE128EF33FB50", "TRHHOOK128F42632FB", "TRRUYSE128F423EF8B", "TRGUOYN128F428E3F1", "TRQHEPS128F42933EF", "TRGSPUQ128E0780DA5", "TRIFHVJ128F4286790", "TRHQKZL128E0781A2C", "TRXWMDN12903CA5BBE", "TREPUVB128F423ECEA", "TRGNIHW128E0789D37", "TRSPKDL128F427E8D7", "TRKDBVR128F935A643", "TRCZPQW128F429BBE8", "TRADNPB128F423AEE7", "TRSNHEY128EF35E2B7", "TRJYNEJ128F427EE2A", "TRIAOVI128F425A16D", "TRILXCN128F92F41C6", "TRZWHXG128F4296B91", "TRHBPMP128F1488D35", "TRAPHUO12903CC2719", "TRSCNGW12903CE91EB", "TRZOMHO128F429BBFE", "TREXZNI128F92C5A6F", "TRWIFBN128F9308699", "TRTNBSL128F931C0D5", "TRHTQDK128F4294A1C", "TRVXZJI128F92E9746", "TRVBDKL12903D0DE8E", "TRGNHBI128E078B709", "TRFMKZO128EF33FA0E", "TRWUZCQ128F92FFC1B", "TRJIPSX128F423ECE5", "TRARYTX128F145F6AA", "TRALEYR128F932F38D", "TRTUUFH128F932EDD1", "TRQXWTY128F92C5A7A", "TRBROFZ128E07917F6", "TRFOVOY12903CD43E2", "TRZPAPV128F427E8D2", "TRISILF128F92F029E", "TRFFZQK128F92EAD03"], "metrics": {"P": 37, "TP": 3, "precision": 0.06, "recall": 0.08108108108108109, "f1": 0.06896551724137931, "average precision": 0.16216216216216217, "reciprocal rank": 0.08333333333333333}}