{"id": "9b887e10a4711486085c4fae2d2599fc0d2c484d", "recommendations": ["TRZBDJG128F42727D2", "TRNHZQB128F428E8A3", "TRHEIAI128F92C2E28", "TRZARMV128F428E8A7", "TRBQIKR128F148BE55", "TRJZZTW128F426621D", "TRDCQIN128F42B84F8", "TRPKXET128F92ED656", "TRSCDSH128F148BE9E", "TRGGZPN128F42891DB", "TRWAVGB128F42AF421", "TRLNTDR128F426BE2D", "TREBWYU12903CCDAA8", "TRVAIVL128F93278E7", "TRVGHNF128F42B83FB", "TRKIRIG128E0791EB7", "TRQDUQS128F428CD90", "TRWRJHE128F424D865", "TREHOGG128F428DF46", "TRBDVDY128F4271F5C", "TRWKQXH128F92D264E", "TRNBANL128F423ECE6", "TRPFQLJ128F425DC0A", "TRSPMVO128F933D7F5", "TRIWSNC128F932FC8C", "TRHFWED128F4289573", "TRJSTRA12903CCA6E9", "TRGSPUQ128E0780DA5", "TREELGP128F428748B", "TRICRJU12903CC463E", "TRPFUKY128F9327C9D", "TRUSIMU128EF3436C8", "TRKGTGW128F9300EA3", "TRAPHUO12903CC2719", "TRQQLZD128F425E9BC", "TRSHYNG128F423BED3", "TRHOUXO128F425B34B", "TRWWGYN128E078470F", "TRRISZC128F147128C", "TRISILF128F92F029E", "TRURTNZ128F9311AD3", "TRMJXVS12903CACEDC", "TRDZBOU128F92E43E3", "TRGYRAZ12903CE17C2", "TRGAFMD128F148CDA3", "TRRHHJQ128F42A5707", "TRIESUH128F9309753", "TRWIOMZ128F93111BF", "TRJLMAI128F92EBB04", "TRBYSJQ128F9309AA9"], "metrics": {"P": 51, "TP": 8, "precision": 0.16, "recall": 0.1568627450980392, "f1": 0.1584158415841584, "average precision": 0.7058823529411765, "reciprocal rank": 1.0}}