{"id": "9fba771d9731561eba47216f6fbfc0023d88641b", "recommendations": ["TRGIGOM12903CE8965", "TRVXQSK128F148D3FF", "TRHPOIX12903CE895D", "TRDXOZM128E0793855", "TRBAKKG12903CE896B", "TRBGTPK128F429E5D5", "TRIIPXR12903CDBF1A", "TRCIPFM128F425C8D3", "TRQWJKU128F14618D1", "TRSTLSG128E078370C", "TRIWDKR128F429D9EE", "TRTGSVG128E079281F", "TRYFSJE128EF3622F9", "TRNWRTV128F9319822", "TRJFFJI128F92E71E9", "TRZAXFA128E0792826", "TRGIAJW128F4277349", "TRWWGYN128E078470F", "TRYCNIP128F42133A0", "TRVGHCP128F1469A87", "TRCHQIO128F425C8DB", "TRJCSLS128F1470ACF", "TRYHLWO128F42BC675", "TRUTULC128F4293712", "TRJDKLG128E0792558", "TRKBVZL128F42134BA", "TRVYUKA12903CEA428", "TRGGMCC128E078EB15", "TRXGWZE128F429DB94", "TRNIZQO128C7196D13", "TRLFTUY128F4294765", "TRTNUBT128F42A4C8C", "TRVABTY128E07860FB", "TRTONWC128F92DC338", "TRVKTHJ128F424D875", "TREHOGG128F428DF46", "TRRKISY128F428BC76", "TRCPCFS128F427C459", "TRLJVJC128F9302FC9", "TRZRKRE128F42905B1", "TRZFEOG128E078ECBE", "TRBDVDY128F4271F5C", "TRIWSNC128F932FC8C", "TRNTALF128EF343800", "TRTTAJO128F4285F90", "TRAVVMB128F148D1C1", "TROYMTB128F4260720", "TRHBQST128E07930CB", "TRPLWSA128F92D555C", "TRTGBTJ128E0793EB2"], "metrics": {"P": 16, "TP": 2, "precision": 0.04, "recall": 0.125, "f1": 0.06060606060606061, "average precision": 0.1875, "reciprocal rank": 0.14285714285714285}}