{"id": "a36834ff1c3910e685a9787e4d16aade6f4d3294", "recommendations": ["TRSCUBC128E0782224", "TRNIIFM128E078E1CD", "TRUWYFM128F423F000", "TRVUTVN128F1488D37", "TRJCSLS128F1470ACF", "TRBZVBW128F1470ACB", "TRUHIHJ128F424F5BC", "TRKVEHF128E078221D", "TROIYSD128F423EFFB", "TRFCWVP12903CDBF19", "TRIVMCG128F932105E", "TRKRJTO128F934259F", "TRBHYJH12903CEA8AC", "TRLSLJP128F145F988", "TRHDTUG128F92E8058", "TRFDGFW128F4286BFF", "TRTUEPW128F9306179", "TRAEGEA128F1486047", "TROQAXL128F429F87F", "TRCQLYE128F428BEB9", "TRMFCNV128F92E8B76", "TRKKSRH128F426473F", "TRFDWTF128F42739A0", "TRZKJFH128E0793EAC", "TRKHARN128F146DA7A", "TRZNHDB128F92D5D83", "TRONTHY128F4295577", "TRNNNLZ128F933BBBD", "TRMQEYI128F1485B6A", "TRZVXWG128F9366EAC", "TRHCNQW128F149626E", "TRBNNIL128E079268E", "TRRNFHH128F92D262D", "TRTHNWV128F427C6C0", "TRKEICN12903CE499C", "TRLVTYG128F145F98C", "TRPBOHP128E078B74E", "TRWKVRK128F9345DAC", "TRELTXS128F1477265", "TRZUUKG128F145F98A", "TRBYSQD128F424D87E", "TRMHHPP128E0785853", "TRJDBTK128F428A4B3", "TRWXJOD128F92E58BD", "TRTGBTJ128E0793EB2", "TRJIBDX128F4299E1E", "TRFWPIX128F423BEDA", "TROXSKI128EF34C057", "TRTHGPK128F147DF90", "TRGUJRG128E079290A"], "metrics": {"P": 13, "TP": 1, "precision": 0.02, "recall": 0.07692307692307693, "f1": 0.03174603174603175, "average precision": 0.07692307692307693, "reciprocal rank": 0.03125}}