{"id": "a58de017cbeda1763ea002fe027ed41b4ed53109", "recommendations": ["TRZBDJG128F42727D2", "TRLJVJC128F9302FC9", "TRWWGYN128E078470F", "TRKEICN12903CE499C", "TRPKXET128F92ED656", "TRLNTDR128F426BE2D", "TRJVBYA128F93434FD", "TRSTLSG128E078370C", "TRDCQIN128F42B84F8", "TRIVMCG128F932105E", "TRVGHCP128F1469A87", "TRILXCN128F92F41C6", "TRZLCXX128F92CC96D", "TRZFEOG128E078ECBE", "TRONTHY128F4295577", "TRJZZTW128F426621D", "TRGGZPN128F42891DB", "TRIWSNC128F932FC8C", "TRYVQUO128F145A173", "TRTGSVG128E079281F", "TRMJXVS12903CACEDC", "TRULKPM128E078E167", "TRQWJKU128F14618D1", "TRTHNWV128F427C6C0", "TRNIIFM128E078E1CD", "TRJSTRA12903CCA6E9", "TRTONWC128F92DC338", "TRWGYLJ128F92CC96A", "TRVUBFM128E0792688", "TRYZYOZ128F426ADA5", "TRCIOFB128F9321D3E", "TRDYYDZ128F93353F7", "TRASQGR128F14557AA", "TRBGTPK128F429E5D5", "TRJFFJI128F92E71E9", "TRRISZC128F147128C", "TREHOGG128F428DF46", "TRNHZQB128F428E8A3", "TRRKISY128F428BC76", "TRTNUBT128F42A4C8C", "TRNUNTK128F428E2D4", "TRGUJRG128E079290A", "TRLSLJP128F145F988", "TRGUOYN128F428E3F1", "TRNNNLZ128F933BBBD", "TRBZIWR128F92E58B8", "TREVDQG128F9324474", "TRHEIAI128F92C2E28", "TRPGDSP128F931DD22", "TRFWGOJ128E0780C8B"], "metrics": {"P": 28, "TP": 2, "precision": 0.04, "recall": 0.07142857142857142, "f1": 0.05128205128205128, "average precision": 0.10714285714285714, "reciprocal rank": 0.2}}