{"id": "adbd40c4f3fe78e7f49f491ea04859ea07de1ed1", "recommendations": ["TRLATHU128F92FC275", "TRPOMAV128F92CA91A", "TRICRJU12903CC463E", "TRQFMIO128F9310D4F", "TRBYDXB128F425A68E", "TRPYOHO128F93145F8", "TRQXTTC128F4264434", "TRULNMQ128F92E1FDA", "TRWTWZD128F9306865", "TRHAJRY128F4272004", "TRJCSLS128F1470ACF", "TRSJTDA128F92F9584", "TRRHISM128F93145F9", "TRKLLTX128F425FD66", "TRZKJFH128E0793EAC", "TRIAHBB128F930136B", "TRLUQEN128F1455E51", "TRWBOHR128F9331033", "TRUKLEK128F145AD15", "TREROBL128C719697E", "TRIZLKJ128F149564C", "TRIZIPB128F4278389", "TRNCNUI128F92E972F", "TRFOVOY12903CD43E2", "TRZSDCG128F4247F5B", "TRQJALO128F423ECE8", "TROFPUA128F147EF05", "TRPXVMC128F42987CC", "TRSTGGL128F4285F98", "TRFLNKX128F9339775", "TRVQXJW128F93432EB", "TRBNZPP128F428E6F9", "TRAACIE128F428495B", "TRUFRJQ128F4248842", "TRJHALL128F92C48B6", "TRNARNI128F934B90A", "TRIQYYW128F4287A0D", "TRNTALF128EF343800", "TRXNSHK128E078B710", "TRTGBTJ128E0793EB2", "TRORBYN12903CB9E31", "TRIAGDA128F4296176", "TRTHGPK128F147DF90", "TRKBLIH128F145959C", "TRLPAKN128F427CA2B", "TRQVCXZ128F4298756", "TREFSAV12903CDAA21", "TRURFKD128F9331D5D", "TRTGUWJ128F146EC54", "TRSHYNG128F423BED3"], "metrics": {"P": 24, "TP": 4, "precision": 0.08, "recall": 0.16666666666666666, "f1": 0.10810810810810811, "average precision": 0.41666666666666663, "reciprocal rank": 0.16666666666666666}}