{"id": "aed57ad1b08eea72bc966a49e37802186312c199", "recommendations": ["TRXKYSS128F92D2624", "TROJORG128F1488D3A", "TRZRKRE128F42905B1", "TRDLWOO128F932E729", "TRVBDKL12903D0DE8E", "TRKEIZP12903D05324", "TRSCNGW12903CE91EB", "TRLPAKN128F427CA2B", "TRYJSDC128EF34B5C8", "TRAKNVD12903CFEB09", "TRYKBSK128F429695B", "TRBYSJQ128F9309AA9", "TRFLVUY12903CF5438", "TRJIPSX128F423ECE5", "TRICRJU12903CC463E", "TRVSPZH128F932133E", "TRSXDNB128F42142E5", "TROMXUF128EF35EE85", "TRWORBU128F428C6CF", "TRIAFCN12903CC681D", "TRIHLES128EF344BF3", "TRNBANL128F423ECE6", "TRHDEWE128F92FDBBA", "TROXEOE128F427D32B", "TRIJOVX128F931B47F", "TRXFXLQ128F421427D", "TRRQVGF128EF344BF6", "TRJYNEJ128F427EE2A", "TRJQAEN128F92E0589", "TRQLJDU12903CB6367", "TRBXJVN128F9309484", "TRMPCGW128F92E0670", "TRZUJFC128F92F3AA9", "TRNTALF128EF343800", "TRNRJUN128F42AE2BC", "TRFLNKX128F9339775", "TRIRMQT128F4289D50", "TRIGIPE128E078EC89", "TRPLZBW128F14A561E", "TRJOMGO12903CC6812", "TRBVWCA128F4249CA4", "TRMVEUX128F423ECE9", "TRHFWED128F4289573", "TRVIVYJ128F4261B0A", "TRLDYLL128F42555DD", "TRGUOYN128F428E3F1", "TRJHJSK128F427D882", "TRNDWLI128EF340671", "TRHQICJ128F427B6B5", "TRXMTPQ128F4281C82"], "metrics": {"P": 23, "TP": 4, "precision": 0.08, "recall": 0.17391304347826086, "f1": 0.1095890410958904, "average precision": 0.43478260869565216, "reciprocal rank": 0.058823529411764705}}