{"id": "b12c786deef0e618b5f277bc337f67128f425efe", "recommendations": ["TRSCUBC128E0782224", "TRWKVRK128F9345DAC", "TRCQLYE128F428BEB9", "TRDRTVY128F93452BC", "TRKXYWE128F4286516", "TRKVEHF128E078221D", "TRODQGV128F425FD7E", "TRWFJOB128F4298317", "TRJDBTK128F428A4B3", "TRPKRXW128F426257C", "TRILGUV128F428A4C5", "TROQAXL128F429F87F", "TRJHALL128F92C48B6", "TRTBICJ128F4293C13", "TRKEIZP12903D05324", "TRODUJY128F428A4A1", "TRDOIUT128F92E494D", "TRGVSRU12903CC8F00", "TRZVEHE128F92F3A75", "TRRYVGX128F428A58E", "TRPTWLU128E078584F", "TRFCWVP12903CDBF19", "TRXECII128F427C71B", "TRCVVIE128F93131C7", "TRWORBU128F428C6CF", "TRCXOWA12903D05588", "TRFWGOJ128E0780C8B", "TREKYBL128F146DE24", "TRYIVTN128F4286515", "TROVKCT128F932F7E5", "TRYOOQS12903CCDAD0", "TRDYSLC128F428AB78", "TRJSQQT128F149F9B4", "TRAVVMB128F148D1C1", "TRGLEPF128F93379E9", "TRLPAKN128F427CA2B", "TRGSPUQ128E0780DA5", "TRMHHPP128E0785853", "TRVVOMR12903CD20E1", "TRVYUKA12903CEA428", "TRDVUST128F4280D13", "TRNPKRK128F429831C", "TRBCJUF128F93190C2", "TRIAHBB128F930136B", "TRIIPXR12903CDBF1A", "TRBROFZ128E07917F6", "TROMXUF128EF35EE85", "TRQWDNH128F93173BE", "TRKKSRH128F426473F", "TRAMXGR128E07822CC"], "metrics": {"P": 57, "TP": 4, "precision": 0.08, "recall": 0.07017543859649122, "f1": 0.07476635514018691, "average precision": 0.17543859649122806, "reciprocal rank": 0.043478260869565216}}