{"id": "b61afb42335287239bd40e1dea50d849cbf8a9a9", "recommendations": ["TRQAFCZ128F42A52C8", "TRSUNLB128E078180C", "TRYZAMO128E079125F", "TRHMSOG128F145A184", "TRQUVZA12903CF5F0D", "TRYOOQS12903CCDAD0", "TRDWQHL128F147BD31", "TRAKKFK128F14A895A", "TRJYNEJ128F427EE2A", "TRNBANL128F423ECE6", "TRJIPSX128F423ECE5", "TRXWBQL128E07860FF", "TRSCNGW12903CE91EB", "TRNFIJZ12903CBA009", "TRKDBVR128F935A643", "TRTNBSL128F931C0D5", "TRJWNBW12903D00993", "TRSXDNB128F42142E5", "TRISILF128F92F029E", "TROIYSD128F423EFFB", "TRYJSDC128EF34B5C8", "TRZUJFC128F92F3AA9", "TRIGIPE128E078EC89", "TRMPCGW128F92E0670", "TRQIPME12903CFDBB6", "TRXKYSS128F92D2624", "TREAYWO128F93112F4", "TRZSBTE12903CD7F93", "TRHTQDK128F4294A1C", "TREUABA128F4263019", "TRCIOVJ128F429EB51", "TRHDEWE128F92FDBBA", "TRASGTI128F9326514", "TRJHJSK128F427D882", "TRJREQL128F92EF09A", "TRVSPZH128F932133E", "TRALEYR128F932F38D", "TRISZQR12903CB263D", "TRGUOYN128F428E3F1", "TRXFXLQ128F421427D", "TRFKLYC128F4297F0B", "TRBYIUL128F9305E6B", "TRKGTGW128F9300EA3", "TRJQKHX128F932EDCA", "TRVBDKL12903D0DE8E", "TRUDGJY128F93557B2", "TRIJOVX128F931B47F", "TRBVSQT128F427A82F", "TRTWTQH12903CEA899", "TRAEOHW128F42A52D9"], "metrics": {"P": 37, "TP": 1, "precision": 0.02, "recall": 0.02702702702702703, "f1": 0.022988505747126433, "average precision": 0.02702702702702703, "reciprocal rank": 0.0625}}