{"id": "b64cdd1a0bd907e5e00b39e345194768e330d652", "recommendations": ["TRJVBYA128F93434FD", "TRNUNTK128F428E2D4", "TRFPCZI128E078EC13", "TRIGWNQ128F92EB1C7", "TRHBQST128E07930CB", "TRWWGYN128E078470F", "TRLJVJC128F9302FC9", "TRUATNS128F423457D", "TRGGMCC128E078EB15", "TRIWSNC128F932FC8C", "TRVGHCP128F1469A87", "TRSTLSG128E078370C", "TRZFEOG128E078ECBE", "TRLUXWO128F14618D6", "TRRKISY128F428BC76", "TRLFTUY128F4294765", "TRJFFJI128F92E71E9", "TRCDWIU128F14A228D", "TRTNUBT128F42A4C8C", "TRULKPM128E078E167", "TRVXQSK128F148D3FF", "TREHOGG128F428DF46", "TRZOWZR128F427B5F2", "TRQWJKU128F14618D1", "TRWXMRO128F424DBF7", "TREJGVP128EF3436BE", "TRCIPFM128F425C8D3", "TRPFUKY128F9327C9D", "TRKWXAG128EF340672", "TRYFSJE128EF3622F9", "TRZAXFA128E0792826", "TRVULSX128F14824CD", "TROMXUF128EF35EE85", "TRKBVZL128F42134BA", "TRQNRBY128F145C0A7", "TRHOUXO128F425B34B", "TRYHLWO128F42BC675", "TRHNJTW128E0784786", "TRTONWC128F92DC338", "TRBGTPK128F429E5D5", "TRNIACV128F9301DC2", "TRREVPO128E078F5B1", "TRZVEHE128F92F3A75", "TRKGUFM128F429E58A", "TRTGSVG128E079281F", "TRDQJOA128E078FC70", "TRLXSNR128F429361D", "TRDXOZM128E0793855", "TREJPXI128F92E58AD", "TRPNBQU128F427AB21"], "metrics": {"P": 23, "TP": 2, "precision": 0.04, "recall": 0.08695652173913043, "f1": 0.0547945205479452, "average precision": 0.13043478260869565, "reciprocal rank": 0.1}}