{"id": "bab8d135cf88852063ed4a084dd24c783d7ff841", "recommendations": ["TRYDCVA128F4260325", "TRBYSJQ128F9309AA9", "TRICSWW128F428954C", "TRHFWED128F4289573", "TRQAFCZ128F42A52C8", "TRESMPW128F4281CC5", "TRRPRXH128F423F02F", "TRNARNI128F934B90A", "TRBHQZM128F42A52D2", "TRMVEUX128F423ECE9", "TRODQGV128F425FD7E", "TRVABTY128E07860FB", "TRTZMTH12903C9DA53", "TRVVOMR12903CD20E1", "TRNZVBG128F930962E", "TRFLNKX128F9339775", "TRQFMIO128F9310D4F", "TRJXFXI128F9310DA3", "TRHIZWH128F4243B2A", "TRTUUFH128F932EDD1", "TREMERW128F429EA31", "TRFHEOU128E078E092", "TRSWJHK128F429EA6F", "TRIDUTO128F92DE1A5", "TRGWEMB128F92C3BAB", "TRSASLP128F935A666", "TRXHYNW128E078EDF9", "TRFRBUP128F4294A15", "TRPFBQH128F92E7CD5", "TRCVVIE128F93131C7", "TRHMSOG128F145A184", "TROBYTB128F422975C", "TREROBL128C719697E", "TRAEOHW128F42A52D9", "TROPMEE128F4247FCB", "TRWFJOB128F4298317", "TRLZFMO128F4281C89", "TRTGBTJ128E0793EB2", "TRKGTGW128F9300EA3", "TRKDRZT128F427930E", "TRDZBOU128F92E43E3", "TRDRSKI128F9313031", "TRTLSEQ128F4284E62", "TRNPKRK128F429831C", "TRMFSXL128F428480E", "TRIZLKJ128F149564C", "TRVIQST128F4251D45", "TRYYFKC128E07984A5", "TRKSTEJ128F4281CC9", "TRHTQDK128F4294A1C"], "metrics": {"P": 14, "TP": 2, "precision": 0.04, "recall": 0.14285714285714285, "f1": 0.0625, "average precision": 0.21428571428571427, "reciprocal rank": 1.0}}