{"id": "baf47ed8da24d607e50d8684cde78b923538640f", "recommendations": ["TRQXTTC128F4264434", "TRAACIE128F428495B", "TRJHALL128F92C48B6", "TRINTFS12903CF7876", "TRDMVUZ128F1492745", "TRICRJU12903CC463E", "TROMXUF128EF35EE85", "TRXGWMG128E0792991", "TRNTALF128EF343800", "TRZVEHE128F92F3A75", "TRTGUWJ128F146EC54", "TRVCFUI128F92E1D42", "TRULNMQ128F92E1FDA", "TRNRJUN128F42AE2BC", "TRVGNYX128F93173C3", "TRYHLWO128F42BC675", "TRXNSHK128E078B710", "TRBYSQD128F424D87E", "TREJGVP128EF3436BE", "TRSEBCD128F4289D57", "TRDVUST128F4280D13", "TRVHRIT128E0782986", "TRKWXAG128EF340672", "TRKABMK128F426BF72", "TRADXNP128F92CA873", "TRDZBOU128F92E43E3", "TRLXSNR128F429361D", "TRFOKTF128F1477266", "TRDWBCU128F426C536", "TRQZPIE128F1455E47", "TRSCWIA128E0785B05", "TRNRFYE128F42BC67E", "TRXYLKX128F148988C", "TRQVCXZ128F4298756", "TRLUVSD128E07984A0", "TRHNXJT128F145A8B2", "TRQJALO128F423ECE8", "TRMHHPP128E0785853", "TRDKCEC128EF3427CF", "TRIHWXE128F145FF9A", "TRFLNKX128F9339775", "TRDSEJJ128F42947D5", "TRLGQLW128EF3453BA", "TRVKTHJ128F424D875", "TRFNDHN128F426BE40", "TRZKJFH128E0793EAC", "TRTQDER128F92DE72A", "TRBROFZ128E07917F6", "TRKEIZP12903D05324", "TRQPYHG128F4293089"], "metrics": {"P": 39, "TP": 1, "precision": 0.02, "recall": 0.02564102564102564, "f1": 0.022471910112359553, "average precision": 0.02564102564102564, "reciprocal rank": 0.023255813953488372}}