{"id": "bd8475385f0aa78830fa6dfce9e7242164b035c8", "recommendations": ["TRYVQUO128F145A173", "TRGUOYN128F428E3F1", "TRGWMVP128F42B53DE", "TRENDEU128F93112E1", "TRIDPWO128F423DBC6", "TRPNZPG128F149BCE8", "TRYZAMO128E079125F", "TRXPSPE128EF33FB50", "TRJREQL128F92EF09A", "TRNLXJM128F4289801", "TRDFGDH128F424BDD3", "TRDXLKN12903CE824C", "TRISZQR12903CB263D", "TRNBANL128F423ECE6", "TRPGEDB128F933CA96", "TRZUJFC128F92F3AA9", "TRQLRYB128E079506A", "TRALEYR128F932F38D", "TRGSPUQ128E0780DA5", "TRISILF128F92F029E", "TRKDBVR128F935A643", "TRYHLWO128F42BC675", "TRGXKFG128F934C184", "TRIGYDL12903D05328", "TRBMLFZ128F1475785", "TRTNBSL128F931C0D5", "TRYHLKG128F92FB330", "TRQHIIR128F145A190", "TRIWQAQ128F92D261D", "TRFLVUY12903CF5438", "TRXENFI128E078BDFD", "TRMJXVS12903CACEDC", "TRSLMMM128F930490F", "TRDCPMV128F424350F", "TRYWAHM128F14ADC9F", "TRILXCN128F92F41C6", "TRQZPIE128F1455E47", "TRYRFSW128F930490B", "TRQQBBL12903CFCDE4", "TRYKBSK128F429695B", "TRTQBSZ128F425A745", "TRURAHF128F426A3C4", "TRDNYWA128F42813F3", "TRDADBO128C7196C2E", "TREJKCZ128C7196DAD", "TRJHJSK128F427D882", "TRHBPMP128F1488D35", "TREAYWO128F93112F4", "TRMAEHV128F427ECE6", "TRFHPPK128F934C17A"], "metrics": {"P": 41, "TP": 4, "precision": 0.08, "recall": 0.0975609756097561, "f1": 0.08791208791208793, "average precision": 0.24390243902439027, "reciprocal rank": 0.058823529411764705}}