{"id": "be0a4b64e9689c46e94b5a9a9c7910ee61aeb16f", "recommendations": ["TRIRULV128F42BAE52", "TRWMFMK128F424EA34", "TRDVAWK128E07943D3", "TRURAHF128F426A3C4", "TRURTNZ128F9311AD3", "TRCOTZQ128F42AE3C0", "TRGUOYN128F428E3F1", "TRQDUQS128F428CD90", "TRQQLZD128F425E9BC", "TRRHHJQ128F42A5707", "TRAKNVD12903CFEB09", "TRZUJFC128F92F3AA9", "TRIGYDL12903D05328", "TRYZAMO128E079125F", "TRXPSPE128EF33FB50", "TRCAJOM128F1488559", "TRAHVXE128F9339BAD", "TRZBDJG128F42727D2", "TRXSWJL128F427EEFA", "TRWTJKJ128E078FC10", "TRUMXQQ128F932C290", "TRQXRRH128F1477261", "TRNNNLZ128F933BBBD", "TRKIRIG128E0791EB7", "TRQPYHG128F4293089", "TRTRPCL128F9310BA8", "TRISZQR12903CB263D", "TRPZATX128F930A220", "TRYHWLD128F426BF7D", "TRNBANL128F423ECE6", "TREMERW128F429EA31", "TRNHZQB128F428E8A3", "TRPGDSP128F931DD22", "TRGTCHK128F42870F8", "TRJLNNO128F149ACCE", "TRGSPUQ128E0780DA5", "TRISILF128F92F029E", "TRLDYHH128F42482B4", "TREAUJQ128F147CC73", "TRKDBVR128F935A643", "TRGWMVP128F42B53DE", "TRHZJBP128F92C3BC0", "TRJQRAP128F9314B3F", "TRWIFBN128F9308699", "TRALEYR128F932F38D", "TRTQBSZ128F425A745", "TRBZIWR128F92E58B8", "TRSEZDY128F1455E48", "TRSLMMM128F930490F", "TRGLEON12903D001F1"], "metrics": {"P": 41, "TP": 1, "precision": 0.02, "recall": 0.024390243902439025, "f1": 0.021978021978021983, "average precision": 0.024390243902439025, "reciprocal rank": 0.023255813953488372}}