{"id": "c24ec42f0e449ff39a95a01f0795f833b898f71b", "recommendations": ["TRAXBIJ128F147768B", "TRRNFHH128F92D262D", "TRPKXET128F92ED656", "TRIVMCG128F932105E", "TRILXCN128F92F41C6", "TRNWRAW12903CACB8D", "TRZLCXX128F92CC96D", "TRDFVAD128F426B366", "TRGRDUH128F42AE383", "TRONTHY128F4295577", "TRLSLJP128F145F988", "TRGGZPN128F42891DB", "TRYVQUO128F145A173", "TRKIRIG128E0791EB7", "TRSKTWO128F1462DE8", "TRQVORC128E07913D5", "TRTHNWV128F427C6C0", "TRNIIFM128E078E1CD", "TRRHHJQ128F42A5707", "TROQAXL128F429F87F", "TRQTFUV128F426BFC7", "TRVUBFM128E0792688", "TRHQICJ128F427B6B5", "TRQDUQS128F428CD90", "TRCETGK12903CD83AA", "TRFWGOJ128E0780C8B", "TRZUUKG128F145F98A", "TRASQGR128F14557AA", "TRRISZC128F147128C", "TRLVTYG128F145F98C", "TRIVSTV12903CAE6BE", "TRGUJRG128E079290A", "TRDWBCU128F426C536", "TRLDYLL128F42555DD", "TRXGWZE128F429DB94", "TRNNNLZ128F933BBBD", "TREVDQG128F9324474", "TRPGDSP128F931DD22", "TRVKTHJ128F424D875", "TRTONWC128F92DC338", "TRYDUVL128F429875C", "TRFCWVP12903CDBF19", "TRIHLES128EF344BF3", "TRTXSNK128F14989DB", "TRGWMVP128F42B53DE", "TRDQWDZ128F933BBBF", "TRTAQVQ128F427B9A5", "TRVENIG128F42762C5", "TRZBDJG128F42727D2", "TRYYFKC128E07984A5"], "metrics": {"P": 38, "TP": 2, "precision": 0.04, "recall": 0.05263157894736842, "f1": 0.04545454545454545, "average precision": 0.07894736842105263, "reciprocal rank": 0.5}}