{"id": "c2d86e9cbf756ce05ea3c163e24de394585b7c53", "recommendations": ["TRZUUKG128F145F98A", "TRQRACN12903C9CE1D", "TRXXXOO128F92F51FB", "TRLSLJP128F145F988", "TRGUJRG128E079290A", "TRVKTHJ128F424D875", "TRLVTYG128F145F98C", "TRAGOTA128F92F92C2", "TRYCNEZ128F427B8D4", "TRDFGDH128F424BDD3", "TRYRFSW128F930490B", "TRONTHY128F4295577", "TRBYSQD128F424D87E", "TRCBOQX128F14676AA", "TRELTXS128F1477265", "TRIVMCG128F932105E", "TRUWYFM128F423F000", "TRYHLKG128F92FB330", "TRDYUQO128F4275193", "TRZDYGB128F9310C23", "TRMFCNV128F92E8B76", "TRFDGFW128F4286BFF", "TRQIMLL128F42A04F4", "TRNIIFM128E078E1CD", "TRLNBPN128F92F6FCC", "TRGNOFL128EF34E4D5", "TRDQAWQ128F93379DF", "TRXNRKG128F425A4B8", "TRTPHVB128F426E044", "TRKHARN128F146DA7A", "TRMVHHY128F935046D", "TRVVTWQ128E078F1B7", "TRAEGEA128F1486047", "TRIWQAQ128F92D261D", "TRYZYOZ128F426ADA5", "TRXSWJL128F427EEFA", "TRTRPCL128F9310BA8", "TRWJDTI128F424EAD6", "TRRIYRR128F427E090", "TRAWHNK128F4267933", "TRUMXQQ128F932C290", "TRFDWTF128F42739A0", "TRODMLN128F4221247", "TRDFVAD128F426B366", "TRDNRPM12903CFC916", "TRJCSLS128F1470ACF", "TRRAOYS128F9326C07", "TRPNZPG128F149BCE8", "TRBZVBW128F1470ACB", "TRNBANL128F423ECE6"], "metrics": {"P": 9, "TP": 2, "precision": 0.04, "recall": 0.2222222222222222, "f1": 0.06779661016949154, "average precision": 0.3333333333333333, "reciprocal rank": 0.05}}