{"id": "c6c57f27fed3cf897daa4f830a0e2a17e65ba77d", "recommendations": ["TREJKCZ128C7196DAD", "TRRQDKP128F4262F4B", "TREAYWO128F93112F4", "TRENQYP128F14722FD", "TRHMSOG128F145A184", "TRYJSDC128EF34B5C8", "TRHVSIB128F1485EC2", "TRTUUFH128F932EDD1", "TRNIIFM128E078E1CD", "TRVSPZH128F932133E", "TRPNASU128E078B702", "TRZUUKG128F145F98A", "TRSHIDL128F42255EC", "TRISILF128F92F029E", "TRKKSRH128F426473F", "TRBHQZM128F42A52D2", "TRBXJVN128F9309484", "TRJIIBZ128F148D69A", "TRLAPOU12903CE8278", "TRNBANL128F423ECE6", "TRKSTEJ128F4281CC9", "TRQDTSP128F92EFEB1", "TROJORG128F1488D3A", "TRWQWEU128F14789F0", "TRRCXOZ128F92D25F7", "TRLNBPN128F92F6FCC", "TRVRIBZ128F426BF71", "TRLVTYG128F145F98C", "TRUSIMU128EF3436C8", "TRJQAEN128F92E0589", "TRMPCGW128F92E0670", "TRLSLJP128F145F988", "TRZRKRE128F42905B1", "TRUGJUA128F931117C", "TRIGIPE128E078EC89", "TRMXLMR128F425B9B1", "TRGUOYN128F428E3F1", "TRIHLES128EF344BF3", "TRJYNEJ128F427EE2A", "TRLPAKN128F427CA2B", "TRWARXP128F42B44AE", "TRQCTJY128F931117E", "TRJQKHX128F932EDCA", "TRJSZZG128F931B3DD", "TRFQUXQ128F1488D32", "TRXPSPE128EF33FB50", "TRIAOVI128F425A16D", "TRSCNGW12903CE91EB", "TRYKBSK128F429695B", "TRWKQXH128F92D264E"], "metrics": {"P": 21, "TP": 2, "precision": 0.04, "recall": 0.09523809523809523, "f1": 0.056338028169014086, "average precision": 0.14285714285714285, "reciprocal rank": 0.5}}