{"id": "cc62e608a1a21353e1673817973235cde4116bad", "recommendations": ["TRHEIAI128F92C2E28", "TRDWBCU128F426C536", "TRDYSLC128F428AB78", "TRDRTVY128F93452BC", "TRBQIKR128F148BE55", "TRVXQSK128F148D3FF", "TRZARMV128F428E8A7", "TRASQGR128F14557AA", "TRWKQXH128F92D264E", "TRGSPUQ128E0780DA5", "TRDXOZM128E0793855", "TRMVEUX128F423ECE9", "TRHQICJ128F427B6B5", "TRUGJUA128F931117C", "TRICRJU12903CC463E", "TRKIRIG128E0791EB7", "TRXNSHK128E078B710", "TRBGTPK128F429E5D5", "TRXGWZE128F429DB94", "TRQVCXZ128F4298756", "TRNARNI128F934B90A", "TRTXSNK128F14989DB", "TRLDYLL128F42555DD", "TRZBDJG128F42727D2", "TRNBANL128F423ECE6", "TRYZAMO128E079125F", "TRJLNNO128F149ACCE", "TRVRKIS12903D07703", "TRNTALF128EF343800", "TRCIPFM128F425C8D3", "TRJZZTW128F426621D", "TRVGHNF128F42B83FB", "TRQWJKU128F14618D1", "TRSTLSG128E078370C", "TRWRJHE128F424D865", "TRIWDKR128F429D9EE", "TRWIOMZ128F93111BF", "TRIHLES128EF344BF3", "TRQAOXR12903C9AA36", "TRGGZPN128F42891DB", "TRJDKLG128E0792558", "TRPKXET128F92ED656", "TRYYFKC128E07984A5", "TRTGSVG128E079281F", "TRPFFIA128F92E8B63", "TRFWGOJ128E0780C8B", "TRVABTY128E07860FB", "TRULNMQ128F92E1FDA", "TRTGUWJ128F146EC54", "TRZUJFC128F92F3AA9"], "metrics": {"P": 47, "TP": 4, "precision": 0.08, "recall": 0.0851063829787234, "f1": 0.08247422680412371, "average precision": 0.21276595744680848, "reciprocal rank": 0.2}}