{"id": "d3284cec0f3d1f36f44e73c0e834d657ca39b61a", "recommendations": ["TRNBANL128F423ECE6", "TRLPAKN128F427CA2B", "TRJQAEN128F92E0589", "TRQQBBL12903CFCDE4", "TRVBDKL12903D0DE8E", "TRXKYSS128F92D2624", "TRLZFMO128F4281C89", "TRGSPUQ128E0780DA5", "TRUSIMU128EF3436C8", "TRYZAMO128E079125F", "TRSXDNB128F42142E5", "TRTWTQH12903CEA899", "TRVIQST128F4251D45", "TRKGTGW128F9300EA3", "TRJIPSX128F423ECE5", "TRSHYNG128F423BED3", "TRBFKOV128F426DDF1", "TRXPSPE128EF33FB50", "TRWKQXH128F92D264E", "TRAEZNW12903CF04CC", "TRPLZBW128F14A561E", "TRSCNGW12903CE91EB", "TRIAOVI128F425A16D", "TRJYNEJ128F427EE2A", "TRRCXOZ128F92D25F7", "TRICRJU12903CC463E", "TRCRJHK128F423DBC9", "TREPUVB128F423ECEA", "TRYLPXE128F92F455F", "TRMAZHI12903D0E5C8", "TRKDRZT128F427930E", "TRISILF128F92F029E", "TRRQKRU128F42634C7", "TRQXKXL128F426E03E", "TRGUOYN128F428E3F1", "TRKBJPL12903CED195", "TRFHEOU128E078E092", "TRHQKZL128E0781A2C", "TRVSPZH128F932133E", "TRBIVUY128F148724E", "TRQJALO128F423ECE8", "TREAYWO128F93112F4", "TRQAFCZ128F42A52C8", "TRBROFZ128E07917F6", "TRQIPME12903CFDBB6", "TRHTQDK128F4294A1C", "TRWYIOX128F9311181", "TRJHIKI128F42539D8", "TRIGIPE128E078EC89", "TRGOUNV128F4281928"], "metrics": {"P": 19, "TP": 1, "precision": 0.02, "recall": 0.05263157894736842, "f1": 0.028985507246376812, "average precision": 0.05263157894736842, "reciprocal rank": 0.05}}