{"id": "de4b6bc067e53e24a479ce0672a11af971c31c08", "recommendations": ["TREVRAJ128F42819AD", "TRDWQHL128F147BD31", "TRHMSOG128F145A184", "TRJWNBW12903D00993", "TRVIQST128F4251D45", "TRKDBVR128F935A643", "TRYZAMO128E079125F", "TRQIPME12903CFDBB6", "TRVXQSK128F148D3FF", "TRQUVZA12903CF5F0D", "TRBGTPK128F429E5D5", "TRWFFFY128F14B0EBE", "TRNWRTV128F9319822", "TRCSHVD128F426C67A", "TRFTEJK12903CDB30A", "TRQAANI128F42A7D55", "TRKBLIH128F145959C", "TRCXIGZ128E07816E0", "TRQAFCZ128F42A52C8", "TRJSZZG128F931B3DD", "TRSUNLB128E078180C", "TRYTKPJ12903CE137C", "TRVGDUD128F146C84C", "TRLATHU128F92FC275", "TRPOMAV128F92CA91A", "TRIWDKR128F429D9EE", "TRJIPSX128F423ECE5", "TRGUOYN128F428E3F1", "TRLEVVI128F427F174", "TRYFSJE128EF3622F9", "TRFOKTF128F1477266", "TRFBFJE12903CB5057", "TRLLQUC128F932A35B", "TRUKLEK128F145AD15", "TRDMVUZ128F1492745", "TRNDBSR128E0792511", "TRRGTXK128F92F991B", "TRNBANL128F423ECE6", "TRSXDNB128F42142E5", "TRGSPUQ128E0780DA5", "TREUABA128F4263019", "TRLQKZS128F4247F58", "TRYFHNG128F1466477", "TRLZFMO128F4281C89", "TRCIOVJ128F429EB51", "TRJQAEN128F92E0589", "TRVYYDA128F93501B9", "TRZAXFA128E0792826", "TRMPCGW128F92E0670", "TRYHWLD128F426BF7D"], "metrics": {"P": 15, "TP": 2, "precision": 0.04, "recall": 0.13333333333333333, "f1": 0.061538461538461535, "average precision": 0.2, "reciprocal rank": 1.0}}