{"id": "e4c05157f8cebdf3b9d689c441ba97c5ed5db05b", "recommendations": ["TRVABTY128E07860FB", "TRZRKRE128F42905B1", "TRBYSJQ128F9309AA9", "TREROBL128C719697E", "TRNDWLI128EF340671", "TRUGJUA128F931117C", "TRLPAKN128F427CA2B", "TRNARNI128F934B90A", "TRVUBFM128E0792688", "TRNTALF128EF343800", "TREJKCZ128C7196DAD", "TRQCTJY128F931117E", "TRRQKRU128F42634C7", "TRHFWED128F4289573", "TRZLCXX128F92CC96D", "TRLXSNR128F429361D", "TRNIIFM128E078E1CD", "TRINTFS12903CF7876", "TRYBKPF128F93102B9", "TRMVEUX128F423ECE9", "TRSWJHK128F429EA6F", "TRICRJU12903CC463E", "TRIHLES128EF344BF3", "TRXFXLQ128F421427D", "TRFLNKX128F9339775", "TRJHSKL128F92E4EC7", "TRWQWEU128F14789F0", "TRSASLP128F935A666", "TRDZBOU128F92E43E3", "TRLDYLL128F42555DD", "TRESMPW128F4281CC5", "TRSHYNG128F423BED3", "TRXKYSS128F92D2624", "TRAMXGR128E07822CC", "TROBYTB128F422975C", "TRFHEOU128E078E092", "TRXAOPL128F42922A3", "TRDDHZS128E07893AB", "TRXGWZE128F429DB94", "TRPNASU128E078B702", "TROOXQV128F932B6EF", "TRYHLWO128F42BC675", "TRBNNIL128E079268E", "TRRMRGL128EF344BF4", "TRHQICJ128F427B6B5", "TRJYNEJ128F427EE2A", "TRFDGFW128F4286BFF", "TRYYFKC128E07984A5", "TRFLVUY12903CF5438", "TRSCMBY128F9311188"], "metrics": {"P": 21, "TP": 2, "precision": 0.04, "recall": 0.09523809523809523, "f1": 0.056338028169014086, "average precision": 0.14285714285714285, "reciprocal rank": 1.0}}