{"id": "e6fbcdd689ac0e85992536933f1f86503310447f", "recommendations": ["TRLFTUY128F4294765", "TRLJVJC128F9302FC9", "TRIWSNC128F932FC8C", "TRRKISY128F428BC76", "TRLUXWO128F14618D6", "TRTONWC128F92DC338", "TRQFMIO128F9310D4F", "TRIGWNQ128F92EB1C7", "TRTNUBT128F42A4C8C", "TRJVBYA128F93434FD", "TRFPCZI128E078EC13", "TRWWGYN128E078470F", "TRDZBOU128F92E43E3", "TRDXOZM128E0793855", "TRHBQST128E07930CB", "TRVQXJW128F93432EB", "TRQWJKU128F14618D1", "TROYMTB128F4260720", "TRVXQSK128F148D3FF", "TRJFFJI128F92E71E9", "TRQNRBY128F145C0A7", "TRBGTPK128F429E5D5", "TRVGHCP128F1469A87", "TRQVSRM128F4247F61", "TRKBVZL128F42134BA", "TRNWRTV128F9319822", "TRREVPO128E078F5B1", "TRVULSX128F14824CD", "TRSTLSG128E078370C", "TRKLEXC128F92F4B86", "TRBYDXB128F425A68E", "TRZAXFA128E0792826", "TRUZVUE128F42415EE", "TRILDNT128F1451F15", "TREHOGG128F428DF46", "TRMHQMH128F423EB56", "TRPMCDL128F147F5C0", "TRIWDKR128F429D9EE", "TRCIPFM128F425C8D3", "TRDFNWO128F92DFBA5", "TRPFUKY128F9327C9D", "TRKGUFM128F429E58A", "TRYFSJE128EF3622F9", "TRCOOYB128E078ED95", "TRGGMCC128E078EB15", "TRVOZWL12903CD6081", "TRRPRXH128F423F02F", "TRPLWSA128F92D555C", "TRKGBHK128F93271AC", "TRALMTD128E07862AC"], "metrics": {"P": 18, "TP": 1, "precision": 0.02, "recall": 0.05555555555555555, "f1": 0.029411764705882353, "average precision": 0.05555555555555555, "reciprocal rank": 0.038461538461538464}}