{"id": "e859ed1b50bc1fd3a0fe3979bec8a633dfbfe344", "recommendations": ["TRLJVJC128F9302FC9", "TRXKDUR128F4265A59", "TRCQLYE128F428BEB9", "TROVWRV128F14B12C7", "TRKXYWE128F4286516", "TRFPCZI128E078EC13", "TRLUXWO128F14618D6", "TRIHZJH128F4262F4A", "TRIWSNC128F932FC8C", "TRJSTRA12903CCA6E9", "TRSCUBC128E0782224", "TREHOGG128F428DF46", "TRWWGYN128E078470F", "TRNUNTK128F428E2D4", "TRMXLMR128F425B9B1", "TRUATNS128F423457D", "TRSAEFL128E078B035", "TRHOUXO128F425B34B", "TRZFEOG128E078ECBE", "TRGGMCC128E078EB15", "TRDRTVY128F93452BC", "TRWNGMD128F4292425", "TRDYUQO128F4275193", "TRLFTUY128F4294765", "TRILGUV128F428A4C5", "TRODUJY128F428A4A1", "TRDFVAD128F426B366", "TRHBJZF128F1481A63", "TRSTLSG128E078370C", "TRWKVRK128F9345DAC", "TRHCNQW128F149626E", "TRJEJOJ12903CAA2B2", "TRJVBYA128F93434FD", "TRJDBTK128F428A4B3", "TRUJZGS128F428B0A5", "TRWYZIF128F145F85F", "TRPFUKY128F9327C9D", "TREBWYU12903CCDAA8", "TRTNUBT128F42A4C8C", "TREJGVP128EF3436BE", "TRHBQST128E07930CB", "TRNWRAW12903CACB8D", "TRAVVMB128F148D1C1", "TRRKISY128F428BC76", "TRQWJKU128F14618D1", "TRWORBU128F428C6CF", "TRYIVTN128F4286515", "TRTONWC128F92DC338", "TRKYGZA128F42365DC", "TRPKRXW128F426257C"], "metrics": {"P": 15, "TP": 2, "precision": 0.04, "recall": 0.13333333333333333, "f1": 0.061538461538461535, "average precision": 0.2, "reciprocal rank": 0.045454545454545456}}