{"id": "e9b86ca8cd62f072419112174f1a9427dd40aed7", "recommendations": ["TRTUVRE128F422BC73", "TRHPDXR128F4298C6D", "TRRJOIB128F1462DED", "TRGRDUH128F42AE383", "TRQISHK128F425550E", "TRYEIDS12903CA2821", "TRZDMLR128F42854CB", "TRCUXDM128F425550B", "TRXVUTW128F1462DF0", "TRSKTWO128F1462DE8", "TRYLITA128F429BC02", "TRIJOVX128F931B47F", "TRJDUIU12903CE9200", "TRDFNWO128F92DFBA5", "TRXKYSS128F92D2624", "TRJIPSX128F423ECE5", "TRIKVNZ128F422CFE0", "TRTESAU128F1462DE9", "TRDMVUZ128F1492745", "TRVAGQR128E0792479", "TRPWEBU128F422B917", "TRICRJU12903CC463E", "TRHDEWE128F92FDBBA", "TRYJSDC128EF34B5C8", "TRDGCTE128E0789C07", "TRRQKRU128F42634C7", "TRIVSTV12903CAE6BE", "TRKEIZP12903D05324", "TRWQWEU128F14789F0", "TRMVHHY128F935046D", "TRMPCGW128F92E0670", "TRVGNYX128F93173C3", "TRQJALO128F423ECE8", "TRFWGOY128F148B015", "TRVUBFM128E0792688", "TRSXDNB128F42142E5", "TRXWWGB128F422B918", "TRLPAKN128F427CA2B", "TROJORG128F1488D3A", "TRNIIFM128E078E1CD", "TRBYSJQ128F9309AA9", "TRJREQL128F92EF09A", "TREAYWO128F93112F4", "TRRIYRR128F427E090", "TRLSLJP128F145F988", "TRQTFUV128F426BFC7", "TRBWBYD128E078E2E6", "TRKSTEJ128F4281CC9", "TRINTFS12903CF7876", "TRRXLGC128F92F9A37"], "metrics": {"P": 33, "TP": 12, "precision": 0.24, "recall": 0.36363636363636365, "f1": 0.2891566265060241, "average precision": 2.3636363636363638, "reciprocal rank": 1.0}}