{"id": "eb1ad31d040406c6428c5f4420b0bc709b1c5350", "recommendations": ["TRZUCIS128F92F91B9", "TRNIIFM128E078E1CD", "TRZKJFH128E0793EAC", "TRVUBFM128E0792688", "TRINNKH128F424BDD0", "TRSGNMZ128F92F8FD0", "TRKHARN128F146DA7A", "TRBNNIL128E079268E", "TRSBDSN128F92F91BE", "TRJMHJZ128F4290063", "TREVUBW128F92F91B2", "TRZVXWG128F9366EAC", "TRAEGEA128F1486047", "TRQXTTC128F4264434", "TRKEICN12903CE499C", "TRFDGFW128F4286BFF", "TRFDWTF128F42739A0", "TRHJLEY128F1493564", "TRGUJRG128E079290A", "TRULNMQ128F92E1FDA", "TRDFNWO128F92DFBA5", "TRJCSLS128F1470ACF", "TRVKTHJ128F424D875", "TRGGONE128F42B6FF9", "TRWMFMK128F424EA34", "TRWJYOT128F935572B", "TRDQAWQ128F93379DF", "TRURTNZ128F9311AD3", "TRUOCWY128F427B6F5", "TRQQLZD128F425E9BC", "TRIVMCG128F932105E", "TRRHHJQ128F42A5707", "TRDFGDH128F424BDD3", "TRYRFSW128F930490B", "TRDADBO128C7196C2E", "TRCOOYB128E078ED95", "TRYHLKG128F92FB330", "TRLCSDN128F426BD3D", "TRHOURR128F14A2E26", "TRPUFEY128F4250A32", "TRLSLJP128F145F988", "TRKIRIG128E0791EB7", "TRTGBTJ128E0793EB2", "TROIXIC128F427B6F6", "TRVRKIS12903D07703", "TROOXQV128F932B6EF", "TRVDHXR128E0782B63", "TRVAGQR128E0792479", "TRMVEUX128F423ECE9", "TRUWYFM128F423F000"], "metrics": {"P": 27, "TP": 3, "precision": 0.06, "recall": 0.1111111111111111, "f1": 0.07792207792207792, "average precision": 0.2222222222222222, "reciprocal rank": 1.0}}