{"id": "ec0bb33707cdc61a6999b41585a0e1f39d0ae6d3", "recommendations": ["TRIWSNC128F932FC8C", "TRDFGDH128F424BDD3", "TRDADBO128C7196C2E", "TRPFUKY128F9327C9D", "TRWWGYN128E078470F", "TRLDIGW128F93269F8", "TRYHLKG128F92FB330", "TRYRFSW128F930490B", "TRLJVJC128F9302FC9", "TRSLMMM128F930490F", "TRHOUXO128F425B34B", "TRSZWSB128F145C13F", "TRFBFJE12903CB5057", "TRPOMAV128F92CA91A", "TREHOGG128F428DF46", "TRDCPMV128F424350F", "TRSDFTB128F93084D2", "TRXSWJL128F427EEFA", "TRJSTRA12903CCA6E9", "TRGGONE128F42B6FF9", "TRKRJTO128F934259F", "TRPFQLJ128F425DC0A", "TRQNRBY128F145C0A7", "TRFPCZI128E078EC13", "TRBMLFZ128F1475785", "TRVXQSK128F148D3FF", "TRULKPM128E078E167", "TRKJMNS128F423EEA2", "TRJFFJI128F92E71E9", "TRQLRYB128E079506A", "TRTONWC128F92DC338", "TRYIODD128F14617DA", "TRAGOTA128F92F92C2", "TRGWMVP128F42B53DE", "TRYZYOZ128F426ADA5", "TRUATNS128F423457D", "TRTNUBT128F42A4C8C", "TRSTLSG128E078370C", "TRQXRRH128F1477261", "TRREVPO128E078F5B1", "TRSGNMZ128F92F8FD0", "TRIJPPY128E078F7CC", "TRCIPFM128F425C8D3", "TRAKNVD12903CFEB09", "TRPNZPG128F149BCE8", "TRQWJKU128F14618D1", "TRVULSX128F14824CD", "TRNUNTK128F428E2D4", "TRWXMRO128F424DBF7", "TRGGMCC128E078EB15"], "metrics": {"P": 34, "TP": 2, "precision": 0.04, "recall": 0.058823529411764705, "f1": 0.04761904761904763, "average precision": 0.08823529411764705, "reciprocal rank": 0.07142857142857142}}