{"id": "edc4e3b50cb4f23282a157edc7ca7cf09afcc093", "recommendations": ["TROMXUF128EF35EE85", "TRICRJU12903CC463E", "TRLDYLL128F42555DD", "TRNRJUN128F42AE2BC", "TRNTALF128EF343800", "TRBYSJQ128F9309AA9", "TRMFSXL128F428480E", "TRTXSNK128F14989DB", "TRZJNDO128EF343498", "TROXEOE128F427D32B", "TRSEBCD128F4289D57", "TRYHLWO128F42BC675", "TRDVUST128F4280D13", "TRDWBCU128F426C536", "TRXAOPL128F42922A3", "TRZYWCD128F425C7FD", "TRADXNP128F92CA873", "TRUOCWY128F427B6F5", "TRMPCGW128F92E0670", "TRPNZPG128F149BCE8", "TRTQDER128F92DE72A", "TRBYDXB128F425A68E", "TRYVQUO128F145A173", "TRTFTZF128F429C835", "TRJCSLS128F1470ACF", "TRPMCDL128F147F5C0", "TRYYFKC128E07984A5", "TRMVEUX128F423ECE9", "TRXGWZE128F429DB94", "TRXKYSS128F92D2624", "TRSHYNG128F423BED3", "TRVCFUI128F92E1D42", "TRFDWTF128F42739A0", "TRARLCN128F92D7218", "TRIWQAQ128F92D261D", "TRWJYOT128F935572B", "TRDLWOO128F932E729", "TRENDEU128F93112E1", "TRKEIZP12903D05324", "TROJORG128F1488D3A", "TRHQICJ128F427B6B5", "TRJYNEJ128F427EE2A", "TRTHGPK128F147DF90", "TRNDWLI128EF340671", "TRFLVUY12903CF5438", "TRFLNKX128F9339775", "TRLXSNR128F429361D", "TRIJOVX128F931B47F", "TRXENFI128E078BDFD", "TRULNMQ128F92E1FDA"], "metrics": {"P": 45, "TP": 4, "precision": 0.08, "recall": 0.08888888888888889, "f1": 0.08421052631578947, "average precision": 0.2222222222222222, "reciprocal rank": 0.09090909090909091}}