{"id": "f927dddfe26b0c74ada3eaadca41bfb462c37ee4", "recommendations": ["TRNWRTV128F9319822", "TRDYYDZ128F93353F7", "TRQWJKU128F14618D1", "TRQUYPL128E0796508", "TRWWGYN128E078470F", "TRIZGPC128F1488B71", "TRYFSJE128EF3622F9", "TRTGSVG128E079281F", "TRJFFJI128F92E71E9", "TRIWDKR128F429D9EE", "TRMWNLK12903D00F03", "TRZPAPV128F427E8D2", "TRBGTPK128F429E5D5", "TRFFZQK128F92EAD03", "TRHTQFK128F427BBAA", "TRQEQHH12903CA6CE5", "TRCIOFB128F9321D3E", "TRXNRKG128F425A4B8", "TRWRJHE128F424D865", "TRVGHCP128F1469A87", "TRHCOPF128F145F6A7", "TROYMTB128F4260720", "TRSZSTM128F428748C", "TRHOMAF128F42607D4", "TRTONWC128F92DC338", "TRVXQSK128F148D3FF", "TRUHIHJ128F424F5BC", "TRZFEOG128E078ECBE", "TRZYGSG128F9310CDB", "TRJEJOJ12903CAA2B2", "TRQAUIE128F14531EB", "TRCZPQW128F429BBE8", "TRKIRIG128E0791EB7", "TRIWSNC128F932FC8C", "TRBQANA128F14AE2CF", "TRLJVJC128F9302FC9", "TRTNUBT128F42A4C8C", "TRSTLSG128E078370C", "TRVHRNY128F424DFCF", "TRZAXFA128E0792826", "TREELGP128F428748B", "TRDXOZM128E0793855", "TRJSZZG128F931B3DD", "TRSYPMO128E078D766", "TRFPCZI128E078EC13", "TRHOUXO128F425B34B", "TRXZIMW128F92DE236", "TRCIPFM128F425C8D3", "TREQUWM128F1477E8F", "TRLQXVU128F934CF2D"], "metrics": {"P": 56, "TP": 5, "precision": 0.1, "recall": 0.08928571428571429, "f1": 0.09433962264150945, "average precision": 0.26785714285714285, "reciprocal rank": 0.08333333333333333}}