{"id": "fe76c9d535c5834e4a9b91c13e29be6460cb79c4", "recommendations": ["TRQXTTC128F4264434", "TRVCFUI128F92E1D42", "TRZBDJG128F42727D2", "TRURTNZ128F9311AD3", "TRULNMQ128F92E1FDA", "TRXSWJL128F427EEFA", "TRSPLHG128F4299E23", "TRNRJUN128F42AE2BC", "TRZVXWG128F9366EAC", "TRLXSNR128F429361D", "TRVKTHJ128F424D875", "TRNTALF128EF343800", "TRJIIBZ128F148D69A", "TRBQIKR128F148BE55", "TRNIIFM128E078E1CD", "TRNHZQB128F428E8A3", "TRDQAWQ128F93379DF", "TRQRACN12903C9CE1D", "TRJZZTW128F426621D", "TRSLMMM128F930490F", "TRGDEII128F4299E32", "TRDVUST128F4280D13", "TRGUJRG128E079290A", "TRZKJFH128E0793EAC", "TRQAFCZ128F42A52C8", "TRRXLGC128F92F9A37", "TRYHWLD128F426BF7D", "TRTRPCL128F9310BA8", "TRTHGPK128F147DF90", "TRPKXET128F92ED656", "TRJCSLS128F1470ACF", "TRFDGFW128F4286BFF", "TRLSLJP128F145F988", "TRHEIAI128F92C2E28", "TRAEZNW12903CF04CC", "TRZARMV128F428E8A7", "TRWQWEU128F14789F0", "TRRNFHH128F92D262D", "TRONTHY128F4295577", "TRYHLWO128F42BC675", "TRQQLZD128F425E9BC", "TRGTIIJ128F424DA28", "TRAACIE128F428495B", "TRWGYLJ128F92CC96A", "TRBWBYD128E078E2E6", "TRAEOHW128F42A52D9", "TREROBL128C719697E", "TRDFNWO128F92DFBA5", "TRKIRIG128E0791EB7", "TREXNVY128F92DE1E9"], "metrics": {"P": 36, "TP": 2, "precision": 0.04, "recall": 0.05555555555555555, "f1": 0.046511627906976744, "average precision": 0.08333333333333333, "reciprocal rank": 0.1}}