{"fbed": {"Mean Precision": 0.015000000000000006, "Mean Recall": 0.025708597911816865, "Mean F1": 0.017878946784357627, "MAP": 0.033887645203427415, "MRR": 0.04139785971076559}, "fbcs": {"Mean Precision": 0.016000000000000007, "Mean Recall": 0.02623109096700369, "Mean F1": 0.018869353168820744, "MAP": 0.03722059771754846, "MRR": 0.05439744305856646}, "ptt": {"Mean Precision": 0.050399999999999966, "Mean Recall": 0.09144399352385496, "Mean F1": 0.060522953151281464, "MAP": 0.2685118136855129, "MRR": 0.16167419130129546}, "ptped": {"Mean Precision": 0.05699999999999995, "Mean Recall": 0.11259469971249578, "Mean F1": 0.07114251293475032, "MAP": 0.31488051054103106, "MRR": 0.284137714721357}, "ptpcs": {"Mean Precision": 0.06639999999999996, "Mean Recall": 0.12762407620913074, "Mean F1": 0.08236481634154995, "MAP": 0.4136564828231327, "MRR": 0.30605822822727285}, "random": {"Mean Precision": 0.013600000000000008, "Mean Recall": 0.024829467698511083, "Mean F1": 0.01634925866338026, "MAP": 0.030870797950128866, "MRR": 0.062228003581779004}}